<!DOCTYPE frameset SYSTEM "frameset.dtd">
<frameset>
  <predicate lemma="1500">
    <roleset id="1500.01" name="consisting of a quantity of 1500">
      <aliases>
        <alias framenet="" pos="j" verbnet="">1500</alias>
      </aliases>
      <note>1500-J NOTES: Added automatically by Julia. (from 1500.01-j)</note>
      <roles>
        <role descr="thing that is 1500" f="ppt" n="1"/>
      </roles>
      <example name="" src="" type="">
        <text>What I have seen in the media is over 3000 refugees in the northern part of the Cameroon. But when we asked the authorities there, we were told they are 1,500 and the UN Refugee Commission is taking care of them.</text>
        <arg f="" n="1">they</arg>
        <rel f="">1500</rel>
      </example>
    </roleset>
  </predicate>
</frameset>
