<!DOCTYPE frameset SYSTEM "frameset.dtd">
<frameset>
  <predicate lemma="300">
    <roleset id="300.01" name="consisting of a quantity of 300">
      <aliases>
        <alias framenet="" pos="j" verbnet="">300</alias>
      </aliases>
      
      <roles>
        <role descr="thing that is 300" f="ppt" n="1"/>
      </roles>
      <example name="" src="" type="">
        <text>I looked at starting ages and realized that a Wookie is not considered an "Adult" until they are 300</text>
        <arg f="" n="1">they</arg>
        <rel f="">300</rel>
      </example>
    
<note>300-J NOTES: Added automatically by Julia. (from 300.01-j)</note>
</roleset>
  </predicate>
</frameset>
