<!DOCTYPE frameset SYSTEM "frameset.dtd">
<frameset>
  <predicate lemma="aa">
    <roleset id="aa.01" name="awake and alert">
      <aliases>
        <alias framenet="" pos="j" verbnet="">aa</alias>
      </aliases>
      <note>AA-J NOTES: Added by Julia based on SHARP. Relates to 'awake.01' and 'alert.01'. (from aa.01-j)</note>
      <roles>
        <role descr="awake/alert entity" f="pag" n="0"/>
      </roles>
      <example name="arg0" src="SHARP" type="">
        <inflection aspect="ns" form="ns" person="ns" tense="ns" voice="ns"/>
        <text>*PRO* AA + O x 3 .</text>
        <arg f="" n="0">*PRO*</arg>
        <rel f="">AA</rel>
      </example>
    </roleset>
  </predicate>
</frameset>
