<!DOCTYPE frameset SYSTEM "frameset.dtd">
<frameset>
  <predicate lemma="aao">
    <roleset id="aao.01" name="awake, alert and oriented (part of a neuro exam)">
      <aliases>
        <alias framenet="" pos="j" verbnet="">aao</alias>
      </aliases>
      <note>AAO-J NOTES: Added by Julia based on SHARP. Relation to aa.01. (from aao.01-j)</note>
      <roles>
        <role descr="awake, alert, and oriented person" f="pag" n="0"/>
        <role descr="oriented to (some number out of 3, usually &quot;x3&quot; or such)" f="ppt" n="1"/>
      </roles>
      <example name="both args" src="sharp" type="">
        <inflection aspect="ns" form="ns" person="ns" tense="ns" voice="ns"/>
        <text>*PRO* AAO x 3</text>
        <arg f="" n="0">*PRO*</arg>
        <rel f="">AAO</rel>
        <arg f="" n="1">x 3</arg>
      </example>
    </roleset>
  </predicate>
</frameset>
