<!DOCTYPE frameset SYSTEM "frameset.dtd">
<frameset>
  <predicate lemma="abash">
    <roleset id="abash.01" name="cause shame">
      <aliases>
        <alias framenet="" pos="v" verbnet="">abash</alias>
      </aliases>
      
      <roles>
        <role descr="causer of shame" f="pag" n="0">
          <vnrole vncls="31.1" vntheta="stimulus"/>
        </role>
        <role descr="abashed entity" f="ppt" n="1">
          <vnrole vncls="31.1" vntheta="experiencer"/>
        </role>
        <role descr="instrument, if separate from arg0" f="mnr" n="2"/>
      </roles>
      <example name="passive" src="" type="">
        <text>Naturally, John-1 was rather abashed *-1 at the prospect of meeting a couple who had taken an interest in him and the college.</text>
        <arg f="dis" n="m">Naturally</arg>
        <arg f="" n="1">*-1</arg>
        <arg f="adv" n="m">rather</arg>
        <rel f="">abashed</rel>
        <arg f="" n="0">at the prospect of meeting a couple who had taken an interest in him and the college</arg>
      </example>
    <note>ABASH-V NOTES: Frame by Claire (from abash.01-v)</note>
</roleset>
  </predicate>
</frameset>
