<!DOCTYPE frameset SYSTEM "frameset.dtd">
<frameset>
  <predicate lemma="abase">
    <roleset id="abase.01" name="to lower in estimation, humble">
      <aliases>
        <alias framenet="" pos="v" verbnet="">abase</alias>
      </aliases>
      
      <roles>
        <role descr="causer of humbling" f="pag" n="0">
          <vnrole vncls="45.4" vntheta="agent"/>
        </role>
        <role descr="entity lowered, humbled" f="ppt" n="1">
          <vnrole vncls="45.4" vntheta="patient"/>
        </role>
        <role descr="instrument, if separate from arg 0" f="mnr" n="2">
          <vnrole vncls="45.4" vntheta="instrument"/>
        </role>
      </roles>
      <example name="Biblical" src="" type="">
        <text>If He seem to frown, you are then to abase yourselves as miserable wretches.</text>
        <arg f="adv" n="m">If He seem to frown</arg>
        <arg f="" n="0">you</arg>
        <arg f="tmp" n="m">then</arg>
        <rel f="">abase</rel>
        <arg f="" n="1">yourselves</arg>
        <arg f="prd" n="m">as miserable wretches</arg>
      </example>
      <example name="With Agent" src="" type="">
        <text>He felt they were degrading him by making him report to a supervisor.</text>
        <arg f="" n="0">they</arg>
        <rel f="">degrading</rel>
        <arg f="" n="1">him</arg>
        <arg f="mnr" n="m">by making him report to a supervisor</arg>
      </example>
      <example name="All Arguments partially made-up" src="" type="">
        <text>Mary abased John by humiliating him in front of his judgmental cat.</text>
        <arg f="" n="0">Mary</arg>
        <rel f="">abased</rel>
        <arg f="" n="1">John</arg>
        <arg f="" n="2">by humiliating him in front of his judgmental cat</arg>
      </example>
    

<note>ABASE-V NOTES: Frames file for 'abase' based on expansion via VerbNet. VerbNet entry 45.4. (from abase.01-v predicate notes)</note>
</roleset>
  </predicate>

</frameset>
