<!DOCTYPE frameset SYSTEM "frameset.dtd">
<frameset>
  <predicate lemma="abate">
    <roleset id="abate.01" name="to decrease,  become less strong">
      <aliases>
        <alias framenet="" pos="v" verbnet="">abate</alias>
      </aliases>
      <note>ABATE-V NOTES: Frames file for 'abate' based on survey of sentences in the WSJ corpus. (from abate.01-v predicate notes)</note>
      <roles>
        <role descr="causer" f="PAG" n="0">
          <vnrole vncls="45.4" vntheta="Agent"/>
        </role>
        <role descr="entity decreased" f="PPT" n="1">
          <vnrole vncls="45.4" vntheta="Patient"/>
        </role>
      </roles>
      <example name="intransitive" src="" type="">
        <inflection aspect="progressive" form="participle" person="ns" tense="present" voice="active"/>
        <text>Economists consider that a sign that inflationary pressures are abating .</text>
        <arg f="" n="1">inflationary pressures</arg>
        <rel f="">abating</rel>
      </example>
      <example name="intransitive with adverbials" src="" type="">
        <inflection aspect="perfect" form="participle" person="third" tense="present" voice="active"/>
        <text>What [*T*-1] 's more , the corporate borrowing binge has n't abated in the past two years .</text>
        <arg f="" n="1">the corporate borrowing binge</arg>
        <arg f="NEG" n="M">n't</arg>
        <rel f="">abated</rel>
        <arg f="TMP" n="M">in the past two years</arg>
      </example>
    </roleset>
  </predicate>
</frameset>
