<!DOCTYPE frameset SYSTEM "frameset.dtd">
<frameset>
  <predicate lemma="abbreviate">
    <roleset id="abbreviate.01" name="make shorter, especially words">
      <aliases>
        <alias framenet="" pos="n" verbnet="">abbreviation</alias>
        <alias framenet="" pos="v" verbnet="">abbreviate</alias>
      </aliases>
      <note>ABBREVIATE-V NOTES: Created by Claire (from abbreviate.01-v)</note>
      <note>ABBREVIATION-N NOTES: Based on Stratified data. Comparison to abbreviate.01. Abbreviate.01 is a member of VN class other_cos-45.4. No FN class. Framedby Katie. (from abbreviation.01-n)</note>
      <roles>
        <role descr="causal agent" f="pag" n="0">
          <vnrole vncls="45.4" vntheta="agent"/>
        </role>
        <role descr="thing becoming shorter" f="ppt" n="1">
          <vnrole vncls="45.4" vntheta="patient"/>
        </role>
        <role descr="EXT, arg1 is shortened by how much?" f="ext" n="2"/>
        <role descr="start state of arg 1, original word when separate mention" f="dir" n="3"/>
        <role descr="end state of arg1, new abbreviation" f="prd" n="4"/>
      </roles>
      <example name="Passive" src="Passive" type="Passive">
        <inflection aspect="ns" form="full" person="ns" tense="past" voice="passive"/>
        <text>He secretly planned and founded the "Palestinian National Liberation Movement," abbreviated *none* the "FATAH."</text>
        <rel f="">abbreviated</rel>
        <arg f="" n="1">*none*&amp; -- &gt; the Palestinian National Liberation Movement</arg>
        <arg f="" n="4">the "FATAH"</arg>
      </example>
      <example name="almost all args" src="" type="">
        <inflection aspect="ns" form="ns" person="ns" tense="ns" voice="ns"/>
        <text>His abbreviation of urethral catheter out to UCO was confused for urinary catheter out.</text>
        <arg f="" n="0">His</arg>
        <rel f="">abbreviation</rel>
        <arg f="" n="1">urethral catheter out</arg>
        <arg f="" n="4">to UCO</arg>
      </example>
    </roleset>
  </predicate>
</frameset>
