<!DOCTYPE frameset SYSTEM "frameset.dtd">
<frameset>
  <predicate lemma="abdicate">
    <roleset id="abdicate.01" name="to relinquish (power or responsibility)">
      <aliases>
        <alias framenet="" pos="n" verbnet="">abdication</alias>
        <alias framenet="" pos="v" verbnet="">abdicate</alias>
      </aliases>
      <note>ABDICATE-V NOTES: Member of Vncls resign-10.11. No Framenet. (from abdicate.01-v)</note>
      <note>ABDICATION-N NOTES: Added by Julia for Questionbank. (from abdication.01-n)</note>
      <roles>
        <role descr="abdicator, agent" f="PAG" n="0">
          <vnrole vncls="10.11" vntheta="Agent"/>
        </role>
        <role descr="responsibility" f="DIR" n="1">
          <vnrole vncls="10.11" vntheta="Source"/>
        </role>
      </roles>
      <example name="transitive" src="" type="">
        <inflection aspect="ns" form="full" person="ns" tense="present" voice="active"/>
        <text>By [*-1] ignoring costs , U.S. strategists abdicate their responsibility for hard decisions .</text>
        <arg f="mnr" n="m">By [*-1] ignoring costs</arg>
        <arg f="" n="0">U.S. strategists</arg>
        <rel f="">abdicate</rel>
        <arg f="" n="1">their responsibility for hard decisions</arg>
      </example>
      <example name="arg0" src="questionbank" type="">
        <inflection aspect="ns" form="ns" person="ns" tense="ns" voice="ns"/>
        <text>Which Bourbon king was restored to the French throne during Napoleon 's abdication ?</text>
        <arg f="" n="0">Napoleon's</arg>
        <rel f="">abdication</rel>
      </example>
    </roleset>
  </predicate>
</frameset>
