<!DOCTYPE frameset SYSTEM "frameset.dtd">
<frameset>
  <predicate lemma="abdominal">
    <roleset id="abdominal.01" name="of the abdomen">
      <aliases>
        <alias framenet="" pos="j" verbnet="">abdominal</alias>
      </aliases>
      <note>ABDOMINAL-J NOTES: Added by Julia based on SHARP. (from abdominal.01-j)</note>
      <roles>
        <role descr="abdominal entity" f="ppt" n="1"/>
      </roles>
      <example name="pretty useless as an example:" src="SHARP" type="">
        <inflection aspect="ns" form="ns" person="ns" tense="ns" voice="ns"/>
        <text>*PRO* Abdominal :</text>
        <arg f="" n="1">*PRO*</arg>
        <rel f="">Abdominal</rel>
      </example>
    </roleset>
  </predicate>
</frameset>
