<!DOCTYPE frameset SYSTEM "frameset.dtd">
<frameset>
  <predicate lemma="abduct">
    <roleset id="abduct.01" name="to carry someone off by force">
      <aliases>
        <alias framenet="Kidnapping" pos="n" verbnet="">abduction</alias>
        <alias framenet="Kidnapping" pos="v" verbnet="">abduct</alias>
      </aliases>
      
      
      <roles>
        <role descr="agent" f="pag" n="0">
          <vnrole vncls="10.5" vntheta="agent"/>
        </role>
        <role descr="person kidnapped" f="ppt" n="1">
          <vnrole vncls="10.5" vntheta="theme"/>
        </role>
      </roles>
      <example name="transitive (he should have gotten written consent to abduct the child?)" src="" type="-">
        <text>His solicitor wrote him a letter at the airport, with a copy to the customs authorities, saying that Bella had evidence he was drinking and unfit to have the care of [the child], whom-1 he had anyway abducted *trace*-1 without written consent.</text>
        <arg f="" n="0">he</arg>
        <arg f="dis" n="m">anyway</arg>
        <rel f="">abducted</rel>
        <arg f="" n="1">*trace*-1 (= whom)</arg>
        <arg f="slc" n="m">whom -&gt; the child</arg>
        <arg f="mnr" n="m">without written consent</arg>
      </example>
      <example name="All args" src="web" type="">
        <inflection aspect="ns" form="ns" person="ns" tense="ns" voice="ns"/>
        <text>There are several accounts of this event; however, all center around his abduction of an Amazon queen.</text>
        <arg f="" n="0">his</arg>
        <rel f="">abduction</rel>
        <arg f="" n="1">of an Amazon queen.</arg>
      </example>
    <note>ABDUCT-V NOTES: Member of Vncls steal-10.5. FN class Kidnapping. (from abduct.01-v)

ABDUCTION-N NOTES: Framed by Claire. Maps to VN class steal-10.5, FrameNet Kidnapping. Based on verb entry abduct.01. (from abduction.01-n)</note>
</roleset>


   <roleset id="abduct.02" name="move away from a central axis">
      <aliases>
        <alias framenet="" pos="n" verbnet="">abduction</alias>
        <alias framenet="" pos="v" verbnet="">abduct</alias>
      </aliases>
      
      <roles>
        <role descr="mover" f="pag" n="0"/>
        <role descr="thing moved" f="ppt" n="1"/>
      </roles>
      <example name="Both args" src="" type="">
        <inflection aspect="ns" form="ns" person="ns" tense="ns" voice="ns"/>
        <text>His abduction of the left arm is impaired.</text>
        <arg f="" n="0">His</arg>
        <rel f="">abduction</rel>
        <arg f="" n="1">of the left arm</arg>
      </example>
    <note>ABDUCTION-N NOTES: Based on Thyme and Sharp data. No comparison. Framed by Katie. (from abduction.02-n)</note>
</roleset>

  </predicate>
  
</frameset>
