<!DOCTYPE frameset SYSTEM "frameset.dtd">
<frameset>
  <predicate lemma="aberrate">
    <roleset id="aberrate.01" name="diverge from what is expected">
      <aliases>
        <alias framenet="" pos="v" verbnet="">aberrate</alias>
        <alias framenet="" pos="n" verbnet="">aberration</alias>
      </aliases>
      <note>ABERRATE-V, ABBERATION-N NOTES: Added by Julia for Lorelei.</note>
      <roles>
        <role descr="thing diverging" f="ppt" n="1"/>
        <role descr="the norm" f="dir" n="2"/>
      </roles>
      <example name="aberrate-v" src="" type="">
        <text>"Ymirites do not aberrate in such fashion," said Thua stiffly.</text>
        <arg f="" n="1">Ymirites</arg>
        <arg f="neg" n="m">not</arg>
        <rel f=""></rel>
        <arg f="mnr" n="m">in such a fashion</arg>
      </example>
      <example name="aberrate-v" src="" type="">
        <text>Few words have aberrated from their primaries less than this</text>
        <arg f="" n="1">Few words</arg>
        <rel f="">aberrated</rel>
        <arg f="" n="2">from their primaries</arg>
        <arg f="ext" n="m">less than this</arg>
      </example>
      <example name="aberration-n" src="" type="">
        <text>This apparent ellipse of motion of the star is called the aberration of starlight. </text>
        <rel f="">aberration</rel>
        <arg f="" n="1">of starlight</arg>
      </example>
    </roleset>
  </predicate>
</frameset>