<!DOCTYPE frameset SYSTEM "frameset.dtd">
<frameset>
  <predicate lemma="abet">
    <roleset id="abet.01" name="aid">
      <aliases>
        <alias framenet="Assistance" pos="v" verbnet="">abet</alias>
      </aliases>
      <note>ABET-V NOTES: Based on WSJ.Member of Vncls help-72-1. (from abet.01-v)</note>
      <roles>
        <role descr="agent of abetting" f="PAG" n="0">
          <vnrole vncls="72-1" vntheta="Agent"/>
        </role>
        <role descr="thing helped, action" f="GOL" n="1">
          <vnrole vncls="72-1" vntheta="Beneficiary"/>
        </role>
      </roles>
      <example name="active, normal" src="" type="">
        <inflection aspect="ns" form="gerund" person="ns" tense="ns" voice="ns"/>
        <text>In addition to *trace*-1 abetting in the alleged criminal breach of trust, [Kwek Hong Png]-1 was also charged with dishonestly receiving S$500,000 that had been stolen.</text>
        <arg f="" n="0">*trace*-1</arg>
        <rel f="">abetting</rel>
        <arg f="" n="1">in the alleged criminal breach of trust</arg>
      </example>
      <example name="passive" src="" type="">
        <inflection aspect="ns" form="participle" person="ns" tense="present" voice="passive"/>
        <text>Civilized discourse and an environment where compromise can begin are lost in [a hostile posture]-1 abetted *trace*-1 by superficial media interviews.</text>
        <rel f="">abetted</rel>
        <arg f="" n="1">*trace*-1</arg>
        <arg f="" n="0">by superficial media interviews</arg>
      </example>
      <example name="very awkward active" src="" type="">
        <inflection aspect="ns" form="gerund" person="ns" tense="ns" voice="ns"/>
        <text>[Eight admissions representatives at two of Wilfred's former Massachusetts schools]-1 previously pleaded guilty to charges of *trace*-1 aiding, abetting and counseling students to submit false financial-aid applications.</text>
        <arg f="" n="0">*trace*-1</arg>
        <rel f="">abetting</rel>
        <arg f="" n="1">students to submit false financial-aid applications</arg>
      </example>
    </roleset>
  </predicate>
</frameset>
