<!DOCTYPE frameset SYSTEM "frameset.dtd">
<frameset>
  <predicate lemma="abhor">
    <roleset id="abhor.01" name="despise">
      <aliases>
        <alias framenet="Experiencer_subj" pos="v" verbnet="">abhor</alias>
      </aliases>
      <note>ABHOR-V NOTES: frame by Perryn. Member of Vncls admire-31.2. FNcls Experiencer_subj. (from abhor.01-v)</note>
      <roles>
        <role descr="despiser" f="PPT" n="0">
          <vnrole vncls="31.2" vntheta="Experiencer"/>
        </role>
        <role descr="object of despisal" f="PAG" n="1">
          <vnrole vncls="31.2" vntheta="Stimulus"/>
        </role>
      </roles>
      <example name="hate" src="" type="">
        <text>We abhor terrorism in all its forms and manifestations.</text>
        <arg f="" n="0">we</arg>
        <rel f="">abhor</rel>
        <arg f="" n="1">terrorism in all its forms and manifestations</arg>
      </example>
    </roleset>
  </predicate>
</frameset>
