<!DOCTYPE frameset SYSTEM "frameset.dtd">
<frameset>
  <predicate lemma="abide">
    <roleset id="abide.01" name="conform to">
      <aliases>
        <alias framenet="Compliance" pos="v" verbnet="">abide</alias>
      </aliases>
      <note>ABIDE-V NOTES: No Verbnet entry. Fncls Compliance. (from abide.01-v)</note>
      <roles>
        <role descr="conformer" f="ppt" n="0"/>
        <role descr="thing conformed to" f="gol" n="1"/>
      </roles>
      <example name="lacking a clever title" src="" type="">
        <inflection aspect="ns" form="infinitive" person="ns" tense="ns" voice="ns"/>
        <text>Saturday, he amended his remarks to say that [he]-1 would continue *trace*-1 to abide by the cease-fire if the U.S. ends its financial support for the Contras.</text>
        <arg f="" n="0">*trace*-1</arg>
        <rel f="">abide</rel>
        <arg f="" n="1">by the cease-fire</arg>
      </example>
    </roleset>
  </predicate>
</frameset>
