<!DOCTYPE frameset SYSTEM "frameset.dtd">
<frameset>
  <predicate lemma="ablate">
    <roleset id="ablate.01" name="surgical removal of a body part; controlled surgical removal">
      <aliases>
        <alias framenet="" pos="v" verbnet="">ablate</alias>
        <alias framenet="" pos="n" verbnet="">ablation</alias>
        <alias framenet="" pos="n" verbnet="">coblation</alias>
      </aliases>
      
      
      
      <roles>
        <role descr="Agent, surgeon" f="pag" n="0">
          <vnrole vncls="10.1" vntheta="agent"/>
        </role>
        <role descr="Part of body ablated" f="ppt" n="1">
          <vnrole vncls="10.1" vntheta="theme"/>
        </role>
        <role descr="Patient undergoing ablation, removed from" f="dir" n="2">
          <vnrole vncls="10.1" vntheta="source"/>
        </role>
      </roles>
      <example name="with arg 1 and instrument" src="" type="">
        <inflection aspect="ns" form="ns" person="ns" tense="ns" voice="ns"/>
        <text>A 1.5 cm, flat, villous-appearing lesion was ablated with gold probe ablation</text>
        <arg f="" n="1">A 1.5 cm, flat, villous-appearing lesion</arg>
        <rel f="">ablated</rel>
        <arg f="mnr" n="m">with gold probe ablation</arg>
      </example>
      <example name="Al args" src="" type="">
        <inflection aspect="ns" form="ns" person="ns" tense="ns" voice="ns"/>
        <text>The parents were grateful to the surgeons for their ablation of the cardiac neural crest from the embryos.</text>
        <arg f="" n="0">their</arg>
        <rel f="">ablation</rel>
        <arg f="" n="1">of the cardiac neural crest</arg>
        <arg f="" n="2">from the embryos</arg>
      </example>
      <example name="You have three turbinates in each side of your nose" src="" type="">
        <inflection aspect="ns" form="ns" person="ns" tense="ns" voice="ns"/>
        <text>Bilateral inferior turbinate coblation</text>
        <arg f="loc" n="m">Bilateral</arg>
        <arg f="loc" n="m">inferior</arg>
        <arg f="" n="1">turbinate</arg>
        <rel f="">coblation</rel>
      </example>
    <note>ABLATE-V NOTES: Based o Sharp and Thyme data. Comparison to ablation.01-n. Ablate.01 fits with VN class remove-10.1. Framed by Katie. (from ablate.01-v)

ABLATION-N NOTES: (from ablation.01-n)

COBLATION-N NOTES: Based on Thyme and Sharp data. Comparison to ablation.01. No VN or FN classes. Framed by Katie. (from coblation.01-n)</note>
</roleset>
  <roleset id="ablate.02" name="erode">
<aliases>
<alias framenet="" pos="v" verbnet="">ablate</alias>
<alias framenet="" pos="n" verbnet="">ablation</alias>
</aliases>

<roles>
<role descr="cause of erosion" f="pag" n="0"/>
<role descr="entity removed, eroded away" f="ppt" n="1"/>
<role descr="eroded from, source a piece is removed from" f="dir" n="2"/>
</roles>
<example name="Args 1 and 2" src="" type="">
<inflection aspect="ns" form="ns" person="ns" tense="ns" voice="ns"/>
<text>When the ice ablates from the glacier</text>
<arg f="" n="1">ice</arg>
<rel f="">ablates</rel>
<arg f="" n="2">from the glacier</arg>
</example>
<example name="arg 0 and 2" src="" type="">
<inflection aspect="ns" form="ns" person="ns" tense="ns" voice="ns"/>
<text>Heat ablation of the glacier</text>
<arg f="" n="0">heat</arg>
<rel f="">ablation</rel>
<arg f="" n="2">of the glacier</arg>
</example>
<note>Based on geological data. Similar to ablate.01 but non-volitional.</note>
</roleset>
</predicate>
</frameset>
