<!DOCTYPE frameset SYSTEM "frameset.dtd">
<frameset>
  <predicate lemma="able">
    <roleset id="able.01" name="have an ability, skill, being able">
      <aliases>
        <alias framenet="Capability" pos="j" verbnet="">able</alias>
        <alias framenet="" pos="n" verbnet="">ability</alias>
      </aliases>
      <note>ABLE-J NOTES: Roleset based on instances in BOLT P01. (from able.01-j)</note>
      <note>ABILITY-N NOTES: (from ability.01-n)</note>
      <roles>
        <role descr="entity with ability" f="ppt" n="1"/>
        <role descr="ability itself, what is arg1 able to do?" f="prd" n="2"/>
      </roles>
      <example name="All args" src="BOLT P01" type="">
        <inflection aspect="ns" form="ns" person="ns" tense="ns" voice="ns"/>
        <text>These students are bleeding idealism and have n't been tempered enough with time and cultural patina to realize that one should be able to laugh at oneself and one 's cultural obsessions and that these costumes are n't the evil mechanisms of racism they are betraying them to be .</text>
        <arg f="" n="1">one</arg>
        <arg f="mod" n="m">should</arg>
        <rel f="">able</rel>
        <arg f="" n="2">to laugh at oneself and one 's cultural obsessions</arg>
      </example>
    </roleset>
  </predicate>
</frameset>
