<!DOCTYPE frameset SYSTEM "frameset.dtd">
<frameset>
  <predicate lemma="abnegate">
    <roleset id="abnegate.01" name="to give up, renounce">
      <aliases>
        <alias framenet="" pos="v" verbnet="">abnegate</alias>
      </aliases>
      <note>ABNEGATE-V NOTES: Roleset based on parallel expansion to PropBank, VerbNet&amp; sense groupings. Framed by Claire (from abnegate.01-v)</note>
      <roles>
        <role descr="person giving something up" f="pag" n="0"/>
        <role descr="entity given up, renounced" f="ppt" n="1"/>
        <role descr="Benefactive/ Malefactive, often reflexive" f="gol" n="2"/>
      </roles>
      <example name="" src="" type="">
        <inflection aspect="ns" form="ns" person="ns" tense="ns" voice="ns"/>
        <text>If he didn't abnegate all rights to the TV remote control, she would divorce him.</text>
        <arg f="" n="0">he</arg>
        <arg f="neg" n="m">n't</arg>
        <rel f="">abnegate</rel>
        <arg f="" n="1">allrights to the TV remote control</arg>
      </example>
      <example name="With Mal/Benefatctive as reflexive" src="With Mal/Benefatctive as reflexive" type="With Mal/Benefatctive as reflexive">
        <inflection aspect="ns" form="ns" person="ns" tense="ns" voice="ns"/>
        <text>She abnegated herself wine and spirits.</text>
        <arg f="" n="0">she</arg>
        <rel f="">abnegated</rel>
        <arg f="" n="2">herself</arg>
        <arg f="" n="1">wine and spirits</arg>
      </example>
      <example name="With benefactive in PP" src="With benefactive in PP" type="With benefactive in PP">
        <inflection aspect="ns" form="ns" person="ns" tense="ns" voice="ns"/>
        <text>The King abnegated his power to the ministers.</text>
        <arg f="" n="0">The King</arg>
        <rel f="">abnegated</rel>
        <arg f="" n="1">his power</arg>
        <arg f="" n="2">to the ministers</arg>
      </example>
    </roleset>
  </predicate>
</frameset>
