<!DOCTYPE frameset SYSTEM "frameset.dtd">
<frameset>
  <predicate lemma="abnormal">
    <roleset id="abnormal.01" name="non-standard or atypical, abnormal">
      <aliases>
        <alias framenet="" pos="j" verbnet="">abnormal</alias>
        <alias framenet="" pos="j" verbnet="">abn</alias>
      </aliases>
      <note>ABNORMAL-J NOTES: Based on Sharp data. Slight comparison to standardize.01. Framed by Katie. (from abnormal.01-j)</note>
      <note>ABN-J NOTES: Added by Julia based on SHARP. (from abn.01-j)</note>
      <roles>
        <role descr="atypical thing" f="pag" n="1"/>
      </roles>
      <example name="only arg" src="" type="">
        <inflection aspect="ns" form="ns" person="ns" tense="ns" voice="ns"/>
        <text>Her CT scan is abnormal</text>
        <arg f="" n="1">Her CT scan</arg>
        <rel f="">abnormal</rel>
      </example>
      <example name="arg1 and LOC" src="" type="">
        <inflection aspect="ns" form="ns" person="ns" tense="ns" voice="ns"/>
        <text>Moorfield 's Classification : *PRO* AbN 5 / 6 sectors</text>
        <arg f="" n="1">*PRO*</arg>
        <rel f="">AbN</rel>
        <arg f="loc" n="m">5/6 sectors</arg>
      </example>
    </roleset>
  </predicate>
</frameset>
