<!DOCTYPE frameset SYSTEM "frameset.dtd">
<frameset>
  <predicate lemma="abolish">
    <roleset id="abolish.01" name="get rid of, make illegal, act of doing away with something">
      <aliases>
        <alias framenet="" pos="v" verbnet="">abolish</alias>
        <alias framenet="" pos="n" verbnet="">abolition</alias>
      </aliases>
      <note>ABOLISH-V NOTES: Member of Vncls remove-10.1. No Fncls. (from abolish.01-v)</note>
      <note>ABOLITION-N NOTES: Roleset based on expansion parallel to WordNet eventive nouns. Framed by Claire. Corresponds to VerbNet class Remove-10.1, based on verb entry abolish.01. (from abolition.01-n)</note>
      <roles>
        <role descr="entity getting rid of, outlawing something" f="PAG" n="0">
          <vnrole vncls="10.1" vntheta="Agent"/>
        </role>
        <role descr="thing abolished" f="PPT" n="1">
          <vnrole vncls="10.1" vntheta="Theme"/>
        </role>
      </roles>
      <example name="typical usage" src="" type="">
        <text>Secretary of State for Trade and Industry Nicholas Ridley said later in the day that the government would abolish its golden share in Jaguar, the luxury auto maker being stalked by General Motors and Ford Motor.</text>
        <arg f="" n="0">the government</arg>
        <arg f="mod" n="m">would</arg>
        <rel f="">abolish</rel>
        <arg f="" n="1">its golden share in Jaguar, the luxury auto maker being stalked by General Motors and Ford Motor</arg>
      </example>
      <example name="Arg1, &quot;0f-phrase&quot;" src="web" type="">
        <inflection aspect="ns" form="ns" person="ns" tense="ns" voice="ns"/>
        <text>They first insisted that the abolition of the slave-trade would ruin the colonies.</text>
        <rel f="">abolition</rel>
        <arg f="" n="1">of the slave-trade</arg>
      </example>
      <example name="All arguments" src="web" type="">
        <inflection aspect="ns" form="ns" person="ns" tense="ns" voice="ns"/>
        <text>It mentions the British celebrated their abolition of slave trade last year.</text>
        <arg f="" n="0">their</arg>
        <rel f="">abolition</rel>
        <arg f="" n="1">of slave trade</arg>
      </example>
    </roleset>
  </predicate>
</frameset>
