<!DOCTYPE frameset SYSTEM "frameset.dtd">
<frameset>
  <predicate lemma="abominate">
    <roleset id="abominate.01" name="revile">
      <aliases>
        <alias framenet="Experiencer_subj" pos="v" verbnet="">abominate</alias>
        <alias framenet="" pos="n" verbnet="">abomination</alias>
      </aliases>
      <note>ABOMINATE-V NOTES: frame created by ruth. No Vncls. FNcls Experiencer_subj. (from abominate.01-v)</note>
      <roles>
        <role descr="despiser" f="ppt" n="0"/>
        <role descr="thing despised" f="pag" n="1"/>
      </roles>
      <example name="transitive" src="" type="">
        <text>Little could be done to counteract the John Osborne criticisms, for they abominated the very idea of monarchy.</text>
        <arg f="" n="0">they</arg>
        <rel f="">abominated</rel>
        <arg f="" n="1">the very idea of monarchy</arg>
      </example>
    </roleset>
  </predicate>
  <predicate lemma="abominable">
    <roleset id="abominable.02" name="deplorable">
      <aliases>
        <alias framenet="Stimulus_focus Praiseworthiness" pos="j" verbnet="">abominable</alias>
      </aliases>
      <note>ABOMINABLE-J NOTES: Added by Julia based on BOLT-6. Relation to abominate.01. (from abominable.01-j)</note>
      <roles>
        <role descr="entity deeming arg1 abominable" f="pag" n="0"/>
        <role descr="snowman, or other deplorable thing" f="ppt" n="1"/>
      </roles>
      <example name="arg1" src="BOLT-6" type="">
        <inflection aspect="ns" form="ns" person="ns" tense="ns" voice="ns"/>
        <text>The heartless tobacco factories are really abominable</text>
        <arg f="" n="1">The heartless tobacco factories</arg>
        <arg f="ext" n="m">really</arg>
        <rel f="">abominable</rel>
      </example>
    </roleset>
  </predicate>
</frameset>
