<!DOCTYPE frameset SYSTEM "frameset.dtd">
<frameset>
  <predicate lemma="abort">
    <roleset id="abort.01" name="to terminate">
      <aliases>
        <alias framenet="" pos="v" verbnet="">abort</alias>
        <alias framenet="" pos="n" verbnet="">abortion</alias>
        <alias framenet="" pos="l" verbnet="">have_abortion</alias>
        <alias framenet="" pos="l" verbnet="">get_abortion</alias>
      </aliases>
      <note>ABORT-V NOTES: Frames file for 'abort' based on survey of sentences in the WSJ corpus. (from abort.01-v predicate notes)</note>
      <note>ABORTION-N NOTES: Roleset based on verb entry abort.01, OntoNotes sense groupings 1, 2, 3; no mapping to VerbNet. Framed by Claire (from abortion.01-n)</note>
      <roles>
        <role descr="causer, agent" f="PAG" n="0"/>
        <role descr="entity aborted" f="PPT" n="1"/>
      </roles>
      <example name="transitive" src="" type="">
        <inflection aspect="perfect" form="participle" person="third" tense="present" voice="active"/>
        <text>Thus , a woman who [*T*-487] used RU-486 [*-3]to have an abortion would have [*-1] to make three trips to the clinic past those picket lines ; an initial visit for medical screening ( anemics and those with previous pregnancy problems are eliminated [*-4] ) and [*] to take the pill , a second trip 48 hours later for the prostaglandin , administered [*] either via injection or vaginal suppository , and a third trip a week later [*] to make sure [0] she has completely aborted .</text>
        <arg f="" n="0">she</arg>
        <arg f="ext" n="m">completely</arg>
        <rel f="">aborted</rel>
      </example>
      <example name="Plan aborted" src="ON sense n 3" type="">
        <text>There was an abortion of the air strike because of a big sandstorm.</text>
        <rel f="">abortion</rel>
        <arg f="" n="1">of the air strike</arg>
      </example>
      <example name="NP only" src="NomBank" type="">
        <text>teen-age abortions</text>
        <arg f="" n="0">teen-age</arg>
        <rel f="">abortions</rel>
      </example>
      <example name="With extent" src="ON sense n 1" type="">
        <inflection aspect="ns" form="ns" person="ns" tense="ns" voice="ns"/>
        <text>They argued over the ban on partial abortions.</text>
        <arg f="ext" n="m">partial</arg>
        <rel f="">abortions</rel>
      </example>
      <example name="Sad, All arguments" src="web" type="">
        <inflection aspect="ns" form="ns" person="ns" tense="ns" voice="ns"/>
        <text>One woman tearfully described having her abortion of a fetus with a chromosomal disorder.</text>
        <arg f="" n="0">her</arg>
        <rel f="">abortion</rel>
        <arg f="" n="1">of a fetus with a chromosomal disorder</arg>
      </example>
    </roleset>
  </predicate>
</frameset>
