<!DOCTYPE frameset SYSTEM "frameset.dtd">
<frameset>
  <predicate lemma="abound">
    <roleset id="abound.01" name="be plentiful">
      <aliases>
        <alias framenet="Abundance" pos="v" verbnet="">abound</alias>
      </aliases>
      <note>ABOUND-V NOTES: Based on financial subcorpus. No comparison. Member of Vncls swarm-47.5.1-2-1. (from abound.01-v)</note>
      <roles>
        <role descr="thing which is plentiful" f="LOC" n="1">
          <vnrole vncls="47.5.1-2-1" vntheta="Location"/>
        </role>
        <role descr="thing which has arg1 in great supply" f="PPT" n="2">
          <vnrole vncls="47.5.1-2-1" vntheta="Theme"/>
        </role>
      </roles>
      <example name="just arg1" src="" type="">
        <text>That means that on days when prices are tumbling and sellers abound they must be willing to buy shares from sellers when no one else will.</text>
        <arg f="" n="1">sellers</arg>
        <rel f="">abound</rel>
      </example>
      <example name="with arg2" src="" type="">
        <text>John's room abounds with moldy pizza crusts.</text>
        <arg f="" n="2">John's room</arg>
        <rel f="">abounds</rel>
        <arg f="" n="1">with moldy pizza crusts</arg>
      </example>
    </roleset>
  </predicate>
</frameset>
