<!DOCTYPE frameset SYSTEM "frameset.dtd">
<frameset>
  <predicate lemma="about">
    <roleset id="about.01" name="located 'around', in the general vicinity">
      <aliases>
        <alias framenet="" pos="j" verbnet="">about</alias>
      </aliases>
      <note>ABOUT-J NOTES: Added by Julia based on medi-tmprl1to8. (from about.01-j)</note>
      <roles>
        <role descr="entity who is around" f="pag" n="1"/>
      </roles>
      <example name="arg1" src="medi-tmprl" type="">
        <inflection aspect="ns" form="ns" person="ns" tense="ns" voice="ns"/>
        <text>Mr. Kelly has recovered from surgery without any complication and is up and about and asymptomatic .</text>
        <arg f="" n="1">Mr. Kelly</arg>
        <rel f="">about</rel>
      </example>
    </roleset>
    <roleset id="about.02" name="about to __">
      <aliases>
        <alias framenet="" pos="j" verbnet="">about</alias>
      </aliases>
      <note>ABOUT-J NOTES: Added by Julia and Katie to accommodate quasi-adverbial/modal/future usage. Comparison to 'going to__', which is go.04. (from about.02-j)</note>
      <roles>
        <note>This roleset has no roles, so don't tag any!</note>
      </roles>
      <example name="modal-ish" src="" type="">
        <inflection aspect="ns" form="ns" person="ns" tense="ns" voice="ns"/>
        <text>John was about to start jumping up and down.</text>
      </example>
    </roleset>
  </predicate>
</frameset>
