<!DOCTYPE frameset SYSTEM "frameset.dtd">
<frameset>
  <predicate lemma="abrade">
    <roleset id="abrade.01" name="wear off or rub off">
      <aliases>
        <alias framenet="" pos="n" verbnet="">abrasion</alias>
        <alias framenet="Experience_bodily_harm" pos="v" verbnet="">abrade</alias>
      </aliases>
      <note>ABRADE-V NOTES: Automatically created based on framefiles: fade (45.4) (from abrade.01-v)</note>
      <note>ABRASION-N NOTES: abrade.01 (from abrasion.01-n predicate notes)</note>
      <roles>
        <role descr="agent, causing wearing" f="PAG" n="0">
          <vnrole vncls="45.4" vntheta="Agent"/>
        </role>
        <role descr="thing wearing" f="PPT" n="1">
          <vnrole vncls="45.4" vntheta="Patient"/>
        </role>
        <role descr="instrument" f="MNR" n="2">
          <vnrole vncls="45.4" vntheta="Instrument"/>
        </role>
      </roles>
      <example name="Active" src="web usage" type="">
        <text>He abraded the piece of wood with a wire brush.</text>
        <arg f="" n="0">He</arg>
        <rel f="">abraded</rel>
        <arg f="" n="1">the piece of wood</arg>
        <arg f="" n="2">with a wire brush</arg>
      </example>
      <example name="passive (the more common usage)" src="web usage" type="">
        <inflection aspect="ns" form="ns" person="ns" tense="ns" voice="ns"/>
        <text>Buccal surface enamel was abraded using a thin diamond fissure bur slightly.</text>
        <arg f="" n="1">Buccal surface enamel</arg>
        <rel f="">abraded</rel>
        <arg f="" n="2">using a thin diamond fissure bur</arg>
        <arg f="ext" n="m">slightly</arg>
      </example>
      <example name="no instrument" src="" type="">
        <inflection aspect="ns" form="ns" person="ns" tense="ns" voice="ns"/>
        <text>The metal implements were discontinued for dental work because of their abrasion of the patients' enamel.</text>
        <arg f="" n="0">their</arg>
        <rel f="">abrasion</rel>
        <arg f="" n="1">of the patients' enamel</arg>
      </example>
    </roleset>
  </predicate>
</frameset>
