<!DOCTYPE frameset SYSTEM "frameset.dtd">
<frameset>
  <predicate lemma="abridge">
    <roleset id="abridge.01" name="to cut short">
      <aliases>
        <alias framenet="" pos="v" verbnet="">abridge</alias>
      </aliases>
      <note>ABRIDGE-V NOTES: Frames file for 'abridge' based on survey of sentences in the WSJ corpus. (from abridge.01-v predicate notes)</note>
      <roles>
        <role descr="causer" f="PAG" n="0">
          <vnrole vncls="45.4" vntheta="Agent"/>
        </role>
        <role descr="thing abridged" f="PPT" n="1">
          <vnrole vncls="45.4" vntheta="Patient"/>
        </role>
      </roles>
      <example name="transitive" src="" type="">
        <inflection aspect="ns" form="participle" person="ns" tense="present" voice="active"/>
        <text>`` The First Amendment proscribes the government from [*-2] passing laws abridging the right to free speech , '' Judge Donald O'Brien ruled [*T*-1].</text>
        <arg f="" n="0">laws</arg>
        <rel f="">abridging</rel>
        <arg f="" n="1">the right to free speech</arg>
      </example>
    </roleset>
  </predicate>
</frameset>
