<!DOCTYPE frameset SYSTEM "frameset.dtd">
<frameset>
  <predicate lemma="abrogate">
    <roleset id="abrogate.01" name="block a biological process or function">
      <aliases>
        <alias framenet="" pos="v" verbnet="">abrogate</alias>
        <alias framenet="" pos="n" verbnet="">abrogation</alias>
      </aliases>
      
      <roles>
        <role descr="intentional agent of abrogation (e.g. scientist)" f="pag" n="0"/>
        <role descr="thing abrogated, blocked" f="ppt" n="1"/>
        <role descr="instrument" f="mnr" n="2"/>
      </roles>
      <example name="abrogate-v: active use" src="" type="">
      <text>Cleavage site mutations in the encephalomyocarditis virus P3 region lethally abrogate the normal processing cascade.</text>
        <arg f="" n="0">Cleavage site mutations in the encephalomyocarditis virus P3 region</arg>
        <arg f="mnr" n="m">lethally</arg>
        <rel f="">abrogate</rel>
        <arg f="" n="1">the normal processing cascade</arg>
        
      </example>
      <example name="abrogate-v: with agent" src="" type="">
        <text>By treating cells with RUNX2 siRNA, we abrogated the Wip1-dependent activation of Bax expression and the cells sensitization to cis-platin.</text>
        <arg f="mnr" n="m">By treating cells with RUNX2 siRNA</arg>
        <arg f="" n="0">we</arg>
        <rel f="">abrogate</rel>
        <arg f="" n="1">the Wip1-dependent activation of Bax expression and the cells sensitization to cis-platin</arg>
        
      </example>
      <example name="abrogation-n" src="" type="">
        <text>Abrogation of TGF beta signaling in mammary carcinomas recruits Gr-1+CD11b+ myeloid cells that promote metastasis.</text>
        <rel f="">Abrogation</rel>
        <arg f="" n="1">of TGF beta signaling</arg>
        <arg f="loc" n="m">in mammary carcinomas</arg>
      </example>
    <note>ABROGATE-V NOTES: Created for Bio-AMR annotations.</note>
</roleset>
  </predicate>
</frameset>
