<!DOCTYPE frameset SYSTEM "frameset.dtd">
<frameset>
  <predicate lemma="absent">
    <roleset id="absent.01" name="cause to be absent, not being there, no longer present">
      <aliases>
        <alias framenet="" pos="v" verbnet="">absent</alias>
        <alias framenet="Presence Temporary_leave" pos="n" verbnet="">absence</alias>
        <alias framenet="" pos="j" verbnet="">absent</alias>
      </aliases>
      <note>ABSENT-V NOTES: No Verbnet entry. No FNcls. (from absent.01-v)</note>
      <note>ABSENCE-N NOTES: Expanded by Julia based on BOLT, absent.01. No VNcls. (from absence.01-n)</note>
      <note>ABSENT-J NOTES: Roleset based on BOLT P01. (from absent.01-j)</note>
      <roles>
        <note>arg0 has been omitted because it is probably impossible in this construction (would probably need to be "absencing" to use it). Obviously, if you see one, send it in! (from absence.01-n)
Arg0 from the verb not included. (from absent.01-j)</note>
        <role descr="causer, agent" f="pag" n="0"/>
        <role descr="absent entity" f="ppt" n="1"/>
        <role descr="absent from what" f="gol" n="2"/>
      </roles>
      <example name="actually a preposition here" src="" type="">
        <inflection aspect="ns" form="ns" person="ns" tense="ns" voice="ns"/>
        <text>Absent other working capital, he said, the RTC would be forced to delay other thrift resolutions until cash could be raised by selling the bad assets.</text>
        <rel f="">Absent</rel>
        <arg f="" n="1">other working capital</arg>
      </example>
      <example name="all args" src="" type="">
        <inflection aspect="ns" form="full" person="ns" tense="past" voice="active"/>
        <text>John absented himself from yet another Propbank meeting.</text>
        <arg f="" n="0">John</arg>
        <rel f="">absented</rel>
        <arg f="rec" n="1">himself</arg>
        <arg f="" n="2">from yet another Propbank meeting</arg>
      </example>
      <example name="possessor arg2, with arg1" src="internet" type="">
        <inflection aspect="ns" form="ns" person="ns" tense="ns" voice="ns"/>
        <text>His reply conveyed his absence of mind.</text>
        <arg f="" n="2">his</arg>
        <rel f="">absence</rel>
        <arg f="" n="1">of mind</arg>
      </example>
      <example name="typical args 1 and 2" src="BOLT" type="">
        <inflection aspect="ns" form="ns" person="ns" tense="ns" voice="ns"/>
        <text>All the Democrats in the house could take a year - long vacation and the results would largely be the same , so Giffords 's absence from her duties is hardly consequential .</text>
        <arg f="" n="1">Giffords's</arg>
        <rel f="">absence</rel>
        <arg f="" n="2">from her duties</arg>
      </example>
      <example name="just arg1" src="BOLT" type="">
        <inflection aspect="ns" form="ns" person="ns" tense="ns" voice="ns"/>
        <text>His absence has been explained many times in many different ways , but he has virtually disappeared from the scene .</text>
        <arg f="" n="1">his</arg>
        <rel f="">absence</rel>
      </example>
      <example name="All args" src="web" type="">
        <inflection aspect="ns" form="ns" person="ns" tense="ns" voice="ns"/>
        <text>He was absent from work with the permission of his immediate boss, but without the management's knowledge.</text>
        <arg f="" n="1">He</arg>
        <rel f="">absent</rel>
        <arg f="" n="2">from work</arg>
        <arg f="mnr" n="m">with the permission of his immediate boss, but without the management's knowledge.</arg>
      </example>
    </roleset>
  </predicate>
</frameset>
