<!DOCTYPE frameset SYSTEM "frameset.dtd">
<frameset>
  <predicate lemma="absorb">
    <roleset id="absorb.01" name="suck up">
      <aliases>
        <alias framenet="" pos="n" verbnet="">absorption</alias>
        <alias framenet="" pos="v" verbnet="">absorb</alias>
      </aliases>
      <note>ABSORB-V NOTES: Frames file for 'absorb' based on sentences in financial subcorpus. No Verbnet entry. No comparison. (from absorb.01-v predicate notes)</note>
      <note>ABSORPTION-N NOTES: Roleset based on verb entry absorb.01. Framed by Anwen, Feb 2011. (from absorption.01-n)</note>
      <roles>
        <role descr="absorber, cause or agent" f="pag" n="0"/>
        <role descr="absorbed, us. liquid" f="ppt" n="1"/>
        <role descr="sponge, arg 1 is absorbed into this, when separate from cause" f="gol" n="2"/>
        <role descr="Source of liquid, absorbed from what?" f="dir" n="3"/>
      </roles>
      <example name="absorb losses" src="absorb losses" type="absorb losses">
        <inflection aspect="ns" form="infinitive" person="ns" tense="ns" voice="ns"/>
        <text>[Allstate]-1 is expected *trace*-1 to absorb another big hit in the fourth quarter as claims pour in from the San Francisco earthquake.</text>
        <arg f="" n="0">*trace*-1</arg>
        <rel f="">absorb</rel>
        <arg f="" n="1">another big hit</arg>
        <arg f="tmp" n="m">in the fourth quarter</arg>
        <arg f="tmp" n="m">as claims pour in from the San Francisco earthquake</arg>
      </example>
      <example name="Descriptive passive, with arg 2" src="Descriptive, with arg 2" type="Descriptive, with arg 2">
        <inflection aspect="ns" form="ns" person="ns" tense="ns" voice="ns"/>
        <text>George W. Bush, still by his own account given to "heavy drinking," absorbed *none* in changing the name of his chronically failed Arbusto Energy Oil Company to Bush Exploration...</text>
        <arg f="" n="1">*none*&amp; -- &gt; George W. Bush, still by his own account given to "heavy drinking,"</arg>
        <rel f="">absorbed</rel>
        <arg f="" n="2">in changing the name of his chronically failed Arbusto Energy Oil Company to Bush Exploration</arg>
      </example>
      <example name="With source Arg 3...What habit?" src="With source Arg 3...What habit?" type="With source Arg 3...What habit?">
        <inflection aspect="ns" form="ns" person="ns" tense="ns" voice="ns"/>
        <text>The habit is very bad because salt absorbs water from the meat.</text>
        <arg f="" n="0">salt</arg>
        <rel f="">absorbs</rel>
        <arg f="" n="1">water</arg>
        <arg f="" n="3">from the meat</arg>
      </example>
      <example name="passive with arg0" src="WSJ" type="-">
        <inflection aspect="ns" form="participle" person="third" tense="present" voice="passive"/>
        <text>Perhaps [the fiscal shock of tax cuts]-1 is after all best absorbed *trace*-1 by floating rates</text>
        <arg f="adv" n="m">Perhaps</arg>
        <arg f="" n="1">*trace*-1: [the fiscal shock of tax cuts]</arg>
        <arg f="dis" n="m">after all</arg>
        <arg f="mnr" n="m">best</arg>
        <rel f="">absorbed</rel>
        <arg f="" n="0">by floating rates</arg>
      </example>
      <example name="With Arg1 only" src="" type="">
        <inflection aspect="ns" form="ns" person="ns" tense="ns" voice="ns"/>
        <text>Ascorbic acid may enhance iron absorption.</text>
        <arg f="" n="1">iron</arg>
        <rel f="">absorption</rel>
      </example>
      <example name="With Arg0 and Arg1" src="" type="">
        <inflection aspect="ns" form="ns" person="ns" tense="ns" voice="ns"/>
        <text>Patient X's Vitamin D absorption has been diminished due to his Crohn's Disease.</text>
        <arg f="" n="0">Patient X's</arg>
        <arg f="" n="1">Vitamin D</arg>
        <rel f="">absorption</rel>
      </example>
    </roleset>
  </predicate>
</frameset>
