<!DOCTYPE frameset SYSTEM "frameset.dtd">
<frameset>
  <predicate lemma="absolute">
    <roleset id="absolute.01" name="all encompassing, without exception">
      <aliases>
        <alias framenet="" pos="j" verbnet="">absolute</alias>
      </aliases>
      <note>ABSOLUTE-J NOTES: Added by Julia based on BOLT-7. (from absolute.01-j)</note>
      <roles>
        <role descr="absolute thing" f="ppt" n="1"/>
      </roles>
      <example name="arg1" src="BOLT-7" type="">
        <inflection aspect="ns" form="ns" person="ns" tense="ns" voice="ns"/>
        <text>The proletariat ideological belief is absolute ; Marxism is the basic principle , and is relative , from the global perspective , learning from advanced , absorbing civilizations , and constantly creating new values .</text>
        <arg f="" n="1">the proletariat ideological belif</arg>
        <rel f="">absolute</rel>
      </example>
    </roleset>
  </predicate>
</frameset>
