<!DOCTYPE frameset SYSTEM "frameset.dtd">
<frameset>
  <predicate lemma="absolve">
    <roleset id="absolve.01" name="remove guilt">
      <aliases>
        <alias framenet="" pos="v" verbnet="">absolve</alias>
        <alias framenet="" pos="n" verbnet="">absolution</alias>
      </aliases>
      <note>ABSOLVE-V NOTES: Based on WSJ. Member of Vncls free-80-1. (from absolve.01-v)</note>
      <roles>
        <role descr="absolver, agent" f="CAU" n="0">
          <vnrole vncls="80-1" vntheta="cause"/>
        </role>
        <role descr="guilty party" f="dir" n="1">
          <vnrole vncls="80-1" vntheta="source"/>
        </role>
        <role descr="guilt" f="ppt" n="2">
          <vnrole vncls="80-1" vntheta="theme"/>
        </role>
      </roles>
      <example name="standard usage" src="" type="">
        <inflection aspect="ns" form="gerund" person="ns" tense="present" voice="active"/>
        <text>On Friday, the firms filed a suit against West Virginia in New York state court asking for a declaratory judgment absolving them of liability.</text>
        <arg f="" n="0">a declaratory judgment</arg>
        <rel f="">absolving</rel>
        <arg f="" n="1">them</arg>
        <arg f="" n="2">of liability</arg>
      </example>
    </roleset>
  </predicate>
</frameset>
