<!DOCTYPE frameset SYSTEM "frameset.dtd">
<frameset>
  <predicate lemma="abstract">
    <roleset id="abstract.01" name="to draw or take away">
      <aliases>
        <alias framenet="" pos="v" verbnet="">abstract</alias>
        <alias framenet="" pos="n" verbnet="">abstraction</alias>
      </aliases>
      <note>ABSTRACT-V NOTES: Verbnet entry 10.1. No FNcls. (from abstract.01-v)</note>
      <note>ABSTRACTION-N NOTES: (from abstraction.01-n)</note>
      <roles>
        <role descr="entity abstracting" f="PAG" n="0">
          <vnrole vncls="10.1" vntheta="Agent"/>
        </role>
        <role descr="thing being abstracted" f="PPT" n="1">
          <vnrole vncls="10.1" vntheta="Theme"/>
        </role>
        <role descr="abstracted from" f="DIR" n="2">
          <vnrole vncls="10.1" vntheta="Source"/>
        </role>
      </roles>
      <example name="abstract-v: in the ether" src="" type="">
        <text>John was incapable of abstracting Mary from his own prejudices.</text>
        <arg f="" n="0">John</arg>
        <rel f="">abstracting</rel>
        <arg f="" n="1">Mary</arg>
        <arg f="" n="2">from his own prejudices</arg>
      </example>
      <example name="abstract-v: passive" src="internet" type="-">
        <inflection aspect="ns" form="participle" person="third" tense="present" voice="active"/>
        <text>Anti-transcendent skepticism holds that thought-1 can not be abstracted *trace*-1 away from some natural or material preconditions</text>
        <arg f="mod" n="m">can</arg>
        <arg f="neg" n="m">not</arg>
        <rel f="">abstracted</rel>
        <arg f="" n="1">*trace*-1 (= thought)</arg>
        <arg f="" n="2">away from some natural or material preconditions</arg>
      </example>
      <example name="abstraction-n" src="" type="">
        <text>One Cuil = One level of abstraction away from the reality of a situation.</text>
        <rel f="">abstraction</rel>
        <arg f="" n="2">away from the reality of a situation</arg>
      </example>
    </roleset>
  </predicate>
</frameset>
