<!DOCTYPE frameset SYSTEM "frameset.dtd">
<frameset>
  <predicate lemma="abstain">
    <roleset id="abstain.01" name="to refrain">
      <aliases>
        <alias framenet="Forgoing" pos="v" verbnet="">abstain</alias>
        <alias framenet="" pos="n" verbnet="">abstention</alias>
      </aliases>
      <note>ABSTAIN-V NOTES: Member of Vncls refrain-69. FNcls Forgoing. (from abstain.01-v)</note>
      <roles>
        <role descr="entity abstaining" f="PAG" n="0">
          <vnrole vncls="69" vntheta="Agent"/>
        </role>
        <role descr="abstaining from" f="PPT" n="1">
          <vnrole vncls="69" vntheta="Theme"/>
        </role>
      </roles>
      <example name="both arguments" src="" type="">
        <inflection aspect="ns" form="full" person="ns" tense="past" voice="active"/>
        <text>The Soviet Union abstained from a U.N. General Assembly vote [0] [*T*-1]to reject Israel 's credentials .</text>
        <arg f="" n="0">The Soviet Union</arg>
        <rel f="">abstained</rel>
        <arg f="" n="1">from a U.N. General Assembly vote [0] [*T*-1]to reject Israel 's credentials</arg>
      </example>
    </roleset>
  </predicate>
</frameset>
