<!DOCTYPE frameset SYSTEM "frameset.dtd">
<frameset>
  <predicate lemma="absurd">
    <roleset id="absurd.01" name="foolish, ridiculous">
      <aliases>
        <alias framenet="Mental_property" pos="j" verbnet="">absurd</alias>
      </aliases>
      <note>ABSURD-J NOTES: Added by Julia based on WSJ data. (from absurd.01-j)</note>
      <roles>
        <role descr="thing that is absurd (may require concatenation- see exs)" f="pag" n="1"/>
      </roles>
      <example name="arg1, EXT" src="WSJ" type="">
        <inflection aspect="ns" form="ns" person="ns" tense="ns" voice="ns"/>
        <text>The restrictions on viewing and dissemination of Voice material were especially absurd : An agency in the information business was not being allowed to inform .</text>
        <arg f="" n="1">The restrictions on viewing and dissemination of Voice material</arg>
        <arg f="ext" n="m">especially</arg>
        <rel f="">absurd</rel>
      </example>
      <example name="focus on him, concatenation required" src="internet" type="">
        <inflection aspect="ns" form="ns" person="ns" tense="ns" voice="ns"/>
        <text>The mere thought of that hey-go-mad child trying to run his home with any degree of comfort or order was absurd and he was absurd to experience a tinge of regret</text>
        <arg f="" n="1">[he][to experience a tinge of regret]</arg>
        <rel f="">absurd</rel>
      </example>
      <example name="Change of focus, concatenation needed" src="" type="">
        <inflection aspect="ns" form="ns" person="ns" tense="ns" voice="ns"/>
        <text>To experience a tinge of regret was absurd of him.</text>
        <arg f="" n="1">[To experience a tinge of regret][of him]</arg>
        <rel f="">absurd</rel>
      </example>
      <example name="arg1, ADV-attributive" src="internet" type="">
        <inflection aspect="ns" form="ns" person="ns" tense="ns" voice="ns"/>
        <text>I said you're being absurd about what you think my positions are.</text>
        <arg f="" n="1">you</arg>
        <rel f="">absurd</rel>
        <arg f="adv" n="m">about what you think my positions are</arg>
      </example>
    </roleset>
  </predicate>
</frameset>
