<!DOCTYPE frameset SYSTEM "frameset.dtd">
<frameset>
  <predicate lemma="abundant">
    <roleset id="abundant.01" name="plentiful">
      <aliases>
        <alias framenet="" pos="j" verbnet="">abundant</alias>
      </aliases>
      <note>ABUNDANT-J NOTES: Added by Julia based on SMS. (from abundant.01-j)</note>
      <roles>
        <role descr="plentiful commodity" f="ppt" n="1"/>
        <role descr="location with plenty of arg1" f="loc" n="2"/>
      </roles>
      <example name="both args, arg2 subject" src="internet" type="-">
        <inflection aspect="ns" form="ns" person="ns" tense="ns" voice="ns"/>
        <text>Earth is abundant with plentiful resources.</text>
        <arg f="" n="2">Earth</arg>
        <rel f="">abundant</rel>
        <arg f="" n="1">with plentiful resources</arg>
      </example>
      <example name="arg1" src="internet" type="">
        <inflection aspect="ns" form="ns" person="ns" tense="ns" voice="ns"/>
        <text>Documentation for this tale is abundant.</text>
        <arg f="" n="1">Documentation for this tale</arg>
        <rel f="">abundant</rel>
      </example>
    </roleset>
  </predicate>
</frameset>
