<!DOCTYPE frameset SYSTEM "frameset.dtd">
<frameset>
  <predicate lemma="abuse">
    <roleset id="abuse.01" name="mistreat a person or animal, often repeatedly, with violence or with cruelty">
      <aliases>
        <alias framenet="" pos="n" verbnet="">abuse</alias>
        <alias framenet="" pos="j" verbnet="">abusive</alias>
        <alias framenet="Abusing" pos="v" verbnet="">abuse</alias>
      </aliases>
      <note>ABUSE-V NOTES: Member of Vncls judgement-33. FNcls Abusing. (from abuse.01-v)</note>
      <note>ABUSE-N NOTES: Roleset based on verb entry abuse.01, ON sense 1 of abuse-n; maps to VN class judgement-33. Framed by Claire (from abuse.01-n)</note>
      <note>ABUSIVE-J NOTES: Added by Julia based on medi-tmprl1to8. (from abusive.01-j)</note>
      <roles>
        <role descr="abuser, agent" f="PAG" n="0">
          <vnrole vncls="33" vntheta="Agent"/>
        </role>
        <role descr="entity abused" f="PPT" n="1">
          <vnrole vncls="33" vntheta="Theme"/>
        </role>
      </roles>
      <example name="transitive" src="" type="">
        <inflection aspect="ns" form="full" person="ns" tense="past" voice="active"/>
        <text>These are the families who [*T*-1] used [*RNR*-3]-- and sometime abused [*RNR*-3] -- their sharecroppers , people who [*T*-2] had no encouragement and little access to an education or training for a better life .</text>
        <arg f="" n="0">[*T*-1] (= who)</arg>
        <arg f="slc" n="m">who -&gt; the families</arg>
        <arg f="tmp" n="m">sometime</arg>
        <rel f="">abused</rel>
        <arg f="" n="1">[*RNR*-3] (= their sharecroppers , people who [*T*-2]had no encouragement and little access to an education or training for a better life)</arg>
      </example>
      <example name="With Manner" src="NomBank" type="">
        <text>The teens withstood `` mental abuse '' from coaches.</text>
        <arg f="mnr" n="m">mental</arg>
        <rel f="">abuse</rel>
        <arg f="" n="0">from coaches</arg>
      </example>
      <example name="Abused only" src="ON sense n 1" type="">
        <inflection aspect="ns" form="ns" person="ns" tense="ns" voice="ns"/>
        <text>The court determined it was a clear case of child abuse.</text>
        <arg f="" n="1">child</arg>
        <rel f="">abuse</rel>
      </example>
      <example name="All arguments" src="web" type="">
        <inflection aspect="ns" form="ns" person="ns" tense="ns" voice="ns"/>
        <text>Because of his abuse of his daughter, Mary, Jim Pierce isn't welcome on the tour.</text>
        <arg f="" n="0">his</arg>
        <rel f="">abuse</rel>
        <arg f="" n="1">of his daughter, Mary,</arg>
      </example>
    </roleset>
    <roleset id="abuse.02" name="use (something) to bad effect or for a bad purpose; misuse">
      <aliases>
        <alias framenet="" pos="n" verbnet="">abuse</alias>
        <alias framenet="" pos="v" verbnet="">abuse</alias>
        <alias framenet="" pos="j" verbnet="">abusive</alias>
      </aliases>
      
      <roles>
        <role descr="user" f="pag" n="0"/>
        <role descr="thing misused" f="ppt" n="1"/>
      </roles>
      <example name="NP only, all arguments" src="NomBank frames" type="">
        <text>abuse of copyrighted material by home tapers</text>
        <rel f="">abuse</rel>
        <arg f="" n="1">of copyrighted material</arg>
        <arg f="" n="0">by home tapers</arg>
      </example>
      <example name="Abused only" src="ON sense 2" type="">
        <text>The actor spoke of his years of drug and alcohol abuse.</text>
        <arg f="" n="1">drug and alcohol</arg>
        <rel f="">abuse</rel>
      </example>
      <example name="NP only" src="NomBank" type="">
        <text>abuse of the public trust</text>
        <rel f="">abuse</rel>
        <arg f="" n="1">of the public trust</arg>
      </example>

      <example name="Abused as PP" src="ON sense n 2" type="">
        <inflection aspect="ns" form="ns" person="ns" tense="ns" voice="ns"/>
        <text>The mayor was indicted for the abuse of public funds.</text>
        <rel f="">abuse</rel>
        <arg f="" n="1">of public funds</arg>
      </example>
    <note>ABUSE-N NOTES: Roleset based on OntoNotes sense 2 of abuse-n, no relevant PB verb entry; no relevant mapping to VN. Comparison to verb-misuse.01. Framed by Claire. (from abuse.02-n)</note>
</roleset>




    <roleset id="abuse.03" name="use offending language">
      <aliases>
        <alias framenet="" pos="n" verbnet="">abuse</alias>
        <alias framenet="" pos="l" verbnet="">hurl_abuse</alias>
        <alias framenet="" pos="j" verbnet="">abusive</alias>
        <alias framenet="Abusing" pos="v" verbnet="">abuse</alias>
      </aliases>
      <roles>
        <role descr="abuser, agent" f="pag" n="0">
          <vnrole vncls="33" vntheta="agent"/>
        </role>
        <role descr="entity insulted" f="ppt" n="1">
          <vnrole vncls="33" vntheta="theme"/>
        </role>
        <role descr="explicit mention of utterance or insult" f="mnr" n="2">
        </role>
      </roles>

      <example name="All arguments" src="web" type="">
        <inflection aspect="ns" form="ns" person="ns" tense="ns" voice="ns"/>
        <text>The referee was abused by players from both teams.</text>
        <arg f="" n="1">The referee</arg>
        <rel f="">abused</rel>
        <arg f="" n="0">players from both teams</arg>
      </example>
      
      <example name="All arguments" src="web" type="">
        <inflection aspect="ns" form="ns" person="ns" tense="ns" voice="ns"/>
        <text>He used abusive language.</text>
        <rel f="">abusive</rel>
        <arg f="" n="2">language</arg>
      </example>
    </roleset>



  </predicate>
</frameset>
