<!DOCTYPE frameset SYSTEM "frameset.dtd">
<frameset>
  <predicate lemma="abut">
    <roleset id="abut.01" name="be one the edge of">
      <aliases>
        <alias framenet="Locative_relation" pos="v" verbnet="">abut</alias>
      </aliases>
      <note>ABUT-V NOTES: Created by Jena based on ectb.Member of Vncls contiguous_location-47.8-1. (from abut.01-v)</note>
      <roles>
        <role descr="abutter" f="PPT" n="1">
          <vnrole vncls="47.8-1" vntheta="Theme"/>
        </role>
        <role descr="abutted" f="PPT" n="2">
          <vnrole vncls="47.8-1" vntheta="co-theme"/>
        </role>
      </roles>
      <example name="border with" src="" type="">
        <text>It abuts Sanchih Rural Township to the northeast.</text>
        <arg f="" n="1">It</arg>
        <rel f="">abuts</rel>
        <arg f="" n="2">Sanchih Rural Township</arg>
        <arg f="dir" n="m">to the northeast</arg>
      </example>
    </roleset>
  </predicate>
</frameset>
