<!DOCTYPE frameset SYSTEM "frameset.dtd">
<frameset>
  <predicate lemma="abysmal">
    <roleset id="abysmal.01" name="generally terrible, in the absolute lowest ranges">
      <aliases>
        <alias framenet="" pos="j" verbnet="">abysmal</alias>
      </aliases>
      <note>ABYSMAL-J NOTES: Added by Julia.</note>
      <roles>
        <role descr="generally terrible entity" f="pag" n="1"/>
        <role descr="value" f="ppt" n="2"/>
      </roles>
      <example name="abysmal-j" src="" type="">
        <text>EPS of patients treated between 1975 and 85 was abysmal at 8.5 percent which has increased to 45 percent 2-year-EFS in the recent analysis.</text>
        <arg f="" n="1">EPS of patients treated between 1975 and 85</arg>
        <rel f="">abysmal</rel>
        <arg f="" n="2">at 8.5 percent which has increased to 45 percent 2-year-EFS in the recent analysis</arg>
      </example>
    </roleset>
    <roleset id="abysmal.02" name="be extremely unskilled at">
      <aliases>
        <alias framenet="" pos="j" verbnet="">abysmal</alias>
      </aliases>
      <note>ABYSMAL-J NOTES: Added by Julia.</note>
      <roles>
        <role descr="unskilled entity" f="pag" n="1"/>
        <role descr="non-skill" f="ppt" n="2"/>
      </roles>
      <example name="abysmal-j" src="" type="">
        <text>She was abysmal at games and hated these turn of phrase ones.</text>
        <arg f="" n="1">She</arg>
        <rel f="">abysmal</rel>
        <arg f="" n="2">at games</arg>
      </example>
    </roleset>
  </predicate>
</frameset>
