<!DOCTYPE frameset SYSTEM "frameset.dtd">
<frameset>
  <predicate lemma="accession">
    <roleset id="accession.01" name="mathematics, mixing, add something to something else, increase">
      <aliases>
        <alias framenet="" pos="v" verbnet="">accession</alias>
        <alias framenet="" pos="n" verbnet="">accession</alias>
      </aliases>
      <note>ACCESSION-N NOTES: Based on ontonotes nouns. Comparison to addition.01-n. See VN classes 108-multiply and mix-22.1-2. Framed by Katie. (from accession.01-n)</note>
      <note>ACCESSION-V NOTES: Automatically added alias.</note>
      <roles>
        <role descr="agent" f="pag" n="0"/>
        <role descr="supplement" f="ppt" n="1"/>
        <role descr="original" f="ppt" n="2"/>
      </roles>
      <example name="Turkey can't just add itself with no one else's blessing, so it is an arg 1" src="" type="">
        <inflection aspect="ns" form="ns" person="ns" tense="ns" voice="ns"/>
        <text>Turkey's accession to the European Union</text>
        <arg f="" n="1">Turkey's</arg>
        <rel f="">accession</rel>
        <arg f="" n="2">to the European Union</arg>
      </example>
      <example name="EU's allowing Greece in" src="" type="">
        <inflection aspect="ns" form="ns" person="ns" tense="ns" voice="ns"/>
        <text>The EU's accession of Greece</text>
        <arg f="" n="0">The EU's</arg>
        <rel f="">accession</rel>
        <arg f="" n="1">of Greece</arg>
      </example>
    </roleset>
  </predicate>
</frameset>
