<!DOCTYPE frameset SYSTEM "frameset.dtd">
<frameset>
  <predicate lemma="accentuate">
    <roleset id="accentuate.01" name="mark or emphasize">
      <aliases>
        <alias framenet="" pos="v" verbnet="">accentuate</alias>
      </aliases>
      <note>ACCENTUATE-V NOTES: Framed by Neville. (from accentuate.01-v)</note>
      <roles>
        <role descr="agent" f="pag" n="0"/>
        <role descr="thing accentuated" f="ppt" n="1"/>
        <role descr="instrument" f="mnr" n="2"/>
      </roles>
      <example name="passive, arg1 only" src="" type="">
        <text>With these new changes , the tasks of Customs with regard to [*] legallylevying taxes , [*]striking at smuggling , export refunds , etc. will be further accentuated [*-17] .</text>
        <arg f="mod" n="m">will</arg>
        <rel f="">accentuated</rel>
        <arg f="" n="1">[*-17] - the tasks of Customs with regard to [*]legallylevying taxes , [*] striking at smuggling , export refunds , etc.</arg>
      </example>
    </roleset>
  </predicate>
</frameset>
