<!DOCTYPE frameset SYSTEM "frameset.dtd">
<frameset>
  <predicate lemma="accelerate">
    <roleset id="accelerate.01" name="make be faster, the act of speeding up">
      <aliases>
        <alias framenet="" pos="v" verbnet="">accelerate</alias>
        <alias framenet="" pos="n" verbnet="">acceleration</alias>
      </aliases>
      <note>ACCELERATE-V NOTES: Frames file for 'accelerate' based on sentences in financial subcorpusand automatic expansion via verbnet. (from accelerate.01-v predicate notes)</note>
      <note>ACCELERATION-N NOTES: Based on sentences in Bolt. Comparison to accelerate.01. Accelerate.01 is a member of VN class 45.4-other_cos. No FN class. Framed by Katie. (from acceleration.01-n)</note>
      <roles>
        <role descr="agent, causing acceleration" f="pag" n="0">
          <vnrole vncls="45.4" vntheta="agent"/>
        </role>
        <role descr="thing accelerating" f="ppt" n="1">
          <vnrole vncls="45.4" vntheta="patient"/>
        </role>
        <role descr="EXT" f="ext" n="2"/>
        <role descr="start point" f="dir" n="3"/>
        <role descr="end point" f="gol" n="4"/>
      </roles>
      <example name="ergative, no other args" src="" type="">
        <inflection aspect="progressive" form="participle" person="third" tense="present" voice="active"/>
        <text>That's up from about 687 a month in 1985, and it's accelerating: So far this month, foreclosures are averaging about 85 a day.</text>
        <arg f="" n="1">it</arg>
        <rel f="">accelerating</rel>
      </example>
      <example name="with start point" src="" type="">
        <inflection aspect="ns" form="full" person="ns" tense="past" voice="active"/>
        <text>The stock's decline accelerated in the past two weeks, from a price of $8 a share on Oct. 9.</text>
        <arg f="" n="1">The stock's decline</arg>
        <rel f="">accelerated</rel>
        <arg f="tmp" n="m">in the past two weeks</arg>
        <arg f="" n="3">from a price of $8 a share on Oct. 9</arg>
      </example>
      <example name="with adverbial extent" src="" type="">
        <inflection aspect="ns" form="full" person="ns" tense="present" voice="active"/>
        <text>The size and pace of disbursements will accelerate further under the Brady Plan, which promises larger and earlier disbursements to approved countries.</text>
        <arg f="" n="1">The size and pace of disbursements</arg>
        <arg f="mod" n="m">will</arg>
        <rel f="">accelerate</rel>
        <arg f="" n="2">further</arg>
        <arg f="loc" n="m">under the Brady Plan, which promises larger and earlier disbursements to approved countries</arg>
      </example>
      <example name="with agent" src="" type="">
        <inflection aspect="ns" form="full" person="ns" tense="present" voice="active"/>
        <text>Earlier this month, Staples Inc., a Newton, Mass., office-supplies discounter, said it would accelerate expansion plans nationwide and offer more of its stock to the public.</text>
        <arg f="" n="0">it</arg>
        <arg f="mod" n="m">would</arg>
        <rel f="">accelerate</rel>
        <arg f="" n="1">expansion plans</arg>
        <arg f="loc" n="m">nationwide</arg>
      </example>
      <example name="with end point" src="" type="">
        <inflection aspect="ns" form="full" person="ns" tense="past" voice="active"/>
        <text>Final-hour trading accelerated to 108.1 million shares, a record for the Big Board.</text>
        <arg f="" n="1">Final-hour trading</arg>
        <rel f="">accelerated</rel>
        <arg f="" n="4">to 108.1 million shares, a record for the Big Board</arg>
      </example>
      <example name="many argms" src="" type="">
        <inflection aspect="ns" form="ns" person="ns" tense="ns" voice="ns"/>
        <text>The quake has the highest peak ground acceleration ever recorded.</text>
        <arg f="adj" n="m">highest</arg>
        <arg f="adj" n="m">peak</arg>
        <arg f="loc" n="m">ground</arg>
        <rel f="">acceleration</rel>
      </example>
      <example name="with args" src="" type="">
        <inflection aspect="ns" form="ns" person="ns" tense="ns" voice="ns"/>
        <text>The egg's acceleration due to gravity caused it to smash upon impact with the ground.</text>
        <arg f="" n="1">The egg's</arg>
        <rel f="">acceleration</rel>
        <arg f="" n="0">due to gravity</arg>
      </example>
    </roleset>
  </predicate>
</frameset>
