<!DOCTYPE frameset SYSTEM "frameset.dtd">
<frameset>
  <predicate lemma="accede">
    <roleset id="accede.01" name="agree, adhere">
      <aliases>
        <alias framenet="Sign_agreement" pos="v" verbnet="">accede</alias>
      </aliases>
      <note>ACCEDE-V NOTES: Member of VNcls acquiesce-95. (from accede.01-v)</note>
      <roles>
        <role descr="acceder, agent" f="PAG" n="0">
          <vnrole vncls="95" vntheta="Agent"/>
        </role>
        <role descr="entity acceded to" f="COM" n="1">
          <vnrole vncls="95" vntheta="co-agent"/>
        </role>
      </roles>
      <example name="transitive" src="" type="">
        <inflection aspect="ns" form="full" person="ns" tense="past" voice="active"/>
        <text>Labor unions and Democrats long fought the idea , but recently acceded to it in the face of Bush administration insistence .</text>
        <arg f="" n="0">Labor unions and Democrats</arg>
        <arg f="dis" n="m">but</arg>
        <arg f="tmp" n="m">recently</arg>
        <rel f="">acceded</rel>
        <arg f="" n="1">to it</arg>
        <arg f="prp" n="m">in the face of Bush administration insistence</arg>
      </example>
      <example name="intransitive" src="" type="">
        <inflection aspect="ns" form="full" person="ns" tense="future" voice="active"/>
        <text>Perhaps even the American apologists will now accede .</text>
        <arg f="" n="m">Perhaps</arg>
        <arg f="" n="0">even the American apologists</arg>
        <arg f="mod" n="m">will</arg>
        <rel f="">accede</rel>
      </example>
    </roleset>
  </predicate>
</frameset>
