<!DOCTYPE frameset SYSTEM "frameset.dtd">
<frameset>
  <predicate lemma="accept">
    <roleset id="accept.01" name="take willingly">
      <aliases>
        <alias framenet="Receiving Respond_to_proposal" pos="v" verbnet="">accept</alias>
        <alias framenet="" pos="n" verbnet="">acceptance</alias>
      </aliases>
      <note>ACCEPT-V NOTES: Frames file for 'accept' based on survey of initial sentences of big corpus. VerbNet entries approve-77, characterize-29.2-1-1, and obtain-13.5.2. (from accept.01-v)</note>
      <note>ACCEPTANCE-N NOTES: Roleset based on verb entry accept.01, ON acceptance-n senses 1, 2, 3, 4; maps to VN classes approve-77, characterize-29.2-1-1, and obtain-13.5.2. Framed by Claire. (from acceptance.01-n)</note>
      <roles>
        <role descr="acceptor" f="pag" n="0">
          <vnrole vncls="29.2-1-1" vntheta="agent"/>
          <vnrole vncls="13.5.2" vntheta="agent"/>
          <vnrole vncls="77.1" vntheta="agent"/>
        </role>
        <role descr="thing accepted" f="ppt" n="1">
          <vnrole vncls="29.2-1-1" vntheta="theme"/>
          <vnrole vncls="13.5.2" vntheta="theme"/>
          <vnrole vncls="77.1" vntheta="theme"/>
        </role>
        <role descr="accepted-from" f="dir" n="2">
          <vnrole vncls="13.5.2" vntheta="source"/>
        </role>
        <role descr="attribute" f="prd" n="3">
          <vnrole vncls="29.2-1-1" vntheta="attribute"/>
        </role>
      </roles>
      <example name="transitive agentive" src="" type="">
        <text>The companies prevent [them]-1 from *trace*-1 accepting our superior cash offer.</text>
        <arg f="" n="0">*trace*-1 (= them)</arg>
        <rel f="">accepting</rel>
        <arg f="" n="1">our superior cash offer</arg>
      </example>
      <example name="with donor" src="" type="">
        <text>He wouldn't accept anything of value from those he was writing about.</text>
        <arg f="" n="0">He</arg>
        <arg f="mod" n="m">would</arg>
        <arg f="neg" n="m">n't</arg>
        <rel f="">accept</rel>
        <arg f="" n="1">anything of value</arg>
        <arg f="" n="2">from those he was writing about</arg>
      </example>
      <example name="with attribute" src="" type="">
        <text>There are [many practices]-1 historically accepted *trace*-1 as normal here.</text>
        <arg f="tmp" n="m">historically</arg>
        <rel f="">accepted</rel>
        <arg f="" n="1">*trace*-1 (= many practices)</arg>
        <arg f="" n="3">as normal</arg>
        <arg f="loc" n="m">here</arg>
      </example>
      <example name="NP only, args 0 &amp; 1" src="NomBank frames" type="">
        <text>government acceptance of its bid for control of Jaguar</text>
        <arg f="" n="0">government</arg>
        <rel f="">acceptance</rel>
        <arg f="" n="1">of its bid for control of Jaguar</arg>
      </example>
      <example name="Acceptance of idea" src="ON sense 1" type="">
        <text>Their acceptance of the literal truth of the Bible made them reject any theory of natural evolution.</text>
        <arg f="" n="0">Their</arg>
        <rel f="">acceptance</rel>
        <arg f="" n="1">of the literal truth of the Bible</arg>
      </example>
      <example name="Arg 0 as PP" src="ON sense 2" type="">
        <inflection aspect="ns" form="ns" person="ns" tense="ns" voice="ns"/>
        <text>After three rejections, his acceptance to Harvard came as a surprise to John.</text>
        <arg f="" n="1">his</arg>
        <rel f="">acceptance</rel>
        <arg f="" n="0">to Harvard</arg>
      </example>
      <example name="With attribute" src="ON sense 4" type="">
        <inflection aspect="ns" form="ns" person="ns" tense="ns" voice="ns"/>
        <text>The acceptance of the baby as her own required the lamb to smell the same as the ewe's own offspring.</text>
        <rel f="">acceptance</rel>
        <arg f="" n="1">of the baby</arg>
        <arg f="" n="3">as her own</arg>
      </example>
      <example name="With Source" src="web" type="">
        <inflection aspect="ns" form="ns" person="ns" tense="ns" voice="ns"/>
        <text>In accordance with our acceptance of funds from the U.S. Treasury, cash dividends on common stock are not permitted without prior approval from the U.S.</text>
        <arg f="" n="0">Our</arg>
        <rel f="">acceptance</rel>
        <arg f="" n="1">of funds</arg>
        <arg f="" n="2">from the U.S. Treasury</arg>
      </example>
    </roleset>
  </predicate>
  <predicate lemma="acceptable">
    <roleset id="acceptable.02" name="worthy of accepting">
      <aliases>
        <alias framenet="" pos="j" verbnet="">acceptable</alias>
      </aliases>
      <note>ACCEPTABLE-J NOTES: Added by Julia based on BOLT-1. Relation to verb-accept.01. (from acceptable.01-j)</note>
      <roles>
        <role descr="acceptor" f="pag" n="0"/>
        <role descr="thing accepted" f="ppt" n="1"/>
        <role descr="accepted from" f="dir" n="2"/>
        <role descr="attribute" f="prd" n="3"/>
      </roles>
      <example name="All args" src="web" type="">
        <inflection aspect="ns" form="ns" person="ns" tense="ns" voice="ns"/>
        <text>She was acceptable to the Confederates, who allowed her through to Andersonville.</text>
        <arg f="" n="1">She</arg>
        <rel f="">acceptable</rel>
        <arg f="" n="0">to the Confederates, who allowed her through Andersonville.</arg>
      </example>
      <example name="args 1, 3" src="internet" type="">
        <inflection aspect="ns" form="ns" person="ns" tense="ns" voice="ns"/>
        <text>An out of state license is acceptable as a second form of ID, but not as proof of your legal name and date of birth.</text>
        <arg f="" n="1">An out of state license</arg>
        <rel f="">acceptable</rel>
        <arg f="" n="3">as a second form of ID</arg>
      </example>
      <example name="args1, 2" src="internet" type="">
        <inflection aspect="ns" form="ns" person="ns" tense="ns" voice="ns"/>
        <text>How much noise is acceptable from an upstairs neighbor?</text>
        <arg f="" n="1">How much noise</arg>
        <rel f="">acceptable</rel>
        <arg f="" n="2">from an upstairs neighbor</arg>
      </example>
    </roleset>
  </predicate>
</frameset>
