<!DOCTYPE frameset SYSTEM "frameset.dtd">
<frameset>
  <predicate lemma="accessorize">
    <roleset id="accessorize.01" name="furnish with accessories">
      <aliases>
        <alias framenet="" pos="v" verbnet="">accessorize</alias>
      </aliases>
      <note>ACCESSORIZE-V NOTES: Framed by Neville. (from accessorize.01-v)</note>
      <roles>
        <role descr="agent, furnishing entity" f="pag" n="0"/>
        <role descr="entity furnished" f="ppt" n="1"/>
        <role descr="furnished with what" f="vsp" n="2"/>
      </roles>
      <example name="transitive, arg0 and arg1" src="" type="">
        <text>The project of Shandong Daewoo Automobile Parts and Components Co. , Ltd. ,that Korea 's Daewoo Corp. is participating in [*] investing in [*T*-34], hasa total investment exceeding 2 billion yuan RMB and an annual production ofautomobile parts and components that [*T*-35] could accessorize 200,000 to 300,000 cars .</text>
        <arg f="" n="0">[*T*-35] (= that)</arg>
        <arg f="slc" n="m">that -&gt; [an annual production of automobile parts and components]</arg>
        <arg f="mod" n="m">could</arg>
        <rel f="">accessorize</rel>
        <arg f="" n="1">200,000 to 300,000 cars</arg>
      </example>
    </roleset>
  </predicate>
</frameset>
