<!DOCTYPE frameset SYSTEM "frameset.dtd">
<frameset>
  <predicate lemma="access">
    <roleset id="access.01" name="access, gain entry">
      <aliases>
        <alias framenet="" pos="n" verbnet="">access</alias>
        <alias framenet="" pos="v" verbnet="">access</alias>
      </aliases>
      <note>ACCESS-V NOTES: Frames file for 'access' based on sentences in wsj. No Verbnet entry. (from access.01-v predicate notes)</note>
      <note>ACCESS-N NOTES: Roleset for access based on verb entry access.01, OntoNotes access-n grouping senses 1, 2, 3, 5, 6,&amp; 7; no mapping to VN. Framed by Claire. (from access.01-n)</note>
      <roles>
        <role descr="accessor" f="PAG" n="0"/>
        <role descr="thing accessed" f="PPT" n="1"/>
      </roles>
      <example name="do they really need to explain this?" src="" type="">
        <inflection aspect="ns" form="infinitive" person="ns" tense="ns" voice="ns"/>
        <text>Disk drives, which allow a computer to access its memory, generated 38% more revenue in the most recent period compared with the fiscal first quarter a year earlier.</text>
        <arg f="" n="0">a computer</arg>
        <rel f="">access</rel>
        <arg f="" n="1">its memory</arg>
      </example>
      <example name="NP only, all arguments" src="NomBank frames" type="">
        <text>U.S. access to the Japanese semiconductor market</text>
        <arg f="" n="0">U.S.</arg>
        <rel f="">access</rel>
        <arg f="" n="1">to the Japanese semiconductor market</arg>
      </example>
      <example name="arg 1 only" src="ON sense n 1" type="">
        <text>The court has denied the mother access to her children after the incident.</text>
        <rel f="">access</rel>
        <arg f="" n="1">to her children</arg>
      </example>
      <example name="Arg ) only" src="ON sense n 2" type="">
        <inflection aspect="ns" form="ns" person="ns" tense="ns" voice="ns"/>
        <text>The restaurant just added wheelchair access.</text>
        <arg f="" n="0">wheelchair</arg>
        <rel f="">access</rel>
      </example>
      <example name="Arg 1 as modifier" src="ON sense 5" type="">
        <inflection aspect="ns" form="ns" person="ns" tense="ns" voice="ns"/>
        <text>Data access in registers in main memory is much faster than access on the disk drive.</text>
        <arg f="" n="1">Data</arg>
        <rel f="">access</rel>
        <arg f="loc" n="m">in registers in main memory</arg>
      </example>
      <example name="Accessing rage, all arguments" src="ON sense 7" type="">
        <inflection aspect="ns" form="ns" person="ns" tense="ns" voice="ns"/>
        <text>The therapist asked the patient about his recent accesses of rage at work.</text>
        <arg f="" n="0">his</arg>
        <arg f="tmp" n="m">recent</arg>
        <rel f="">accesses</rel>
        <arg f="" n="1">of rage</arg>
        <arg f="loc" n="m">at work</arg>
      </example>
    </roleset>
  </predicate>
  <predicate lemma="accessible">
    <roleset id="accessible.02" name="able to be reached, attained">
      <aliases>
        <alias framenet="" pos="j" verbnet="">accessible</alias>
      </aliases>
      <note>ACCESSIBLE-J NOTES: Added by Julia based on medi-tmprl1to8. Relation to 'access.01'. (from accessible.01-j)</note>
      <roles>
        <role descr="accessor" f="pag" n="0"/>
        <role descr="thing accessed" f="ppt" n="1"/>
      </roles>
      <example name="arg1" src="medi-tmprl" type="">
        <inflection aspect="ns" form="ns" person="ns" tense="ns" voice="ns"/>
        <text>The left upper lobe lesion is indeterminate , but not be accessible for biopsy , though it could be resected , if necessary .</text>
        <arg f="" n="1">The left upper lobe lesion</arg>
        <arg f="neg" n="m">not</arg>
        <rel f="">accessible</rel>
        <arg f="prp" n="m">for biopsy</arg>
        <arg f="adv" n="m">though it could be resected, if necessary</arg>
      </example>
    </roleset>
  </predicate>
</frameset>
