<!DOCTYPE frameset SYSTEM "frameset.dtd">
<frameset>
  <predicate lemma="accent">
    <roleset id="accent.01" name="to bring out certain features">
      <aliases>
        <alias framenet="" pos="v" verbnet="">accent</alias>
      </aliases>
      <note>ACCENT-V NOTES: No VNcls. No FNcls. (from accent.01-v)</note>
      <roles>
        <role descr="decorator" f="pag" n="0"/>
        <role descr="thing decorated" f="gol" n="1"/>
        <role descr="decorations" f="ppt" n="2"/>
      </roles>
      <example name="BNC example" src="" type="">
        <text>It's natural that Yuri should so enjoy dressing down , when for some much of his life he has been zipped into elaborate Bolshoi costumes, [his cheekbones and eyes]-1 accented *trace*-1 by thick, expertly applied theatrical make-up.</text>
        <rel f="">accented</rel>
        <arg f="" n="1">*trace*-1 (= his cheekbones and eyes)</arg>
        <arg f="" n="2">by thick, expertly applied theatrical make-up</arg>
      </example>
      <example name="made up" src="" type="">
        <text>They accented the new dining area with throw pillows of a ghastly turquoise hue.</text>
        <arg f="" n="0">They</arg>
        <rel f="">accented</rel>
        <arg f="" n="1">the new dining area</arg>
        <arg f="" n="2">with throw pillos of a ghastly turquoise hue</arg>
      </example>
    </roleset>
  </predicate>
</frameset>
