<!DOCTYPE frameset SYSTEM "frameset.dtd">
<frameset>
  <predicate lemma="accident">
    <roleset id="accident.01" name="screw-up, unplanned event that may or may not cause damage">
      <aliases>
        <alias framenet="" pos="n" verbnet="">accident</alias>
        <alias framenet="" pos="l" verbnet="">have_accident</alias>
      </aliases>
      <note>ACCIDENT-N NOTES: Added automatically by Julia. (from accident.01-n)</note>
      <roles>
        <role descr="causer of accident, entity who screws up" f="pag" n="0"/>
        <role descr="type of accident" f="vsp" n="1"/>
      </roles>
      <example name="" src="" type="">
        <text>Clift never physically or emotionally recovered from his car accident.</text>
      </example>
    </roleset>
  </predicate>
</frameset>
