<!DOCTYPE frameset SYSTEM "frameset.dtd">
<frameset>
  <predicate lemma="acclaim">
    <roleset id="acclaim.01" name="approve of loudly">
      <aliases>
        <alias framenet="" pos="n" verbnet="">acclaim</alias>
        <alias framenet="Judgment_communication" pos="v" verbnet="">acclaim</alias>
      </aliases>
      <note>ACCLAIM-V NOTES: Verbnet entry judgement-33, Framenet entry Judgement_communication. (from acclaim.01-v)</note>
      <note>ACCLAIM-N NOTES: Roleset based on verb entry acclaim.01, OntoNotes acclaim-n grouping sense 1; maps to VN entry judgement-33. Framed by Claire. (from acclaim.01-n)</note>
      <roles>
        <note>Usually the cause and the acclaimed party are merged, as in the first example. (from acclaim.01-v)</note>
        <role descr="acclaimer" f="pag" n="0">
          <vnrole vncls="33" vntheta="agent"/>
        </role>
        <role descr="acclaimed" f="ppt" n="1">
          <vnrole vncls="33" vntheta="theme"/>
        </role>
        <role descr="cause, acclaimed for what?" f="cau" n="2"/>
      </roles>
      <example name="usually just transitive" src="" type="">
        <inflection aspect="ns" form="infinitive" person="ns" tense="ns" voice="active"/>
        <text>On Oct. 3, following conversations with Secretary of State James Baker,[Soviet Foreign Minister Eduard Shevardnadze]-1 arrived in Managua [*-1} to acclaim ``Nicaragua's great peace efforts.''</text>
        <arg f="" n="0">[*-1] (= Soviet Foreign Minister Eduard Sheverdnadze)</arg>
        <rel f="">acclaim</rel>
        <arg f="" n="1">Nicaragua's great peace efforts</arg>
      </example>
      <example name="oddly with cause" src="" type="">
        <inflection aspect="ns" form="full" person="ns" tense="past" voice="active"/>
        <text>Mary acclaimed John for cleaning the garage.</text>
        <arg f="" n="0">Mary</arg>
        <rel f="">acclaimed</rel>
        <arg f="" n="1">John</arg>
        <arg f="" n="2">for cleaning the garage</arg>
      </example>
      <example name="passive" src="internet" type="-">
        <inflection aspect="ns" form="participle" person="third" tense="past" voice="passive"/>
        <text>[The series]-1 was critically acclaimed *trace*-1 for its thoughtful and intense treatment of difficult issues.</text>
        <arg f="mnr" n="m">critically</arg>
        <rel f="">acclaimed</rel>
        <arg f="" n="1">*trace*-1 (= The series)</arg>
        <arg f="" n="2">for its thoughtful and intense treatment of difficult issues</arg>
      </example>
      <example name="Args 0 &amp; 1" src="ON sense 1" type="">
        <inflection aspect="ns" form="ns" person="ns" tense="ns" voice="ns"/>
        <text>The manager's acclaim of John's report caused envy among his co-workers.</text>
        <arg f="" n="0">The manager's</arg>
        <rel f="">acclaim</rel>
        <arg f="" n="1">of John's report</arg>
      </example>
      <example name="Args 0 &amp; 2" src="web" type="">
        <inflection aspect="ns" form="ns" person="ns" tense="ns" voice="ns"/>
        <text>The author has won the acclaim of critics nationwide for her complex, suspenseful legal thrillers.</text>
        <rel f="">acclaim</rel>
        <arg f="" n="0">of critics nationwide</arg>
        <arg f="" n="2">for her complex, suspenseful legal thrillers.</arg>
      </example>
    </roleset>
  </predicate>
</frameset>
