<!DOCTYPE frameset SYSTEM "frameset.dtd">
<frameset>
  <predicate lemma="acclimate">
    <roleset id="acclimate.01" name="(cause to) become used to">
      <aliases>
        <alias framenet="" pos="v" verbnet="">acclimate</alias>
      </aliases>
      <note>ACCLIMATE-V NOTES: Added by Julia based on BOLT. No Vncls. Comparison to 'accustom.01'. (from acclimate.01-v)</note>
      <roles>
        <role descr="agent, cause of adjustment" f="PAG" n="0"/>
        <role descr="entity becoming accustomed" f="ppt" n="1"/>
        <role descr="to what; the new climate" f="gol" n="2"/>
      </roles>
      <example name="all args. Arg0 is a cause" src="BOLT" type="">
        <inflection aspect="ns" form="ns" person="ns" tense="ns" voice="ns"/>
        <text>There has been much talk about this in recent years , and it almost seems as if this is a desensitization process *WHNP*-1 [*-1] to acclimate people to the idea .</text>
        <arg f="" n="0">[*-1]</arg>
        <arg f="slc" n="m">*WHNP*-1 -&gt; [a desensitization process]</arg>
        <rel f="">acclimate</rel>
        <arg f="" n="1">people</arg>
        <arg f="" n="2">to the idea</arg>
      </example>
    </roleset>
  </predicate>
</frameset>
