<!DOCTYPE frameset SYSTEM "frameset.dtd">
<frameset>
  <predicate lemma="acclimatize">
    <roleset id="acclimatize.01" name="(cause to) become used to">
      <aliases>
        <alias framenet="-" pos="v" verbnet="-">acclimatize</alias>
      </aliases>
      <note> Added by Katie based on BOLT. No Vncls. Comparison to 'acclimate.01'.
</note>
      <roles>
        <note/>
        <role descr="agent, cause of adjustment" f="PAG" n="0"/>
        <role descr="entity becoming accustomed" f="ppt" n="1"/>
        <role descr="to what; the new climate" f="gol" n="2"/>
      </roles>
      <example name="all args" src="BOLT" type="">
        <inflection aspect="ns" form="ns" person="ns" tense="ns" voice="ns"/>
        <text>They acclimatized themselves to the thin air while ascending Everest.</text>
        <arg f="" n="0">They</arg>
        <rel f="">acclimatized</rel>
        <arg f="" n="1">themselves</arg>
        <arg f="tmp" n="m">while ascending Everest</arg>
      </example>
    </roleset>
  </predicate>
</frameset>
