<!DOCTYPE frameset SYSTEM "frameset.dtd">
<frameset>
  <predicate lemma="accompany">
    <roleset id="accompany.01" name="go along with">
      <aliases>
        <alias framenet="Cotheme" pos="v" verbnet="">accompany</alias>
        <alias framenet="" pos="n" verbnet="">accompaniment</alias>
      </aliases>
      <note>ACCOMPANY-V NOTES: Member of VNcls accompany-51.7. (from accompany.01-v)</note>
      <note>ACCOMPANIMENT-N NOTES: Based on ontonotes nouns. Comparison to accompany.01-v. Accompany.01 is a member of VN class accompany-51.7. Framed by Katie. (from accompaniment.01-n)</note>
      <roles>
        <role descr="subject accompanier" f="pag" n="0">
          <vnrole vncls="51.7" vntheta="agent"/>
        </role>
        <role descr="object accompanied" f="ppt" n="1">
          <vnrole vncls="51.7" vntheta="theme"/>
        </role>
        <role descr="start point" f="dir" n="3"/>
        <role descr="end point" f="gol" n="4">
          <vnrole vncls="51.7" vntheta="destination"/>
        </role>
      </roles>
      <example name="active" src="" type="">
        <inflection aspect="progressive" form="participle" person="ns" tense="ns" voice="active"/>
        <text>The figure was incorrectly shown as a net loss in a chart accompanying Friday's Heard on the Street column.</text>
        <arg f="" n="0">a chart</arg>
        <rel f="">accompanying</rel>
        <arg f="" n="1">Friday 's Heard on the Street column</arg>
      </example>
      <example name="passive" src="" type="">
        <inflection aspect="ns" form="participle" person="ns" tense="present" voice="passive"/>
        <text>Mr. Dempsey estimated that [the issue's London debut]-1 was accompanied *trace*-1 by ``very, very heavy turnover -- between five million and six million shares.''</text>
        <rel f="">accompanied</rel>
        <arg f="" n="1">*trace*-1</arg>
        <arg f="" n="0">by ``very, very heavy turnover -- between five million and six million shares</arg>
      </example>
      <example name="with start and end point, verbnetted" src="lead.01" type="">
        <inflection aspect="ns" form="full" person="ns" tense="past" voice="active"/>
        <text>John led the unhappy group of travellers from the frying pan to the fire.</text>
        <arg f="" n="0">John</arg>
        <rel f="">accompanied</rel>
        <arg f="" n="1">the unhappy group of travellers</arg>
        <arg f="" n="3">from the frying pan</arg>
        <arg f="" n="4">to the fire</arg>
      </example>
      <example name="aftershocks are accompanying the earthquake" src="" type="">
        <text>Following the big quake was an accompaniment of aftershocks of varying sizes stricking at random, along with stormy adverse weather conditions.</text>
        <rel f="">accompaniment</rel>
        <arg f="" n="0">of aftershocks of varying sizes stricking at random along with stormy adverse weather conditions.</arg>
      </example>
      <example name="literal start and end" src="" type="">
        <inflection aspect="ns" form="ns" person="ns" tense="ns" voice="ns"/>
        <text>the piano's accompaniment from start to finish</text>
        <arg f="" n="0">the piano's</arg>
        <rel f="">accompaniment</rel>
        <arg f="" n="3">from start</arg>
        <arg f="" n="4">to finish</arg>
      </example>
    </roleset>
  </predicate>
</frameset>
