<!DOCTYPE frameset SYSTEM "frameset.dtd">
<frameset>
  <predicate lemma="account">
    <roleset id="account.01" name="deal with, explain, give/tell report or explanation">
      <aliases>
        <alias framenet="" pos="n" verbnet="">account</alias>
        <alias framenet="Explaining_the_facts Justifying" pos="v" verbnet="">account</alias>
        <alias framenet="" pos="n" verbnet="">accounting</alias>
      </aliases>
      <note>ACCOUNT-V NOTES: No VNcls. Comparison with handle. (from account.01-v)</note>
      <note>ACCOUNT-N NOTES: Roleset based OntoNotes account-n grouping senses 2&amp; 3; no relevant PB verb entry; no mapping to VN. Framed by Claire. (from account.01-n)</note>
      <note>ACCOUNTING-N NOTES: Roleset based on verb entry account.01, OntoNotes grouping accounting-n sense 1; no mapping to VN. Framed by Claire. (from accounting.01-n)</note>
      <roles>
        <role descr="accounter" f="pag" n="0"/>
        <role descr="thing accounted for, dealt with, explained" f="ppt" n="1"/>
        <role descr="instrumental, accounted for with or by" f="mnr" n="2"/>
      </roles>
      <example name="account-v: the bulk of the examples look just like this" src="" type="">
        <text>Profit-taking accounted for much of the slide in OTC stock prices, according to David Mills, senior vice president of Boston Company Advisers.</text>
        <arg f="" n="0">Profit-taking</arg>
        <rel f="">accounted</rel>
        <arg f="" n="1">for much of the slide in OTC stock prices</arg>
      </example>
      <example name="account-v: adding instrumental" src="" type="">
        <text>John accounted for his absence from the meeting with a wild story of alien abduction.</text>
        <arg f="" n="0">John</arg>
        <rel f="">accounted</rel>
        <arg f="" n="1">for his absence from the meeting</arg>
        <arg f="" n="2">with a wild story of alien abduction</arg>
      </example>
      <example name="account-n: NP only, args 0 &amp; 1" src="NomBank frames" type="">
        <text>the Associated Press 's account of the Monday sequester ordersigned by President Bush</text>
        <arg f="" n="0">the Associated Press 's</arg>
        <rel f="">account</rel>
        <arg f="" n="1">of the Monday sequester order signed by President Bush</arg>
      </example>
      <example name="account-n: Args 0 &amp; 1" src="ON sense 2" type="">
        <text>John's account of the car crash had his listeners on the edges of their seats!</text>
        <arg f="" n="0">John's</arg>
        <rel f="">account</rel>
        <arg f="" n="1">of the car crash</arg>
      </example>
      <example name="account-n: All arguments, a little awkward, probably rare" src="web" type="">
        <inflection aspect="ns" form="ns" person="ns" tense="ns" voice="ns"/>
        <text>Her account to Mirkheim of her taste in films and of the absurd horror screenplay she's written is mercilessly funny.</text>
        <arg f="" n="0">Her</arg>
        <rel f="">account</rel>
        <arg f="gol" n="m">to Mirkheim</arg>
        <arg f="" n="1">of her taste in films and of the absurd horror screenplay she's written</arg>
      </example>
      <example name="account-n: Within LVC" src="nouns-lv" type="">
        <inflection aspect="ns" form="ns" person="ns" tense="ns" voice="ns"/>
        <text>After *PRO* taking into account the fallout from the China crisis , the government has projected 1989 GDP growth of 5 % .</text>
        <arg f="" n="0">*PRO*</arg>
        <arg f="lvb" n="m">taking</arg>
        <rel f="">account</rel>
        <arg f="" n="1">the fallout from the China crisis</arg>
      </example>
      <example name="accounting-n: LVB, Arg 1 and modifier" src="ON sense 1" type="">
        <inflection aspect="ns" form="ns" person="ns" tense="ns" voice="ns"/>
        <text>He-1 was unable *PRO*-1 to give a clear accounting for his actions.</text>
        <arg f="" n="0">*PRO*-1</arg>
        <arg f="lvbr" n="m">give</arg>
        <arg f="mnr" n="m">clear</arg>
        <rel f="">accounting</rel>
        <arg f="" n="1">for his actions</arg>
      </example>
      <example name="accounting-n: Idiomatic usage" src="ON sense 1" type="">
        <inflection aspect="ns" form="ns" person="ns" tense="ns" voice="ns"/>
        <text>I guess there's no accounting for taste.</text>
        <arg f="neg" n="m">no</arg>
        <rel f="">accounting</rel>
        <arg f="" n="1">for taste</arg>
      </example>
      <example name="accounting-n: Slightly different semantics, more like &quot;account of&quot;" src="ON sense 1" type="">
        <inflection aspect="ns" form="ns" person="ns" tense="ns" voice="ns"/>
        <text>His accounting of the story took all night!</text>
        <arg f="" n="0">his</arg>
        <rel f="">accounting</rel>
        <arg f="" n="1">of the story</arg>
      </example>
    </roleset>
  </predicate>
  <predicate lemma="accountable">
    <roleset id="accountable.02" name="accountable">
      <aliases>
        <alias framenet="" pos="j" verbnet="">accountable</alias>
      </aliases>
      <note>ACCOUNTABLE-J NOTES: (from accountable.01-j)</note>
      <roles>
        <role descr="perpetrator, accountable person" f="PAG" n="0"/>
        <role descr="role or crime, accountable for what?" f="PPT" n="1"/>
        <role descr="judge" f="PAG" n="2"/>
      </roles>
      <example name="args 0 &amp; 1" src="" type="">
        <text>She must be accountable for her war crimes.</text>
        <rel f="">accountable</rel>
        <arg f="" n="0">She</arg>
        <arg f="" n="1">for her war crimes</arg>
      </example>
      <example name="example with args 0 and 2" src="" type="">
        <text>He is accountable to the committee.</text>
        <rel f="">accountable</rel>
        <arg f="" n="0">He</arg>
        <arg f="" n="2">to the committee</arg>
      </example>
    </roleset>
  </predicate>
  <predicate lemma="accounting">
    <roleset id="accounting.03" name="managing finance">
      <aliases>
        <alias framenet="" pos="n" verbnet="">accounting</alias>
      </aliases>
      <note>NAME-V NOTES: </note>
      <roles>
        <role descr="accountant (entity acting as)" f="pag" n="0"/>
        <role descr="money, accounts, etc. accounted for" f="ppt" n="1"/>
        <role descr="account owner, if separate from arg0" f="ppt" n="2"/>
      </roles>
      <example name="accounting-n: arg1" src="" type="">
        <text>Cost accounting is a process of collecting, analyzing, summarizing and evaluating various alternative courses of action.</text>
        <arg f="" n="1">Cost</arg>
        <rel f="">accounting</rel>
      </example>
      <example name="accounting-n" src="" type="">
        <text>Sullivan tried to defend his accounting for line costs (as capital expenditure rather than profit-and-loss expense items). </text>
        <arg f="" n="0">his</arg>
        <rel f="">accounting</rel>
        <arg f="" n="1">for line costs</arg>
        <arg f="prd" n="m">(as capital expenditure rather than profit-and-loss expense items)</arg>
      </example>
      <example name="accounting-n: args 0, 2" src="" type="">
        <text>He does accounting for transit companies. </text>
        <arg f="" n="0">He</arg>
        <arg f="lvb" n="m">does</arg>
        <rel f="">accounting</rel>
        <arg f="" n="2">for transit companies</arg>
      </example>
    </roleset>
  </predicate>
</frameset>
