<!DOCTYPE frameset SYSTEM "frameset.dtd">
<frameset>
  <predicate lemma="accommodate">
    <roleset id="accommodate.01" name="allow, be helpful">
      <aliases>
        <alias framenet="" pos="n" verbnet="">accommodation</alias>
        <alias framenet="" pos="l" verbnet="">make_accommodation</alias>
        <alias framenet="" pos="v" verbnet="">accommodate</alias>
      </aliases>
      <note>ACCOMMODATE-V NOTES: Member of Vncls adjust-26.9. No FNcls. (from accommodate.01-v)</note>
      <note>ACCOMMODATION-N NOTES: accommodate.01 (from accommodation.01-n predicate notes)</note>
      <roles>
        <role descr="accommodater" f="PAG" n="0">
          <vnrole vncls="26.9" vntheta="Agent"/>
        </role>
        <role descr="thing accommodated" f="PPT" n="1">
          <vnrole vncls="26.9" vntheta="Patient"/>
        </role>
      </roles>
      <example name="active" src="" type="">
        <inflection aspect="ns" form="full" person="ns" tense="ns" voice="ns"/>
        <text>``We may be able to reach a tradeoff where we can accommodate the pilot union's concerns and ours,'' said Brian M. Freeman, the machinists' financial adviser.</text>
        <arg f="" n="0">we</arg>
        <arg f="" n="m">can</arg>
        <rel f="">accommodate</rel>
        <arg f="" n="1">the pilot union's concerns and ours</arg>
      </example>
      <example name="passive" src="" type="">
        <inflection aspect="ns" form="participle" person="ns" tense="present" voice="passive"/>
        <text>``We're in a metro area with millions of Bear fans, and [only a small number]-1 can be accommodated *trace*-1.''</text>
        <arg f="mod" n="m">can</arg>
        <rel f="">accommodated</rel>
        <arg f="" n="1">*trace*-1 (= a small number)</arg>
      </example>
      <example name="accommodate something to something" src="Brown" type="-">
        <inflection aspect="ns" form="infinitive" person="third" tense="past" voice="active"/>
        <text>It was that oddly shaped space at the very top of the house , where ceiling heights had *PRO* to accommodate themselves to the varying angles of roof slope .</text>
        <arg f="" n="0">*PRO* (= ceiling heights)</arg>
        <rel f="">accommodate</rel>
        <arg f="" n="1">themselves</arg>
        <arg f="gol" n="m">to the varying angles of roof slope</arg>
      </example>
    </roleset>
  </predicate>
</frameset>
