<!DOCTYPE frameset SYSTEM "frameset.dtd">
<frameset>
  <predicate lemma="accord">
    <roleset id="accord.01" name="to give">
      <aliases>
        <alias framenet="Compatibility" pos="v" verbnet="">accord</alias>
        <alias framenet="" pos="n" verbnet="">accordance</alias>
      </aliases>
      
      
      <roles>
        <role descr="giver" f="pag" n="0"/>
        <role descr="gift" f="ppt" n="1"/>
        <role descr="given-to" f="gol" n="2"/>
      </roles>
      <example name="passive" src="" type="">
        <inflection aspect="ns" form="participle" person="ns" tense="ns" voice="passive"/>
        <text>The drug will be given treatment investigational new drugstatus, [a label]-1 accorded [*trace*-1]to drugs believed effective but lackingformal approval.</text>
        <rel f="">accorded</rel>
        <arg f="" n="1">*trace*-1 (= a label)</arg>
        <arg f="" n="2">to drugs believed effective but lacking formal approval.</arg>
      </example>
      <example name="active" src="" type="">
        <inflection aspect="ns" form="infinitive" person="ns" tense="ns" voice="active"/>
        <text>Several of the city's black leaders, including Democratic mayoralnominee David Dinkins, have spoken out for racial gerrymandering [*0][*T*-1]to accord blacks and Hispanics ``the fullest opportunity forrepresentation.''</text>
        <arg f="" n="0">[*T*-1] (= [*0])</arg>
        <arg f="slc" n="m">[*0] -&gt; racial gerrymandering</arg>
        <rel f="">accord</rel>
        <arg f="" n="2">blacks and Hispanics</arg>
        <arg f="" n="1">``the fullest opportunity for representation.''</arg>
      </example>
      <example name="Args 1 &amp; 2" src="ON sense 2" type="">
        <inflection aspect="ns" form="ns" person="ns" tense="ns" voice="ns"/>
        <text>No nation disputed the accordance to Canada of rights of access.</text>
        <rel f="">accordance</rel>
        <arg f="" n="2">to Canada</arg>
        <arg f="" n="1">of rights of access</arg>
      </example>
      <example name="Args 1 &amp; 2 again" src="ON sense 2" type="">
        <inflection aspect="ns" form="ns" person="ns" tense="ns" voice="ns"/>
        <text>The accordance of a fair trial to each citizen is a principle of the Constitution.</text>
        <rel f="">accordance</rel>
        <arg f="" n="1">of a fair trial</arg>
        <arg f="" n="2">to each citizen</arg>
      </example>
      <example name="All arguments" src="web" type="">
        <inflection aspect="ns" form="ns" person="ns" tense="ns" voice="ns"/>
        <text>He wanted to challenge their accordance of legitimacy to the political system.</text>
        <arg f="" n="0">their</arg>
        <rel f="">accordance</rel>
        <arg f="" n="1">of legitimacy</arg>
        <arg f="" n="2">to the political system</arg>
      </example>
    <note>ACCORD-V NOTES: No Verbnet entry. (from accord.01-v)

ACCORDANCE-N NOTES: Roleset based on verb entry accord.01, OntoNotes accordance-n grouping sense 2. No mapping to VN. Framed by Claire. (from accordance.01-n)</note>
</roleset>

    <roleset id="accord.02" name="follow a procedure; be in line with expectations or other facts">
      <aliases>
        <alias framenet="" pos="n" verbnet="">accordance</alias>
        <alias framenet="" pos="v" verbnet="">accord</alias>
      </aliases>
      
      
      <roles>
        <role descr="follower of procedure" f="pag" n="0"/>
        <role descr="action done" f="ppt" n="1"/>
        <role descr="regulations, procedure, or expectations accorded with" f="com" n="2"/>
      </roles>
      <example name="Likely most typical usage" src="ON sense 1" type="">
        <inflection aspect="ns" form="ns" person="ns" tense="ns" voice="ns"/>
        <text>This product must be disposed of in accordance with federal regulation.</text>
        <rel f="">accordance</rel>
        <arg f="" n="2">with federal regulation</arg>
      </example>
      <example name="Args 0 &amp; 2" src="web" type="">
        <inflection aspect="ns" form="ns" person="ns" tense="ns" voice="ns"/>
        <text>One can see, that satisfactory accordance of calculation results with experiments is observed.</text>
        <arg f="mnr" n="m">satisfactory</arg>
        <rel f="">accordance</rel>
        <arg f="" n="1">of calculation results</arg>
        <arg f="" n="2">with experiments</arg>
      </example>
      <example name="Args 0 &amp; 2" src="web" type="">
        <inflection aspect="ns" form="ns" person="ns" tense="ns" voice="ns"/>
        <text>His shift accords with the transformation of the colony's status, and was one of the details that helped me to recognize the model of dual chieftaincy in the Powhatans.</text>
        <arg f="" n="1">His shift</arg>
        <rel f="">accords</rel>
        <arg f="" n="2">with the transformation of the colony's status</arg>
      </example>



    <note>ACCORDANCE-N NOTES: Roleset based on OntoNotes accordance-n grouping sense 1, NomBank frame file, no relevant PB verb entry, no mapping to VN. Comparison to verb-agree.01. (from accordance.02-n)

ACCORD-N NOTES: (from accord.01-n)</note>
</roleset>


  <roleset id="accord.03" name="create or agree to a pact">

<aliases>
<alias framenet="" pos="n" verbnet="">accord</alias>
<alias framenet="" pos="n" verbnet="">accordance</alias>
</aliases>

<roles>
<role descr="first party in agreement, both parties when mentioned together" f="pag" n="0"/>
<role descr="subject of promise, subject/topic pact involves" f="ppt" n="1"/>
<role descr="second party in agreement" f="com" n="2"/>
<note>This is for the event of agreeing or establishing a pact, or its ongoing state, and not for reference to a set of documents</note>
</roles>

<example name="nominal with treaty subject" src="" type="">
<inflection aspect="ns" form="ns" person="ns" tense="ns" voice="ns"/>
<text>Japan will help monitor weapons and soldiers under the peace accord that ended Nepal's decade-long Maoist insurgency.</text>
<arg f="" n="1">peace</arg>
<rel f="">accord</rel>
<arg f="adj" n="m">that ended Nepal's decade-long Maoist insurgency.</arg>
</example>
<example name="args 0 and 1" src="" type="">
<inflection aspect="ns" form="ns" person="ns" tense="ns" voice="ns"/>
<text>The European post-Cold War security accord</text>
<arg f="" n="0">European</arg>
<arg f="tmp" n="m">post-Cold War</arg>
<arg f="" n="1">security</arg>
<rel f="">accord</rel>
</example>

      <example name="All arguments, invented example" src="armchair" type="">
        <inflection aspect="ns" form="ns" person="ns" tense="ns" voice="ns"/>
        <text>Mary's accordance with John on the subject of finance was quite surprising to all.</text>
        <arg f="" n="0">Mary's</arg>
        <rel f="">accordance</rel>
        <arg f="" n="2">with John</arg>
        <arg f="" n="1">on the subject of finance</arg>
      </example>
<note>Based on AMR data. Comparison to agree.01.Framed by Katie.</note>
</roleset>

  </predicate>
</frameset>
