<!DOCTYPE frameset SYSTEM "frameset.dtd">
<frameset>
  <predicate lemma="accomplish">
    <roleset id="accomplish.01" name="do, pull off">
      <aliases>
        <alias framenet="Accomplishment" pos="v" verbnet="">accomplish</alias>
      </aliases>
      <note>ACCOMPLISH-V NOTES: VN, FN updated by Julia. Member of Vncls complete-55.2. (from accomplish.01-v)</note>
      <roles>
        <role descr="doer" f="PAG" n="0">
          <vnrole vncls="55.2" vntheta="Agent"/>
        </role>
        <role descr="deed" f="PPT" n="1">
          <vnrole vncls="55.2" vntheta="Theme"/>
        </role>
      </roles>
      <example name="bad example" src="" type="">
        <text>Our mission is to help our clients grow, and to use every tool of marketing communications *trace* to accomplish that.''</text>
        <arg f="" n="0">*trace*</arg>
        <rel f="">accomplish</rel>
        <arg f="" n="1">that</arg>
      </example>
      <example name="not so bad example" src="training tasks" type="-">
        <inflection aspect="perfect" form="participle" person="third" tense="past" voice="active"/>
        <text>The President told supporters they should be proud of what-1 his administration had accomplished *trace*-1.</text>
        <arg f="" n="0">his administration</arg>
        <rel f="">accomplished</rel>
        <arg f="" n="1">*trace*-1 (= what)</arg>
      </example>
    </roleset>
  </predicate>
</frameset>
