<!DOCTYPE frameset SYSTEM "frameset.dtd">
<frameset>
  <predicate lemma="accredit">
    <roleset id="accredit.01" name="give credentials">
      <aliases>
        <alias framenet="" pos="v" verbnet="">accredit</alias>
      </aliases>
      <note>ACCREDIT-V NOTES: Framed by Neville. (from accredit.01-v)</note>
      <roles>
        <role descr="entity furnishing credentials" f="pag" n="0"/>
        <role descr="entity credited" f="ppt" n="1"/>
        <role descr="attribute" f="prd" n="2"/>
      </roles>
      <example name="passive, arg1 and arg2" src="" type="">
        <text>There is Jiakun Liu who [*T*-7] was accredited [*-8]as an " excellent memberof the Communist Party " of the province and a " labor model of the entirecountry " , [*-9] acting as the Party branch secretary .</text>
        <rel f="">accredited</rel>
        <arg f="" n="1">[*-8]</arg>
        <arg f="" n="2">as an " excellent member of the Communist Party " of theprovince and a " lab\or model of the entire country "</arg>
      </example>
    </roleset>
  </predicate>
</frameset>
