<!DOCTYPE frameset SYSTEM "frameset.dtd">
<frameset>
  <predicate lemma="accrue">
    <roleset id="accrue.01" name="accumulate, gather">
      <aliases>
        <alias framenet="" pos="v" verbnet="">accrue</alias>
      </aliases>
      <note>ACCRUE-V NOTES: Member of Vncls obtain-13.5.2. (from accrue.01-v)</note>
      <roles>
        <role descr="agent, gatherer" f="PAG" n="0">
          <vnrole vncls="13.5.2" vntheta="Agent"/>
        </role>
        <role descr="thing gathered, accrued" f="PPT" n="1">
          <vnrole vncls="13.5.2" vntheta="Theme"/>
        </role>
      </roles>
      <example name="agentive, with rate" src="" type="">
        <text>The El Paso, Texas, maker of Western boots and leather accessories said the preferred stock would accrue dividends at a 12% rate, but wouldn't be paid for the first two years.</text>
        <arg f="" n="0">the preferred stock</arg>
        <arg f="mod" n="m">would</arg>
        <rel f="">accrue</rel>
        <arg f="" n="1">dividends</arg>
        <arg f="mnr" n="m">at a 12% rate</arg>
      </example>
      <example name="ergative, sorta" src="" type="">
        <text>Geoffrey Kalmus said that unsecured creditors would be paid in full credits and [interest of about $855 million]-1, accrued *trace*-1 before PS of New Hampshire's Jan. 1988 filing for bankruptcy court protection.</text>
        <rel f="">accrued</rel>
        <arg f="" n="1">*trace*-1 (= interest of about $855 million)</arg>
        <arg f="tmp" n="m">before PS of New Hampshire's Jan. 1988 filing for bankruptcy court protection</arg>
      </example>
    </roleset>
  </predicate>
</frameset>
