<!DOCTYPE frameset SYSTEM "frameset.dtd">
<frameset>
  <predicate lemma="accrete">
    <roleset id="accrete.01" name="accumulate, gain">
      <aliases>
        <alias framenet="" pos="v" verbnet="">accrete</alias>
      </aliases>
      <note>ACCRETE-V NOTES: Frames file for 'accrete' based on sentences in wsj. No Verbnet entry. (from accrete.01-v predicate notes)</note>
      <roles>
        <role descr="accreting entity" f="PAG" n="0"/>
        <role descr="stuff gained" f="PPT" n="1"/>
      </roles>
      <example name="adjectival object" src="" type="">
        <inflection aspect="ns" form="participle" person="ns" tense="ns" voice="passive"/>
        <text>The fact sheet, dated April 1986, says on page three: ``If the price paid for a CD purchased in the secondary market ... is higher than the accreted value in the case of zero-coupon CDs, the difference ... is not insured...</text>
        <rel f="">accreted</rel>
        <arg f="" n="1">value</arg>
      </example>
      <example name="verbal" src="" type="">
        <inflection aspect="ns" form="full" person="third" tense="present" voice="active"/>
        <text>John accretes gorgeous babes the way a toad accretes warts.</text>
        <arg f="" n="0">John</arg>
        <rel f="">accretes</rel>
        <arg f="" n="1">gorgeous babes</arg>
        <arg f="MNR" n="m">the way a toad accretes warts</arg>
      </example>
    </roleset>
  </predicate>
</frameset>
