<!DOCTYPE frameset SYSTEM "frameset.dtd">
<frameset>
  <predicate lemma="accuse">
    <roleset id="accuse.01" name="accuse of a crime">
      <aliases>
        <alias framenet="" pos="n" verbnet="">accusation</alias>
        <alias framenet="" pos="l" verbnet="">make_accusation</alias>
        <alias framenet="Judgment Judgment_communication Notification_of_charges" pos="v" verbnet="">accuse</alias>
      </aliases>
      <note>ACCUSE-V NOTES: Member of VNcls suspect-81. (from accuse.01-v)</note>
      <note>ACCUSATION-N NOTES: Roleset based on verb entry accuse.01, OntoNotes grouping accusation-n senses 1&amp; 2; VN class suspect-81. Framed by Claire. (from accusation.01-n)</note>
      <roles>
        <role descr="accuser" f="PAG" n="0">
          <vnrole vncls="81" vntheta="Agent"/>
        </role>
        <role descr="accused" f="PPT" n="1">
          <vnrole vncls="81" vntheta="Theme"/>
        </role>
        <role descr="crime" f="PRD" n="2">
          <vnrole vncls="81" vntheta="Attribute"/>
        </role>
      </roles>
      <example name="really simple" src="" type="">
        <text>He accused Dow Jones of ``using unfair means to obtain the stock at an unfair price.''</text>
        <arg f="" n="0">He</arg>
        <rel f="">accused</rel>
        <arg f="" n="1">Dow Jones</arg>
        <arg f="" n="2">of using unfair means to obtain the stock at an unfair price</arg>
      </example>
      <example name="Arg 2 only" src="NomBank frames" type="">
        <text>The two sides in the legal battle have hurled accusations ofduplicity at each other for weeks</text>
        <rel f="">accusations</rel>
        <arg f="" n="2">of duplicity</arg>
      </example>
      <example name="metaphorical location only" src="ON sense 2" type="">
        <text>John could hear the accusation in Mary's voice.</text>
        <rel f="">accusation</rel>
        <arg f="loc" n="m">in Mary's voice</arg>
      </example>
      <example name="Args 0 &amp; 1, Crucible quote" src="The Crucible" type="">
        <inflection aspect="ns" form="ns" person="ns" tense="ns" voice="ns"/>
        <text>She repeated her accusation of John two days later and, Samuel Parris noted...</text>
        <arg f="" n="0">Her</arg>
        <rel f="">accusation</rel>
        <arg f="" n="1">of John</arg>
      </example>
    </roleset>
  </predicate>
</frameset>
