<!DOCTYPE frameset SYSTEM "frameset.dtd">
<frameset>
  <predicate lemma="accurate">
    <roleset id="accurate.01" name="precise">
      <aliases>
        <alias framenet="Correctness Accuracy" pos="j" verbnet="">accurate</alias>
      </aliases>
      <note>ACCURATE-J NOTES: Based on Sharp data. No comparison. Framed by Katie. (from accurate.01-j)</note>
      <roles>
        <role descr="agent" f="pag" n="0"/>
        <role descr="thing that is exact" f="ppt" n="1"/>
      </roles>
      <example name="Many arg M's" src="" type="">
        <inflection aspect="ns" form="ns" person="ns" tense="ns" voice="ns"/>
        <text>But again due to the tortuosity measurements are not accurate.</text>
        <arg f="dis" n="m">But</arg>
        <arg f="tmp" n="m">again</arg>
        <arg f="cau" n="m">due to teh tortuosity</arg>
        <arg f="" n="1">measurements</arg>
        <arg f="neg" n="m">not</arg>
        <rel f="">accurate</rel>
      </example>
    </roleset>
  </predicate>
</frameset>
