<!DOCTYPE frameset SYSTEM "frameset.dtd">
<frameset>
  <predicate lemma="accurse">
    <roleset id="accurse.01" name="to imprecate misery or evil upon">
      <aliases>
        <alias framenet="" pos="v" verbnet="">accurse</alias>
      </aliases>
      <note>ACCURSE-V NOTES: Member of Vncls judgement-33. (from accurse.01-v)</note>
      <roles>
        <role descr="speaker" f="PAG" n="0">
          <vnrole vncls="33" vntheta="Agent"/>
        </role>
        <role descr="misery or evil" f="PPT" n="1"/>
        <role descr="person or thing accursed" f="PPT" n="2">
          <vnrole vncls="33" vntheta="Theme"/>
        </role>
      </roles>
      <example name="very old english" src="" type="">
        <text>John accursed the day they met.</text>
        <arg f="" n="0">John</arg>
        <rel f="">accursed</rel>
        <arg f="" n="2">the day they met</arg>
      </example>
      <example name="with beneficiary" src="" type="">
        <inflection aspect="ns" form="ns" person="ns" tense="ns" voice="ns"/>
        <text>Paul wished himself-1 to be accursed *trace*-1 for his brethren</text>
        <rel f="">accursed</rel>
        <arg f="" n="1">*trace*-1 (= himself)</arg>
        <arg f="gol" n="m">for his bretheren</arg>
      </example>
      <example name="passivized with arg2" src="" type="">
        <inflection aspect="ns" form="ns" person="ns" tense="ns" voice="ns"/>
        <text>the Pharisees consider [the common people]-1 accursed *trace*-1 for ignorance of the law.</text>
        <rel f="">accursed</rel>
        <arg f="" n="1">*trace*-1 (= the common people)</arg>
        <arg f="" n="2">for ignorance of the law</arg>
      </example>
    </roleset>
  </predicate>
</frameset>
