<!DOCTYPE frameset SYSTEM "frameset.dtd">
<frameset>
  <predicate lemma="accumulate">
    <roleset id="accumulate.01" name="amass">
      <aliases>
        <alias framenet="" pos="n" verbnet="">accumulation</alias>
        <alias framenet="Amassing" pos="v" verbnet="">accumulate</alias>
      </aliases>
      <note>ACCUMULATE-V NOTES: Member of Vncls herd-47.5.2, obtain-13.5.2. (from accumulate.01-v)</note>
      <note>ACCUMULATION-N NOTES: accumulate.01 (from accumulation.01-n)</note>
      <roles>
        <note>I kinda doubt price would actually be used, but just in case, there it is. (from accumulate.01-v)</note>
        <role descr="entity accumulating something" f="PAG" n="0">
          <vnrole vncls="13.5.2" vntheta="Agent"/>
          <vnrole vncls="47.5.2" vntheta="Agent"/>
        </role>
        <role descr="thing/stuff accumulated" f="PPT" n="1">
          <vnrole vncls="13.5.2" vntheta="Theme"/>
          <vnrole vncls="47.5.2" vntheta="Theme"/>
        </role>
        <role descr="price" f="vsp" n="3"/>
      </roles>
      <example name="just transitive" src="" type="">
        <text>[Pennzoil]-1 is rumored *trace*-1 to be accumulating a stake in Chevron in order to push for a revamping of the company.</text>
        <arg f="" n="0">*trace*-l (= Pennzoil)</arg>
        <rel f="">accumulating</rel>
        <arg f="" n="1">a stake in Chevron</arg>
        <arg f="prp" n="m">in order to push for a revamping of the company</arg>
      </example>
      <example name="perhaps with price" src="" type="">
        <text>John accumulated a gigantic pile of old tires for a dollar each.</text>
        <arg f="" n="0">John</arg>
        <rel f="">accumulated</rel>
        <arg f="" n="1">a gigantic pile of old tires</arg>
        <arg f="" n="3">for a dollar each</arg>
      </example>
      <example name="Both args" src="" type="">
        <inflection aspect="ns" form="ns" person="ns" tense="ns" voice="ns"/>
        <text>Growth in the amount of his private capital permits him to live more and more luxuriously and at the same time increase his accumulation of capital by increasing the proportion of surplus value used for accumulation.</text>
        <arg f="" n="0">his</arg>
        <rel f="">accumulation</rel>
        <arg f="" n="1">of capital</arg>
      </example>
    </roleset>
  </predicate>
</frameset>
