<!DOCTYPE frameset SYSTEM "frameset.dtd">
<frameset>
  <predicate lemma="ace">
    <roleset id="ace.01" name="do perfectly">
      <aliases>
        <alias framenet="" pos="v" verbnet="">ace</alias>
      </aliases>
      <note>ACE-V NOTES: Frames file for 'ace' based on sentences in wsj. No Verbnet entry, no Framenet entry. (from ace.01-v predicate notes)</note>
      <roles>
        <role descr="acer" f="PAG" n="0"/>
        <role descr="test" f="PPT" n="1"/>
      </roles>
      <example name="French history" src="" type="">
        <inflection aspect="ns" form="full" person="third" tense="present" voice="active"/>
        <text>``It's as if France decided to give only French history questions to students in a European history class, and when everybody aces the test, they say their kids are good in European history,'' says John Cannell, an Albuquerque, N.M., psychiatrist and founder of an educational research organization, Friends for Education, which has studied standardized testing.</text>
        <arg f="" n="0">everybody</arg>
        <rel f="">aces</rel>
        <arg f="" n="1">the test</arg>
      </example>
    </roleset>
  </predicate>
</frameset>
