<!DOCTYPE frameset SYSTEM "frameset.dtd">
<frameset>
  <predicate lemma="acetify">
    <roleset id="acetify.01" name="(cause to) become acid">
      <aliases>
        <alias framenet="" pos="v" verbnet="">acetify</alias>
      </aliases>
      <note>ACETIFY-V NOTES: Frames file for 'acetify' based on internet usage examples, expansion via VN. VerbNet entry 45.4. (from acetify.01-v predicate notes)</note>
      <roles>
        <role descr="cause of transformation" f="PAG" n="0">
          <vnrole vncls="45.4" vntheta="Agent"/>
        </role>
        <role descr="entity made into silica" f="PPT" n="1">
          <vnrole vncls="45.4" vntheta="Patient"/>
        </role>
        <role descr="instrument or manner if separate from arg 0" f="MNR" n="2">
          <vnrole vncls="45.4" vntheta="Instrument"/>
        </role>
      </roles>
      <example name="No Agent" src="" type="">
        <text>The solution acetified.</text>
        <rel f="">silicified</rel>
        <arg f="" n="1">acetified</arg>
      </example>
      <example name="transitive, metaphorical" src="" type="">
        <text>John acetified his beer by leaving it outside for weeks on end.</text>
        <arg f="" n="0">John</arg>
        <rel f="">acetified</rel>
        <arg f="" n="1">his beer</arg>
        <arg f="" n="2">by leaving it outside for weeks on end</arg>
      </example>
    </roleset>
  </predicate>
</frameset>
