<!DOCTYPE frameset SYSTEM "frameset.dtd">
<frameset>
  <predicate lemma="ache">
    <roleset id="ache.01" name="to suffer a dull pain">
      <aliases>
        <alias framenet="" pos="n" verbnet="">aching</alias>
        <alias framenet="Perception_body" pos="v" verbnet="">ache</alias>
        <alias framenet="" pos="j" verbnet="">achy</alias>
      </aliases>
      <note>ACHE-V NOTES: Member of VNcls tingle-40.8.2. (from ache.01-v)</note>
      <note>ACHING-N NOTES: ache.01 (from aching.01-n)</note>
      <note>ACHY-J NOTES: Added by Julia based on BOLT. (from achy.01-j)</note>
      <roles>
        <role descr="body part aching" f="PPT" n="0">
          <vnrole vncls="40.8.2" vntheta="Patient"/>
        </role>
      </roles>
      <example name="intransitive" src="" type="">
        <inflection aspect="ns" form="gerund" person="ns" tense="ns" voice="active"/>
        <text>[*-1] Having resided in the great state of California for the past seven years , I find it [*EXP*-3]hard [*] to ignore our environmental problems when I start my commute to work with eyes tearing [*RNR*-2] and head aching [*RNR*-2] from the polluted air [*T*-4] ; when I try [*-6] to enjoy the beaches and come home [*-6] covered [*-8] with tar and oil [*T*-5] ; when I hear of numerous deaths related [*] to irresponsible processing of cheese and use of chemicals in fruit growing [*T*-7] .</text>
        <arg f="" n="0">head</arg>
        <rel f="">aching</rel>
        <arg f="cau" n="m">from the polluted air</arg>
      </example>
      <example name="BAsic" src="" type="">
        <inflection aspect="ns" form="ns" person="ns" tense="ns" voice="ns"/>
        <text>The aching in his arms had not subsided.</text>
        <rel f="">aching</rel>
        <arg f="" n="0">in his arms</arg>
      </example>
    </roleset>
  </predicate>
</frameset>
