<!DOCTYPE frameset SYSTEM "frameset.dtd">
<frameset>
  <predicate lemma="achieve">
    <roleset id="achieve.01" name="achieve">
      <aliases>
        <alias framenet="" pos="n" verbnet="">achievement</alias>
        <alias framenet="Accomplishment" pos="v" verbnet="">achieve</alias>
      </aliases>
      <note>ACHIEVE-V NOTES: Based on sentences in financial subcorpus. Kind of weird Verbnet entry complete-55.2 Comparison with 'get' and 'win'. (from achieve.01-v)</note>
      <note>ACHIEVEMENT-N NOTES: Roleset based on verb entry achieve.01, OntoNotes achievement-n grouping senses 1&amp; 2; maps to VerbNet class complete-55.2. Framed by Claire. (from achievement.01-n)</note>
      <roles>
        <role descr="achiever" f="PAG" n="0">
          <vnrole vncls="55.2" vntheta="Agent"/>
        </role>
        <role descr="thing achieved, gotten, accomplished" f="PPT" n="1">
          <vnrole vncls="55.2" vntheta="Theme"/>
        </role>
      </roles>
      <example name="typical usage" src="" type="">
        <text>[The company]-1 expects *trace*-1 to achieve the 20 % increase in full-year earnings per share, as it projected in the spring, the spokesman said.</text>
        <arg f="" n="0">*trace*-1</arg>
        <rel f="">achieve</rel>
        <arg f="" n="1">the 20 % increase in full-year earnings per share</arg>
        <arg f="adv" n="m">as it projected in the spring</arg>
      </example>
      <example name="instrument as manner" src="" type="">
        <text>He said the improvement was a result of [cost savings]-1 achieved *trace*-1 by consolidating manufacturing operations, blending two sales organizations and focusing more carefully the company's promotional activities.</text>
        <rel f="">achieved</rel>
        <arg f="" n="1">*trace*-1</arg>
        <arg f="mnr" n="m">by consolidating manufacturing operations, blending two sales organizations and focusing more carefully the company's promotional activities</arg>
      </example>
      <example name="Arg 1 only" src="NomBank Frames" type="">
        <text>And the Fed has at most very limited ability to contribute to theachievement of other objectives by means other than bystabilizing the price level .</text>
        <rel f="">achievement</rel>
        <arg f="" n="1">of other objectives</arg>
      </example>
      <example name="All arguments" src="web" type="">
        <text>His achievement of winning back-to-back European Cups is considered to be one of the greatest in football.</text>
        <arg f="" n="0">his</arg>
        <rel f="">achievement</rel>
        <arg f="" n="1">of winning back-to-back European Cups</arg>
      </example>
    </roleset>
  </predicate>
</frameset>
