<!DOCTYPE frameset SYSTEM "frameset.dtd">
<frameset>
  <predicate lemma="acidify">
    <roleset id="acidify.01" name="make acidic">
      <aliases>
        <alias framenet="" pos="v" verbnet="">acidify</alias>
      </aliases>
      <note>ACIDIFY-V NOTES: Verbnet entry 45.4. (from acidify.01-v)</note>
      <roles>
        <role descr="causer of acidity, agent" f="PAG" n="0">
          <vnrole vncls="45.4" vntheta="Agent"/>
        </role>
        <role descr="thing now acidic" f="PPT" n="1">
          <vnrole vncls="45.4" vntheta="Patient"/>
        </role>
      </roles>
      <example name="adjectival-- must have trace to annotate" src="" type="">
        <inflection aspect="ns" form="participle" person="ns" tense="ns" voice="passive"/>
        <text>[Four-fifths of Poland's soils]-1 have become highly acidified *trace*-1 ; 70% of its southern forests are projected to die by century's end.</text>
        <arg f="ext" n="m">highly</arg>
        <rel f="">acidified</rel>
        <arg f="" n="1">*trace*-1 (= Four-fifths of Poland's soils)</arg>
      </example>
    </roleset>
  </predicate>
</frameset>
