<!DOCTYPE frameset SYSTEM "frameset.dtd">
<frameset>
  <predicate lemma="acknowledge">
    <roleset id="acknowledge.01" name="admit">
      <aliases>
        <alias framenet="Statement" pos="v" verbnet="">acknowledge</alias>
        <alias framenet="" pos="n" verbnet="">acknowledgment</alias>
      </aliases>
      <note>ACKNOWLEDGE-V NOTES: Based on sentences in financial subcorpus. Member of Vncls consider-29.9-1, confess-37.10. Comparison with 'claim'. (from acknowledge.01-v)</note>
      <note>ACKNOWLEDGMENT-N NOTES: Roleset based on verb entry acknowledge.01, OntoNotes grouping acknowledgment-n senses 3,4, 6; maps to VN classes consider-29.9-1, confess-37.10. Framed by Claire. (from acknowledgment.01-n)</note>
      <roles>
        <role descr="admitter, claimer, speaker" f="PAG" n="0">
          <vnrole vncls="37.10" vntheta="Agent"/>
          <vnrole vncls="29.9-1" vntheta="Agent"/>
        </role>
        <role descr="proposition, claim, utterance" f="ppt" n="1">
          <vnrole vncls="37.10" vntheta="Topic"/>
          <vnrole vncls="29.9-1" vntheta="Theme"/>
        </role>
        <role descr="hearer" f="GOL" n="2">
          <vnrole vncls="37.10" vntheta="Recipient"/>
        </role>
        <role descr="secondary predication, attribute of arg 1 acknowledged" f="PRD" n="3">
          <vnrole vncls="29.9-1" vntheta="Attribute"/>
        </role>
      </roles>
      <example name="acknowledge a sentence" src="" type="">
        <inflection aspect="ns" form="full" person="ns" tense="past" voice="active"/>
        <text>[Control Data's semiconductor business, VTC Inc., continues to lose money]-1, the executives acknowledged *trace*-1, but they said they consider some of the technology vital to national defense and so are reluctant to dispose of it.</text>
        <arg f="" n="0">the executives</arg>
        <rel f="">acknowledged</rel>
        <arg f="" n="1">*trace*-1</arg>
      </example>
      <example name="acknowledge an NP" src="" type="">
        <inflection aspect="progressive" form="participle" person="ns" tense="ns" voice="active"/>
        <text>*trace*-1 Apparently acknowledging weaker U.S. sales systemwide, [McDonald's]-1 vowed ``to use our size and muscle to do all that is necessary to build the brand.''</text>
        <arg f="adv" n="m">Apparently</arg>
        <arg f="" n="0">*trace*-1 (= McDonald's)</arg>
        <rel f="">acknowledging</rel>
        <arg f="" n="1">weaker U.S. sales systemwide</arg>
      </example>
      <example name="with hearer" src="" type="">
        <inflection aspect="ns" form="full" person="ns" tense="past" voice="active"/>
        <text>John acknowledged to Mary that he was an idiot.</text>
        <arg f="" n="0">John</arg>
        <rel f="">acknowledged</rel>
        <arg f="" n="2">to Mary</arg>
        <arg f="" n="1">that he was an idiot</arg>
      </example>
      <example name="with attributive" src="" type="">
        <inflection aspect="ns" form="full" person="ns" tense="past" voice="active"/>
        <text>John acknowledged Mary as his illegitimate child--a claim she denied vigorously, on the grounds that she's older than he is.</text>
        <arg f="" n="0">John</arg>
        <rel f="">acknowledged</rel>
        <arg f="" n="1">Mary</arg>
        <arg f="" n="3">as his illegitimate child</arg>
      </example>
      <example name="NP only, args 0 &amp; 1" src="NomBank frames" type="">
        <text>the U.S. government 's first acknowledgment of what other groups, such as the International Monetary Fund , have been predictingfor months</text>
        <arg f="" n="0">the U.S. government 's</arg>
        <arg f="tmp" n="m">first</arg>
        <rel f="">acknowledgment</rel>
        <arg f="" n="1">of what other groups , such as the International Monetary Fund , have been predicting for months</arg>
      </example>
      <example name="Arg 1 as &quot;for PP&quot;" src="ON sense 4" type="">
        <inflection aspect="ns" form="ns" person="ns" tense="ns" voice="ns"/>
        <text>The sales team was sent on a week-long cruise in acknowledgment for their outstanding performance this quarter.</text>
        <rel f="">acknowledgment</rel>
        <arg f="" n="1">for their outstanding performance this quarter</arg>
      </example>
      <example name="Args 0 and 1" src="ON sense 5" type="">
        <inflection aspect="ns" form="ns" person="ns" tense="ns" voice="ns"/>
        <text>John received an acknowledgment from the university that they had received his application.</text>
        <rel f="">acknowledgment</rel>
        <arg f="" n="0">from the university</arg>
        <arg f="" n="1">that they had received his application</arg>
      </example>
      <example name="Args 0, 1 and modifiers" src="ON sense 5" type="">
        <inflection aspect="ns" form="ns" person="ns" tense="ns" voice="ns"/>
        <text>I have received no written acknowledgment from the company that they received either my email message or my written letter.</text>
        <arg f="neg" n="m">no</arg>
        <arg f="mnr" n="m">written</arg>
        <rel f="">acknowledgment</rel>
        <arg f="" n="0">from the company</arg>
        <arg f="" n="1">that they received either my email message or my written letter.</arg>
      </example>
      <example name="Possessive pronoun as arg0" src="ON sense 6" type="">
        <inflection aspect="ns" form="ns" person="ns" tense="ns" voice="ns"/>
        <text>The first step in treatment is the patient's acknowledgment that there is a problem.</text>
        <arg f="" n="0">the patient's</arg>
        <rel f="">acknowledgment</rel>
        <arg f="" n="1">that there is a problem</arg>
      </example>
      <example name="Arg 1 as &quot;of&quot; PP" src="ON sense 6" type="">
        <inflection aspect="ns" form="ns" person="ns" tense="ns" voice="ns"/>
        <text>There was no acknowledgment of the fact that he had cheated repeatedly on exams.</text>
        <arg f="neg" n="m">no</arg>
        <rel f="">acknowledgment</rel>
        <arg f="" n="1">of the fact that he had cheated repeatedly on exams</arg>
      </example>
    </roleset>
  </predicate>
</frameset>
