<!DOCTYPE frameset SYSTEM "frameset.dtd">
<frameset>
  <predicate lemma="acquit">
    <roleset id="acquit.01" name="relieve of guilt">
      <aliases>
        <alias framenet="" pos="n" verbnet="">acquittal</alias>
        <alias framenet="Verdict" pos="v" verbnet="">acquit</alias>
      </aliases>
      <note>ACQUIT-V NOTES: Based on WSJ, automatic expansion via verbnet. VN updated by Julia. Member of Vncls free-80-1. (from acquit.01-v)</note>
      <note>ACQUITTAL-N NOTES: Automatically created by Julia as an alias file for unification. (from acquittal.01-n)</note>
      <roles>
        <role descr="remover of guilt" f="CAU" n="0">
          <vnrole vncls="80-1" vntheta="cause"/>
        </role>
        <role descr="(un)guilty party" f="dir" n="1">
          <vnrole vncls="80-1" vntheta="source"/>
        </role>
        <role descr="explicit mention of guilt" f="ppt" n="2">
          <vnrole vncls="80-1" vntheta="theme"/>
        </role>
      </roles>
      <example name="intransitive" src="" type="">
        <inflection aspect="ns" form="infinitive" person="ns" tense="ns" voice="active"/>
        <text>Ultimately, [that carefully picked jury]-1 deadlocked with a 10-2 vote *trace* *trace*-1 to acquit, and the prosecution decided not to retry the case.</text>
        <arg f="" n="0">*trace*-1 (= that carefully picked jury)</arg>
        <rel f="">acquit</rel>
      </example>
      <example name="passive transitive" src="" type="">
        <inflection aspect="perfect" form="participle" person="ns" tense="past" voice="passive"/>
        <text>Although Mr. Hastings had been acquitted *trace* by a jury, lawmakers handling the prosecution in Congress had argued that the purpose of impeachment isn't to punish an individual.</text>
        <rel f="">acquitted</rel>
        <arg f="" n="1">*trace* (= Mr. Hastings)</arg>
        <arg f="" n="0">by a jury</arg>
      </example>
      <example name="all args" src="" type="">
        <inflection aspect="perfect" form="participle" person="ns" tense="past" voice="active"/>
        <text>Mr. Hastings's case was particularly nettlesome because it marked the first time a federal official was impeached and removed from office on charges [of which]-1 a jury had acquitted him *trace*.</text>
        <arg f="" n="0">a jury</arg>
        <rel f="">acquited</rel>
        <arg f="" n="1">him</arg>
        <arg f="" n="2">*trace* (= of which)</arg>
        <arg f="slc" n="m">which -&gt; charges</arg>
      </example>
    </roleset>
  </predicate>
</frameset>
