<!DOCTYPE frameset SYSTEM "frameset.dtd">
<frameset>
  <predicate lemma="acquiesce">
    <roleset id="acquiesce.01" name="comply passively">
      <aliases>
        <alias framenet="Giving_in" pos="v" verbnet="">acquiesce</alias>
      </aliases>
      <note>ACQUIESCE-V NOTES: Member of Vncls acquiesce-95. (from acquiesce.01-v)</note>
      <roles>
        <role descr="acquiescer, complier" f="PAG" n="0">
          <vnrole vncls="95" vntheta="Agent"/>
        </role>
        <role descr="thing complied to, in, or with" f="COM" n="1">
          <vnrole vncls="95" vntheta="co-agent"/>
        </role>
      </roles>
      <example name="intransitive" src="" type="">
        <inflection aspect="ns" form="full" person="ns" tense="past" voice="active"/>
        <text>The bank acquiesced.</text>
        <arg f="" n="0">The bank</arg>
        <rel f="">acquiesced</rel>
      </example>
      <example name="transitive" src="" type="">
        <inflection aspect="ns" form="infinitive" person="ns" tense="ns" voice="ns"/>
        <text>A key is whether [House Republicans]-2 are willing *trace*-2 to acquiesce to their Senate colleagues' decision to drop many pet provisions.</text>
        <arg f="" n="0">*trace*-2 (= House Republicans)</arg>
        <rel f="">acquiesce</rel>
        <arg f="" n="1">to their Senate colleagues' decision to drop many pet provisions</arg>
      </example>
    </roleset>
  </predicate>
</frameset>
