<!DOCTYPE frameset SYSTEM "frameset.dtd">
<frameset>
  <predicate lemma="acquaint">
    <roleset id="acquaint.01" name="know informally">
      <aliases>
        <alias framenet="" pos="v" verbnet="">acquaint</alias>
        <alias framenet="" pos="l" verbnet="">make_acquaintance</alias>
      </aliases>
      <note>ACQUAINT-V NOTES: Member of Vncls tell-37.2. (from acquaint.01-v)</note>
      <roles>
        <role descr="rare agent" f="PAG" n="0">
          <vnrole vncls="37.2" vntheta="Agent"/>
        </role>
        <role descr="knower" f="GOL" n="1">
          <vnrole vncls="37.2" vntheta="Recipient"/>
        </role>
        <role descr="acquaintance" f="PPT" n="2">
          <vnrole vncls="37.2" vntheta="Topic"/>
        </role>
      </roles>
      <example name="pseudopassive, merged args." src="" type="">
        <inflection aspect="ns" form="participle" person="ns" tense="ns" voice="passive"/>
        <text>Instead, he said that the purpose is simply for [the two]-1 to get ``better acquainted *trace*-1 '' and discuss a wide range of issues without a formal agenda.</text>
        <arg f="mnr" n="m">better</arg>
        <rel f="">acquainted</rel>
        <arg f="" n="1">*trace*-1 (= the two)</arg>
      </example>
      <example name="Intrepid explorer.  All args" src="" type="">
        <inflection aspect="ns" form="full" person="ns" tense="ns" voice="active"/>
        <text>[John]-1 took the opportunity *trace*-1 to acquaint himself with the mysteries of the girl's bathroom.</text>
        <arg f="" n="0">*trace*-1 (= John)</arg>
        <rel f="">acquaint</rel>
        <arg f="rec" n="1">himself</arg>
        <arg f="" n="2">with the mysteries of the girl's bathroom</arg>
      </example>
    </roleset>
  </predicate>
</frameset>
