<!DOCTYPE frameset SYSTEM "frameset.dtd">
<frameset>
  <predicate lemma="acquire">
    <roleset id="acquire.01" name="get, acquire">
      <aliases>
        <alias framenet="Getting" pos="n" verbnet="">acquisition</alias>
        <alias framenet="Getting" pos="v" verbnet="">acquire</alias>
      </aliases>
      <note>ACQUIRE-V NOTES: Based on big corpus, comparison with 'gain' and 'buy'. Member of Vncls obtain-13.5.2-1. (from acquire.01-v)</note>
      <note>ACQUISITION-N NOTES: Roleset based on instances in nouns-lv task and acquire.01 roleset. Associated verb is member of Vncls obtain-13.5.2-1. (from acquisition.01-n)</note>
      <roles>
        <role descr="agent, entity acquiring something" f="PAG" n="0">
          <vnrole vncls="13.5.2-1" vntheta="Agent"/>
        </role>
        <role descr="thing acquired" f="PPT" n="1">
          <vnrole vncls="13.5.2-1" vntheta="Theme"/>
        </role>
        <role descr="seller" f="DIR" n="2">
          <vnrole vncls="13.5.2-1" vntheta="Source"/>
        </role>
        <role descr="price paid" f="vsp" n="3"/>
        <role descr="benefactive" f="gol" n="4"/>
      </roles>
      <example name="" src="" type="">
        <text>New England Electric will acquire PS of New Hampshire.</text>
        <arg f="" n="0">New England Electric</arg>
        <arg f="mod" n="m">will</arg>
        <rel f="">acquire</rel>
        <arg f="" n="1">PS of New Hampshire.</arg>
      </example>
      <example name="" src="" type="">
        <text>Its Moleculon affiliate acquired Kalipharma Inc for $23 million.</text>
        <arg f="" n="0">Its Moleculon affiliate</arg>
        <rel f="">acquired</rel>
        <arg f="" n="1">Kalipharma Inc</arg>
        <arg f="" n="3">for $23 million.</arg>
      </example>
      <example name="Args 0, 1, 2, 3" src="web" type="">
        <text>The firm advises on the details of their acquisition of TPF's almond assets for $160 million from the Receivers and Managers group.</text>
        <arg f="" n="0">Their</arg>
        <rel f="">acquisition</rel>
        <arg f="" n="1">of TPF's almond assets</arg>
        <arg f="" n="3">for $160 million</arg>
        <arg f="" n="2">from the Receivers and Managers group</arg>
      </example>
      <example name="Args 0, 1, 4" src="web" type="">
        <text>Not that I commend what he did; for he, perhaps, by his acquisition of money for Sparta, injured her more than Sulla injured Rome.</text>
        <arg f="" n="0">his</arg>
        <rel f="">acquisition</rel>
        <arg f="" n="1">of money</arg>
        <arg f="" n="3">for Sparta</arg>
      </example>
    </roleset>
  </predicate>
</frameset>
