<!DOCTYPE frameset SYSTEM "frameset.dtd">
<frameset>
  <predicate lemma="act">
    <roleset id="act.01" name="play a role; behave">
      <aliases>
        <alias framenet="" pos="v" verbnet="">act</alias>
        <alias framenet="" pos="n" verbnet="">acting</alias>
      </aliases>
      <note>ACT-V NOTES: Verbnet entry 29.6, other framed members include count and rank. No comparison. Also see "act like". (from act.01-v)</note>
      <roles>
        <role descr="player" f="pag" n="0">
          <vnrole vncls="29.6-1" vntheta="agent"/>
        </role>
        <role descr="role" f="prd" n="1">
          <vnrole vncls="29.6-1" vntheta="attribute"/>
        </role>
      </roles>
      <example name="act-v: typical usage" src="typical usage" type="typical usage">
        <text>First National Bank of Chicago will act as trustee...</text>
        <arg f="" n="0">First National Bank of Chicago</arg>
        <arg f="mod" n="m">will</arg>
        <rel f="">act</rel>
        <arg f="" n="1">as trustee</arg>
      </example>
      <example name="act-v: behave" src="behave" type="behave">
        <text>Sometimes I would even act a little silly with them.</text>
        <arg f="tmp" n="m">Sometimes</arg>
        <arg f="" n="0">I</arg>
        <arg f="mod" n="m">would</arg>
        <arg f="adv" n="m">even</arg>
        <rel f="">act</rel>
        <arg f="" n="1">a little silly</arg>
        <arg f="com" n="m">with them</arg>
      </example>
    </roleset>
    <roleset id="act.02" name="do something, perform an action">
      <aliases>
        <alias framenet="" pos="v" verbnet="">act</alias>
        <alias framenet="" pos="n" verbnet="">act</alias>
        <alias framenet="" pos="n" verbnet="">action</alias>
        <alias framenet="" pos="n" verbnet="">acting</alias>
        <alias framenet="" pos="l" verbnet="">take_action</alias>
      </aliases>
      <note>ACT-V NOTES: Frames file for 'act' based on sentences in financial subcorpus. (from act.02-v predicate notes)</note>
      <note>ACTION-N NOTES: Roleset based on verb entry act.02, OntoNotes grouping action-n senses 1 &amp; 4; no relevant mapping to VN. Framed by Claire. (from action.01-n)</note>
      <roles>
        <role descr="actor" f="pag" n="0"/>
        <role descr="grounds for action" f="ppt" n="1"/>
      </roles>
      <example name="act-v: with grounds" src="with grounds" type="with grounds">
        <text>Mr. Rifenburgh said the board still hasn't acted on most of the internal report's recommendations...</text>
        <arg f="" n="0">the board</arg>
        <arg f="tmp" n="m">still</arg>
        <arg f="neg" n="m">n't</arg>
        <rel f="">acted</rel>
        <arg f="" n="1">on most of the internal report's recommendations</arg>
      </example>
      <example name="act-v: no grounds" src="no grounds" type="no grounds">
        <text>``They always listened, but they never acted,'' Mr. Guber says.</text>
        <arg f="" n="0">they</arg>
        <arg f="neg" n="m">never</arg>
        <rel f="">acted</rel>
      </example>
      <example name="action-n: autogen1" src="" type="">
        <text>House action on federal catastrophic-illness insurance</text>
        <arg f="" n="0">House</arg>
        <rel f="">action</rel>
        <arg f="" n="1">on federal catastrophic-illness insurance</arg>
      </example>
      <example name="action-n: NP only, all arguments" src="NomBank Frames." type="">
        <text>a recent action by the heirs of singer Bobby Darin against McDonald 's Corp. over its `` Mac Tonight '' TV commercials , arough parody of Mr. Darin 's `` Mack the Knife '' trademark.</text>
        <arg f="tmp" n="m">recent</arg>
        <rel f="">action</rel>
        <arg f="" n="0">by the heirs of singer Bobby Darin</arg>
        <arg f="gol" n="m">against McDonald's Corp.</arg>
        <arg f="" n="1">over its "Mac Tonight" TV commercials, a rough parody of Mr. Darin's "Mack the Knife" trademark.</arg>
      </example>
      <example name="take_action-l sisters of complex rel annotated" src="ON sense 1" type="">
        <inflection aspect="ns" form="ns" person="ns" tense="ns" voice="ns"/>
        <text>I-1 was forced *PRO*-1 to take violent action when John tried to steal my donut.</text>
        <arg f="" n="0">*PRO*-1</arg>
        <arg f="lvb" n="m">take</arg>
        <arg f="mnr" n="m">violent</arg>
        <rel f="">action</rel>
        <arg f="tmp" n="m">when John tried to steal my donut.</arg>
      </example>
      <example name="action-n: Arg 0 only" src="ON sense 4" type="">
        <inflection aspect="ns" form="ns" person="ns" tense="ns" voice="ns"/>
        <text>The village was destroyed by volcanic action.</text>
        <arg f="" n="0">volcanic</arg>
        <rel f="">action</rel>
      </example>
      <example name="action-n: Arg 0 as &quot;of&quot; PP" src="ON sense 4" type="">
        <inflection aspect="ns" form="ns" person="ns" tense="ns" voice="ns"/>
        <text>The action of natural forces such as pressure and high temperature creates metamorphic rock from igneous or sedimentary rock.</text>
        <rel f="">action</rel>
        <arg f="" n="0">of natural forces such as pressure and high temperature</arg>
      </example>
    </roleset>
    <roleset id="act.05" name="thing done">
      <aliases>
        <alias framenet="" pos="n" verbnet="">act</alias>
      </aliases>
      <note>ACT-N NOTES: Added automatically by Julia. Related to act.xml (from act.04-n)</note>
      <roles>
        <role descr="doer" f="pag" n="0"/>
        <role descr="thing done" f="ppt" n="1"/>
        <role descr="type of act" f="vsp" n="2"/>
      </roles>
      <example name="act-v" src="" type="">
        <text>"I was angry when I saw his violent act against animals."</text>
        <arg f="" n="0">his</arg>
        <arg f="mnr" n="m">violent</arg>
        <rel f="">act</rel>
        <arg f="" n="1">against animals</arg>
      </example>
    </roleset>
  </predicate>
  <predicate lemma="act_out">
    <roleset id="act_out.03" name="perform a role">
      <aliases>
        <alias framenet="" pos="v" verbnet="">act_out</alias>
      </aliases>
      <note>ACT_OUT-V NOTES: Roleset for 'act out' based on instances in Webtext 76-99. No VerbNet entry. Comparison to act.01. Framed by Claire (from act.03-v)</note>
      <roles>
        <role descr="actor, performer" f="pag" n="0"/>
        <role descr="role, scenario enacted" f="ppt" n="1"/>
      </roles>
      <example name="act_out-v: With role/scenario" src="" type="">
        <inflection aspect="ns" form="ns" person="ns" tense="ns" voice="ns"/>
        <text>I was so desperate , *PRO*-1 acting out Romeo 's struggle before he stabbed himself with a dagger , calling out in my heart : money , money , money , though what *T*-2 came out of my mouth was Juliet 's name .</text>
        <arg f="" n="0">*PRO*-1</arg>
        <rel f="">[acting][out]</rel>
        <arg f="" n="1">Romeo's struggle before he stabbed himself with a dagger</arg>
      </example>
    </roleset>
  </predicate>
  <predicate lemma="act_up">
    <roleset id="act_up.04" name="cause trouble">
      <aliases>
        <alias framenet="Conduct" pos="v" verbnet="">act_up</alias>
      </aliases>
      <note>Added by Julia based on SMS02.</note>
      <roles>
        <role descr="trouble-maker" f="pag" n="0"/>
      </roles>
      <example name="act_up-v: intransitive" src="SMS02" type="">
        <inflection aspect="ns" form="ns" person="ns" tense="ns" voice="ns"/>
        <text>Maybe while allergies are acting up</text>
        <arg f="" n="0">allergies</arg>
        <rel f="">[acting] [up]</rel>
      </example>
    </roleset>
  </predicate>
  <predicate lemma="activity">
    <roleset id="activity.06" name="participating in, live, in use">
      <aliases>
        <alias framenet="" pos="j" verbnet="">active</alias>
        <alias framenet="" pos="n" verbnet="">activeness</alias>
        <alias framenet="" pos="n" verbnet="">activity</alias>
      </aliases>
      <note>ACTIVE-J NOTES: Based on Sharp data. Slight comparison to move.01 and live.01. Framed by Katie. (from active.01-j)</note>
      <note>ACTIVITY-N NOTES: Added automatically by Julia. Related to active.xml (from activity.01-n)</note>
      <note>ACTIVENESS-N NOTES: Added by Julia for unification.</note>
      <roles>
        <role descr="active entity" f="pag" n="0"/>
        <role descr="activity engaged in" f="ppt" n="1"/>
      </roles>
      <example name="active-j: Use MNR for the way something is active" src="" type="">
        <inflection aspect="ns" form="ns" person="ns" tense="ns" voice="ns"/>
        <text>Patient is physically active</text>
        <arg f="" n="0">Patient</arg>
        <arg f="mnr" n="m">physically</arg>
        <rel f="">active</rel>
      </example>
      <example name="active-j: use ext for degree" src="" type="">
        <inflection aspect="ns" form="ns" person="ns" tense="ns" voice="ns"/>
        <text>The malignant cells are highly mitotically acive with over 40 mitoses per 10 high power fields</text>
        <arg f="" n="0">The malignant cells</arg>
        <arg f="ext" n="m">highly</arg>
        <arg f="mnr" n="m">mitotically</arg>
        <rel f="">active</rel>
        <arg f="adv" n="m">with over 40 mitoses per 10 high power fields</arg>
      </example>
      <example name="active-j: both args" src="" type="">
        <inflection aspect="ns" form="ns" person="ns" tense="ns" voice="ns"/>
        <text>We invite everyone who-1 *-1 is active in the prevention of diabetes and chronic diseases</text>
        <arg f="" n="0">*-1</arg>
        <rel f="">active</rel>
        <arg f="" n="1">in the prevention of diabetes and chronic diseases</arg>
      </example>
      <example name="activity-n" src="" type="">
        <inflection aspect="ns" form="ns" person="ns" tense="ns" voice="ns"/>
        <text>The doctor was not pleased with his lack of activity.</text>
        <rel f="">activity</rel>
      </example>
      <example name="activity-n: both args" src="" type="">
        <inflection aspect="ns" form="ns" person="ns" tense="ns" voice="ns"/>
        <text>He won the prize after earning a chance in the library's weekly drawing based on his reading activity.</text>
        <arg f="" n="0">his</arg>
        <arg f="" n="1">reading</arg>
        <rel f="">activity</rel>
      </example>
      <example name="activeness-n" src="" type="">
        <inflection aspect="ns" form="ns" person="ns" tense="ns" voice="ns"/>
        <text>The young person asked him about his mission of learning a new language, and the secret of his activeness, passion and happiness.</text>
        <arg f="" n="0">his</arg>
        <rel f="">activeness</rel>
      </example>
    </roleset>
  </predicate>
</frameset>
