<!DOCTYPE frameset SYSTEM "frameset.dtd">
<frameset>
  <predicate lemma="activate">
    <roleset id="activate.01" name="make active">
      <aliases>
        <alias framenet="" pos="n" verbnet="">activation</alias>
        <alias framenet="" pos="n" verbnet="">activating</alias>
        <alias framenet="Change_operational_state" pos="v" verbnet="">activate</alias>
      </aliases>
      <note>ACTIVATE-V NOTES: Member of Vncls other_cos-45.4. (from activate.01-v)</note>
      <note>ACTIVATING-N NOTES: (from activating.01-n)</note>
      <note>ACTIVATION-N NOTES: (from activation.01-n)</note>
      <roles>
        <note>activate.01 (from activation.01-n)</note>
        <role descr="activator" f="PAG" n="0">
          <vnrole vncls="45.4" vntheta="Agent"/>
        </role>
        <role descr="thing now active" f="PPT" n="1">
          <vnrole vncls="45.4" vntheta="Patient"/>
        </role>
      </roles>
      <example name="active" src="" type="">
        <inflection aspect="ns" form="full" person="ns" tense="present" voice="active"/>
        <text>If positioned over the brain's motor-control area, the hand-held electromagnets generate nerve impulses that-1 *trace*-1 zip down motor nerves and activate muscles, making, say, a finger twitch.</text>
        <arg f="slc" n="m">that -&gt; nerve impulses</arg>
        <arg f="" n="0">*trace*-1 (= that)</arg>
        <rel f="">activate</rel>
        <arg f="" n="1">muscles</arg>
        <arg f="adv" n="m">making, say, a finger twitch</arg>
      </example>
      <example name="passive" src="" type="">
        <inflection aspect="ns" form="participle" person="ns" tense="ns" voice="passive"/>
        <text>Once [*trace*-2]-1 activated *trace*-1, the card-2 would sit in the car's window, showing traffic wardens how much time the motorist could remain.</text>
        <rel f="">activated</rel>
        <arg f="" n="1">*trace*-1 (= *trace*-2 = the card)</arg>
      </example>
      <example name="Both args" src="" type="">
        <inflection aspect="ns" form="ns" person="ns" tense="ns" voice="ns"/>
        <text>Most of the effects of nitric oxide are mediated through its activation of soluble guanylate cyclase.</text>
        <arg f="" n="0">its</arg>
        <rel f="">activation</rel>
        <arg f="" n="1">of soluble guanylate cyclase</arg>
      </example>
    </roleset>
  </predicate>
</frameset>
