<!DOCTYPE frameset SYSTEM "frameset.dtd">
<frameset>
  <predicate lemma="actuate">
    <roleset id="actuate.01" name="put into action or motion">
      <aliases>
        <alias framenet="" pos="n" verbnet="">actuation</alias>
        <alias framenet="Cause_to_start" pos="v" verbnet="">actuate</alias>
      </aliases>
      <note>ACTUATE-V NOTES: No Verbnet entry, comparison with 'activate.'. Frame By Claire (from actuate.01-v)</note>
      <note>ACTUATION-N NOTES: (from actuation.01-n)</note>
      <roles>
        <role descr="agent causing of actuation" f="PAG" n="0"/>
        <role descr="entity set into action or motion" f="PPT" n="1"/>
      </roles>
      <example name="Active" src="" type="">
        <text>[The star]-1 was close enough *PRO*-1 to actuate deceleration.</text>
        <arg f="" n="0">*PRO*-1</arg>
        <rel f="">actuate</rel>
        <arg f="" n="1">deceleration</arg>
      </example>
      <example name="Sentential Complement" src="" type="">
        <text>He was void of any of these feelings which-1 *-1 actuate men to do good.</text>
        <arg f="slc" n="m">which --&gt; any of these feelings</arg>
        <arg f="" n="0">*-1</arg>
        <rel f="">actuate</rel>
        <arg f="" n="1">[men][to do good]</arg>
      </example>
    </roleset>
  </predicate>
</frameset>
