<!DOCTYPE frameset SYSTEM "frameset.dtd">
<frameset>
  <predicate lemma="actualize">
    <roleset id="actualize.01" name="make real or more real">
      <aliases>
        <alias framenet="" pos="v" verbnet="">actualize</alias>
      </aliases>
      <note>ACTUALIZE-V NOTES: No VN entry. Framed by Neville. (from actualize.01-v)</note>
      <roles>
        <role descr="agent" f="PAG" n="0"/>
        <role descr="thing actualized, theme" f="PPT" n="1"/>
      </roles>
      <example name="transitive" src="" type="">
        <text>During the six years , nearly 6000 foreign - invested enterprises have accumulatively actualizeda production value of nearly 270 billion yuan .</text>
        <arg f="tmp" n="m">During the six years</arg>
        <arg f="" n="0">nearly 6000 foreign - invested enterprises</arg>
        <arg f="mnr" n="m">accumulatively</arg>
        <rel f="">actualized</rel>
        <arg f="" n="1">a production value of nearly 270 billion yuan</arg>
      </example>
    </roleset>
  </predicate>
  <predicate lemma="actual">
    <roleset id="actual.02" name="really real">
      <aliases>
        <alias framenet="" pos="j" verbnet="">actual</alias>
      </aliases>
      <note>ACTUAL-J NOTES: Added by Julia based on SHARP. (from actual.01-j)</note>
      <roles>
        <role descr="actual thing" f="pag" n="1"/>
        <role descr="what arg1 is an actual instantiation of" f="ppt" n="2"/>
      </roles>
      <example name="arg1" src="internet" type="">
        <inflection aspect="ns" form="ns" person="ns" tense="ns" voice="ns"/>
        <text>The Feeling Is Actual.</text>
        <arg f="" n="1">The Feeling</arg>
        <rel f="">Actual</rel>
      </example>
    </roleset>
  </predicate>
</frameset>
