<!DOCTYPE frameset SYSTEM "frameset.dtd">
<frameset>
  <predicate lemma="acute">
    <roleset id="acute.01" name="severe">
      <aliases>
        <alias framenet="" pos="j" verbnet="">acute</alias>
      </aliases>
      <note>ACUTE-J NOTES: Added by Julia based on SHARP. (from acute.01-j)</note>
      <roles>
        <role descr="acute illness" f="ppt" n="1"/>
        <role descr="patient" f="loc" n="2"/>
      </roles>
      <example name="*PRO*" src="SHARP" type="">
        <inflection aspect="ns" form="ns" person="ns" tense="ns" voice="ns"/>
        <text>Hepatitis B no Coma no Hepatitis Delta *PRO* Acute vaccinated</text>
        <arg f="" n="1">*PRO*</arg>
        <rel f="">acute</rel>
      </example>
    </roleset>
  </predicate>
</frameset>
