<!DOCTYPE frameset SYSTEM "frameset.dtd">
<frameset>
  <predicate lemma="acyanotic">
    <roleset id="acyanotic.01" name="not characterized by turning blue">
      <aliases>
        <alias framenet="" pos="j" verbnet="">acyanotic</alias>
      </aliases>
      <note>ACYANOTIC-J NOTES: Added by Julia based on SHARP (from acyanotic.01-j)</note>
      <roles>
        <role descr="thing not characterized by blueness" f="pag" n="1"/>
      </roles>
      <example name="arg1" src="SHARP" type="">
        <inflection aspect="ns" form="ns" person="ns" tense="ns" voice="ns"/>
        <text>*PRO* well developed and well nourished and in no respiratory distress and acyanotic .</text>
        <arg f="" n="1">*PRO*</arg>
        <rel f="">acyanotic</rel>
      </example>
    </roleset>
  </predicate>
</frameset>
