<!DOCTYPE frameset SYSTEM "frameset.dtd">
<frameset>
  <predicate lemma="adamant">
    <roleset id="adamant.01" name="unyieldingly insistent">
      <aliases>
        <alias framenet="" pos="j" verbnet="">adamant</alias>
      </aliases>
      <note>ADAMANT-J NOTES: Added by Julia based on BOLT-4,5. (from adamant.01-j)</note>
      <roles>
        <role descr="entity who insists" f="pag" n="0"/>
        <role descr="insisted upon" f="ppt" n="1"/>
      </roles>
      <example name="both args" src="BOLT-4,5" type="">
        <inflection aspect="ns" form="ns" person="ns" tense="ns" voice="ns"/>
        <text>I 'm leaving Feingold out because he 's been so adamant about not running , but you could mark him as Other , I suppose .</text>
        <arg f="" n="0">he</arg>
        <arg f="ext" n="m">so</arg>
        <rel f="">adamant</rel>
        <arg f="" n="1">about not running</arg>
      </example>
      <example name="both args" src="internet" type="">
        <inflection aspect="ns" form="ns" person="ns" tense="ns" voice="ns"/>
        <text>He was adamant that he not be afforded any "special" privileges.</text>
        <arg f="" n="0">He</arg>
        <rel f="">adamant</rel>
        <arg f="" n="1">that he not be afforded any "special" privileges</arg>
      </example>
    </roleset>
  </predicate>
</frameset>
