<!DOCTYPE frameset SYSTEM "frameset.dtd">
<frameset>
  <predicate lemma="adapt">
    <roleset id="adapt.01" name="make (more) suitable, becoming or making more accustomed or suitable, cause to fit">
      <aliases>
        <alias framenet="" pos="v" verbnet="">adapt</alias>
        <alias framenet="" pos="n" verbnet="">adaptation</alias>
        <alias framenet="" pos="n" verbnet="">adaption</alias>
      </aliases>
      <note>ADAPT-V NOTES: Member of Vncls adjust-26.9. (from adapt.01-v)</note>
      <note>ADAPTATION-N NOTES: (from adaptation.01-n)</note>
      <note>ADAPTION-N NOTES: Added by Julia based on BOLT. (from adaption.01-n)</note>
      <roles>
        <role descr="agent, adaptor" f="PAG" n="0">
          <vnrole vncls="26.9" vntheta="Agent"/>
        </role>
        <role descr="thing adapted" f="PPT" n="1">
          <vnrole vncls="26.9" vntheta="Patient"/>
        </role>
        <role descr="adapted to" f="GOL" n="2">
          <vnrole vncls="26.9" vntheta="Goal"/>
        </role>
        <role descr="adapted from" f="dir" n="3"/>
      </roles>
      <example name="unstated goal or source" src="" type="">
        <inflection aspect="ns" form="full" person="ns" tense="past" voice="active"/>
        <text>William Gates and Paul Allen in 1975 developed an early language-housekeeper system for PCs, and Gates became an industry billionaire six years after IBM adapted one of these versions in 1981.</text>
        <arg f="" n="0">IBM</arg>
        <rel f="">adapted</rel>
        <arg f="" n="1">one of these versions</arg>
        <arg f="tmp" n="m">in 1981</arg>
      </example>
      <example name="arg1 defaults to reflexive on arg0" src="" type="">
        <inflection aspect="ns" form="infinitive" person="ns" tense="ns" voice="active"/>
        <text>And [surprising numbers of small investors]-1 seem *trace*-1 to be adapting to greater stock market volatility and say they can live with program trading.</text>
        <arg f="" n="0">*trace*-1</arg>
        <rel f="">adapting</rel>
        <arg f="" n="2">to greater stock market volatility</arg>
      </example>
      <example name="with source" src="" type="">
        <inflection aspect="ns" form="participle" person="third" tense="present" voice="passive"/>
        <text>[This article]-1 is adapted *trace*-1 from one in the October American Spectator.</text>
        <rel f="">adapted</rel>
        <arg f="" n="1">*trace*-1</arg>
        <arg f="" n="3">from one in the October American Spectator</arg>
      </example>
      <example name="Arg0,2" src="" type="">
        <inflection aspect="ns" form="ns" person="ns" tense="ns" voice="ns"/>
        <text>He felt that one of the important factors in his adaptation to a hearing aid at this time was that he finally got the nerve to admit he had hearing loss to his family and friends.</text>
        <arg f="" n="0">his</arg>
        <rel f="">adaptation</rel>
        <arg f="" n="2">to a hearing aid</arg>
      </example>
      <example name="Arg0,1" src="" type="">
        <inflection aspect="ns" form="ns" person="ns" tense="ns" voice="ns"/>
        <text>Alexandre Aja talks about his adaptation of the space opera Cobra the Space Pirate.</text>
        <arg f="" n="0">his</arg>
        <rel f="">adaptation</rel>
        <arg f="" n="1">of the space opera Cobra the Space Pirate</arg>
      </example>
    </roleset>
  </predicate>
</frameset>
