<!DOCTYPE frameset SYSTEM "frameset.dtd">
<frameset>
  <predicate lemma="adat">
    <roleset id="adat.01" name="advance diet as tolerated">
      <aliases>
        <alias framenet="" pos="v" verbnet="">adat</alias>
      </aliases>
      <note>ADAT-V NOTES: Based on temprel and stratified data. No comparisons. Framed by Katie. (from adat.01-v)</note>
      <roles>
        <role descr="doctor; advancer of diet" f="PAG" n="0"/>
      </roles>
      <example name="arg 0 only" src="" type="">
        <inflection aspect="ns" form="ns" person="ns" tense="ns" voice="ns"/>
        <text>Pro adat</text>
        <arg f="" n="0">Pro</arg>
        <rel f="">adat</rel>
      </example>
    </roleset>
  </predicate>
</frameset>
