<!DOCTYPE frameset SYSTEM "frameset.dtd">
<frameset>
  <predicate lemma="add">
    <roleset id="add.01" name="say">
      <aliases>
        <alias framenet="Statement" pos="v" verbnet="">add</alias>
      </aliases>
      <note>ADD-V NOTES: Member of Vncls say-37.7. (from add.01-v)</note>
      <roles>
        <role descr="speaker" f="pag" n="0">
          <vnrole vncls="37.7" vntheta="agent"/>
        </role>
        <role descr="utterance" f="ppt" n="1">
          <vnrole vncls="37.7" vntheta="topic"/>
        </role>
      </roles>
      <example name="transitive" src="transitive" type="transitive">
        <text>But he adds, "I feel pressured, disappointed, uncomfortable, and angry."</text>
        <arg f="dis" n="m">But</arg>
        <arg f="" n="0">he</arg>
        <rel f="">adds</rel>
        <arg f="" n="1">"I feel pressured, disappointed, uncomfortable, and angry."</arg>
      </example>
      <example name="fronted" src="fronted" type="fronted">
        <text>[That got hard to take]-1, he added *trace*-1.</text>
        <arg f="" n="0">he</arg>
        <rel f="">added</rel>
        <arg f="" n="1">*trace*</arg>
      </example>
      <example name="inverted" src="inverted" type="inverted">
        <text>[The IRS is investigating lawyers]-2, added *trace*-2 Mr. Sonnett.</text>
        <arg f="" n="1">*trace*-2</arg>
        <rel f="">added</rel>
        <arg f="" n="0">Mr. Sonnett</arg>
      </example>
      <example name="split" src="split" type="split">
        <text>[The bids, [he added *trace*-3]-PRN, were contrary to common sense]-3.</text>
        <arg f="" n="0">he</arg>
        <rel f="">added</rel>
        <arg f="" n="1">*trace*-3</arg>
      </example>
    </roleset>
    <roleset id="add.02" name="mathematics, mixing, add something to something else, increase">
      <aliases>
        <alias framenet="" pos="v" verbnet="">add</alias>
        <alias framenet="" pos="n" verbnet="">addition</alias>
      </aliases>
      <note>ADD-V NOTES: Member of Vncls mix-22.1-2, multiply-108 (from add.02-v)</note>
      <note>ADDITION-N NOTES: Roleset based on PB verb entries add.02 and add.03, (distinction seems unecessary in the case of eventive noun), OntoNotes grouping addition-n senses 1, 2, 3, 5, 6; maps to VN classes multiply-108, mix-22.1-2. Framed by Claire. (from addition.01-n)</note>
      <roles>
        <role descr="adder" f="pag" n="0">
          <vnrole vncls="22.1-2" vntheta="agent"/>
          <vnrole vncls="108" vntheta="agent"/>
        </role>
        <role descr="thing being added" f="ppt" n="1">
          <vnrole vncls="22.1-2" vntheta="patient"/>
          <vnrole vncls="108" vntheta="theme"/>
        </role>
        <role descr="thing being added to" f="ppt" n="2">
          <vnrole vncls="22.1-2" vntheta="co-patient"/>
          <vnrole vncls="108" vntheta="co-theme"/>
        </role>
        <role descr="resulting sum" f="prd" n="3"/>
      </roles>
      <example name="one and one makes..." src="one and one makes..." type="one and one makes...">
        <text>Judge Curry added an additional $55 million to the commission's calculations.</text>
        <arg f="" n="0">Judge Curry</arg>
        <rel f="">added</rel>
        <arg f="" n="1">an additional $55 million</arg>
        <arg f="" n="2">to the commission"s calculations.</arg>
      </example>
      <example name="merged" src="merged" type="merged">
        <text>It also asks [them]-1 *trace*-1 to add two-sevenths and three-sevenths.</text>
        <arg f="" n="0">*trace*-1</arg>
        <rel f="">to add</rel>
        <arg f="" n="1">two-sevenths and three-sevenths</arg>
      </example>
      <example name="attach" src="attach" type="attach">
        <text>Added [*]-2 to this is *T* [the perennial problem of class sizes being too large]-2.</text>
        <rel f="">Added</rel>
        <arg f="" n="1">[*]-2</arg>
        <arg f="" n="2">to this</arg>
      </example>
      <example name="All args" src="web" type="">
        <inflection aspect="ns" form="ns" person="ns" tense="ns" voice="ns"/>
        <text>Egyptians didn't have multiplication as we know it; if you wanted to multiply 13 by 5, you added 13 to itself to get 26, then added 26 again to get 52, then added ...</text>
        <arg f="adv" n="m">if you wanted to multiply 13 by 5</arg>
        <arg f="" n="0">you</arg>
        <rel f="">added</rel>
        <arg f="" n="1">13</arg>
        <arg f="" n="2">to itself</arg>
        <arg f="" n="3">to get 26</arg>
      </example>
      <example name="Args 1 &amp; 2" src="NomBank Frames" type="">
        <text>Bankers Trust New York Corp. became the latest major U.S. bank toincrease reserves for its loans to less-developed countries ,making a $ 1.6 billion third-quarter addition to its provision .</text>
        <arg f="" n="1">$ 1.6 billion</arg>
        <arg f="tmp" n="m">third-quarter</arg>
        <rel f="">addition</rel>
        <arg f="" n="2">to its provision</arg>
      </example>
      <example name="NP only, args 1 &amp; 2" src="NomBank Frames" type="">
        <text>a $ 42.7 million addition to loan-loss reserves</text>
        <arg f="" n="1">$ 42.7 million</arg>
        <rel f="">addition</rel>
        <arg f="" n="2">to loan-loss reserves</arg>
      </example>
      <example name="Args 1 and 2, new syntax" src="ON sense 1" type="">
        <inflection aspect="ns" form="ns" person="ns" tense="ns" voice="ns"/>
        <text>The addition of saffron to the rice makes a lovely flavor.</text>
        <rel f="">addition</rel>
        <arg f="" n="1">of saffron</arg>
        <arg f="" n="2">to the rice</arg>
      </example>
      <example name="Args 0 &amp; 1" src="ON sense 1" type="">
        <inflection aspect="ns" form="ns" person="ns" tense="ns" voice="ns"/>
        <text>Her additions of color accents and lighting made the room seem more inviting.</text>
        <arg f="" n="0">Her</arg>
        <rel f="">additions</rel>
        <arg f="" n="1">of color accents and lighting</arg>
      </example>
      <example name="Arg 2/ original only" src="ON sense 2" type="">
        <inflection aspect="ns" form="ns" person="ns" tense="ns" voice="ns"/>
        <text>There has been no addition to gasoline prices this month.</text>
        <arg f="neg" n="m">no</arg>
        <rel f="">addition</rel>
        <arg f="" n="2">to gasoline prices</arg>
      </example>
      <example name="Args 1 &amp; 2" src="ON sense 2" type="">
        <inflection aspect="ns" form="ns" person="ns" tense="ns" voice="ns"/>
        <text>The town was concerned about measurable additions of heavy metals into the drinking water.</text>
        <arg f="ext" n="m">measurable</arg>
        <rel f="">additions</rel>
        <arg f="" n="1">of heavy metals</arg>
        <arg f="" n="2">into the drinking water</arg>
      </example>
      <example name="True mathematics" src="ON sense 5" type="">
        <inflection aspect="ns" form="ns" person="ns" tense="ns" voice="ns"/>
        <text>The addition of 5 to 4 equals 9.</text>
        <rel f="">addition</rel>
        <arg f="" n="1">of 5</arg>
        <arg f="" n="2">to 4</arg>
      </example>
    </roleset>
    <roleset id="add.03" name="achieve or gain">
      <aliases>
        <alias framenet="" pos="v" verbnet="">add</alias>
      </aliases>
      <note>ADD-V NOTES: No appropriately corresponding VN class. The crucial difference between this usage and the mathematics usage is that the 'to' phrase is the end product, not the other operand. (from add.03-v)</note>
      <roles>
        <note>arg M is often dropped (from add.03-v)</note>
        <role descr="Logical subject, patient, thing rising/gaining/being added to" f="ppt" n="1"/>
        <role descr="EXT, amount risen" f="ext" n="2"/>
        <role descr="end point" f="prd" n="4"/>
        <role descr="medium" f="loc" n="m"/>
      </roles>
      <example name="rise" src="rise" type="rise">
        <text>The Nasdaq composite index added 1.01 to 456.6 on paltry volume.</text>
        <arg f="" n="1">The Nasdaq composite index</arg>
        <rel f="">added</rel>
        <arg f="ext" n="2">1.01</arg>
        <arg f="to" n="4">to 456.6</arg>
        <arg f="adv" n="m">on paltry volume</arg>
      </example>
    </roleset>
  </predicate>
  <predicate lemma="add_up">
    <roleset id="add_up.04" name="result in">
      <aliases>
        <alias framenet="Adding_up" pos="v" verbnet="">add_up</alias>
      </aliases>
      <note>ADD_UP-V NOTES: (from add.04-v)</note>
      <roles>
        <role descr="things added" f="ppt" n="1"/>
        <role descr="result" f="prd" n="2"/>
        <role descr="agent adding items up" f="pag" n="0"/>
      </roles>
      <example name="it all adds up" src="it all adds up" type="it all adds up">
        <inflection aspect="ns" form="full" person="ns" tense="present" voice="active"/>
        <text>It all adds up to a barrier to American-style index arbitrage, the most popular form of U.S. program trading that seeks to exploit brief differences between prices of stocks in New York and the price of a futures contract in Chicago based on those stocks.</text>
        <arg f="" n="1">It</arg>
        <rel f="">[ adds] [ up]</rel>
        <arg f="" n="2">to a barrier to American-style index arbitrage, the most popular form of U.S. program trading that seeks to exploit brief differences between prices of stocks in New York and the price of a futures contract in Chicago based on those stocks</arg>
      </example>
      <example name="" src="" type="">
        <inflection aspect="ns" form="ns" person="ns" tense="ns" voice="ns"/>
        <text>*PRO* add up all the people in this group and they may number 200 , and that is already a lot of people .</text>
        <arg f="" n="0">*PRO*</arg>
        <rel f="">[add] [up]</rel>
        <arg f="" n="1">all the people in this group</arg>
      </example>
    </roleset>
  </predicate>
  <predicate lemma="add_on">
    <roleset id="add_on.05" name="add to existing mass">
      <aliases>
        <alias framenet="" pos="v" verbnet="">add_on</alias>
      </aliases>
      <note>ADD_ON-V NOTES: Because the trace linking to the RCL is embedded in a preposition, wecannot use the relative clause tag to provide the link to the 'Colonial.' (from add.05-v)</note>
      <roles>
        <role descr="Agent adding on" f="pag" n="0"/>
        <role descr="Thing added" f="ppt" n="1"/>
        <role descr="Added to what?" f="ppt" n="2"/>
      </roles>
      <example name="Construction" src="Construction" type="Construction">
        <text>Their house was a centuries-old Colonial which-1 they hadded added on to*T*-1.</text>
        <arg f="" n="0">they</arg>
        <rel f="">[added][on]</rel>
        <arg f="" n="2">to *T*-1</arg>
      </example>
    </roleset>
  </predicate>
</frameset>
