<!DOCTYPE frameset SYSTEM "frameset.dtd">
<frameset>
  <predicate lemma="addend">
    <roleset id="addend.01" name="add an addendum to">
      <aliases>
        <alias framenet="" pos="v" verbnet="">addend</alias>
      </aliases>
      <note>ADDEND-V NOTES: Based on sgh-pa data. Framed by Katie. (from addend.01-v)</note>
      <roles>
        <role descr="Causer of addition" f="PAG" n="0"/>
        <role descr="thing changed" f="ppt" n="1"/>
      </roles>
      <example name="addend-v: Be careful, arg 1 will be rare" src="" type="">
        <inflection aspect="ns" form="ns" person="ns" tense="ns" voice="ns"/>
        <text>addended report</text>
        <rel f="">addended</rel>
        <arg f="" n="1">report</arg>
      </example>
      <example name="addend-v: with arg 0" src="" type="">
        <inflection aspect="ns" form="ns" person="ns" tense="ns" voice="ns"/>
        <text>He addended the report using the Simple Editor</text>
        <arg f="" n="0">He</arg>
        <rel f="">addended</rel>
        <arg f="" n="1">the report</arg>
        <arg f="mnr" n="m">using the Simple Editor</arg>
      </example>
    </roleset>
  </predicate>
</frameset>
