<!DOCTYPE frameset SYSTEM "frameset.dtd">
<frameset>
  <predicate lemma="addict">
    <roleset id="addict.01" name="cause a dependency, as to a drug">
      <aliases>
        <alias framenet="" pos="v" verbnet="">addict</alias>
        <alias framenet="" pos="n" verbnet="">addiction</alias>
        <alias framenet="addiction" pos="j" verbnet="">addicted</alias>
      </aliases>
      <note>ADDICT-V NOTES: Member of VNcls addict-96. (from addict.01-v)</note>
      <note>ADDICTION-N NOTES: Roleset based on verb entry addict.01. Framed by Anwen Feb 2011 (from addiction.01-n)</note>
      <note>ADDICTED-J NOTES: Adjective based on WSJ, BOLT-4,5. Corresponds to VNcls addict-96. (from addicted.01-j)</note>
      <roles>
        <note>The causer role is rare with the verb, and doesn't seem grammatical with the adjective, but is there for symmetry in case it can occur. (from addicted.01-j)</note>
        <role descr="outside causer of addiction" f="PAG" n="0">
          <vnrole vncls="96" vntheta="Agent"/>
        </role>
        <role descr="addicted entity" f="PPT" n="1">
          <vnrole vncls="96" vntheta="Patient"/>
        </role>
        <role descr="drug etc." f="VSP" n="2">
          <vnrole vncls="96" vntheta="Stimulus"/>
        </role>
      </roles>
      <example name="basic passive" src="" type="">
        <inflection aspect="ns" form="participle" person="ns" tense="present" voice="passive"/>
        <text>The efforts to get to the people who [*T*-3] are addicted, try to rehabilitate them;...</text>
        <arg f="slc" n="m">who -&gt; the people</arg>
        <rel f="">addicted</rel>
        <arg f="" n="1">[*T*-3] (= who)</arg>
      </example>
      <example name="nice small clause" src="" type="">
        <inflection aspect="ns" form="participle" person="ns" tense="ns" voice="passive"/>
        <text>When you do that you wipe out the criminal incentives, including, I might say, the incentive that the drug pushers have to go around and get kids-1 addicted *trace*-1, so that they create a market for themselves.</text>
        <rel f="">addicted</rel>
        <arg f="" n="1">*trace*-1 (= kids)</arg>
      </example>
      <example name="all args" src="" type="">
        <inflection aspect="ns" form="full" person="ns" tense="past" voice="active"/>
        <text>John addicted Mary to the joys of chocolate cake.</text>
        <arg f="" n="0">John</arg>
        <rel f="">addicted</rel>
        <arg f="" n="1">Mary</arg>
        <arg f="" n="2">to the joys of chocolate cake</arg>
      </example>
      <example name="Arg1 and Arg2" src="" type="">
        <inflection aspect="ns" form="ns" person="ns" tense="ns" voice="ns"/>
        <text>Will not prescribe hydrocodone due to the patient's pain killer addiction.</text>
        <arg f="" n="1">the patient's</arg>
        <arg f="" n="2">pain killer</arg>
        <rel f="">addiction</rel>
      </example>
      <example name="Sad, real example" src="BOLT P01, parts 2,3" type="">
        <inflection aspect="ns" form="full" person="ns" tense="past" voice="active"/>
        <text>hello , i am a 12 year old girl -LRB- 13 in two days -RRB- who-1 *T*-1 is addicted to self harming.</text>
        <arg f="" n="1">*T*-1</arg>
        <rel f="">addicted</rel>
        <arg f="" n="2">to self harming</arg>
      </example>
      <example name="Args 1 &amp; 2" src="web" type="">
        <inflection aspect="ns" form="ns" person="ns" tense="ns" voice="ns"/>
        <text>She was addicted to it by the end of her hospitalization and continued to take it.</text>
        <arg f="" n="1">She</arg>
        <rel f="">addicted</rel>
        <arg f="" n="2">to it</arg>
        <arg f="tmp" n="m">by the end of her hospitalization</arg>
      </example>
    </roleset>
  </predicate>
  <predicate lemma="addictive">
    <roleset id="addictive.02" name="causing addiction">
      <aliases>
        <alias framenet="" pos="j" verbnet="">addictive</alias>
      </aliases>
      <note>ADDICTIVE-J NOTES: Roleset based on P01, parts 2,3. Framed by Claire. (from addictive.01-j)</note>
      <roles>
        <role descr="addictive substance" f="pag" n="0"/>
        <role descr="addictive to whom? addicted entity" f="ppt" n="1"/>
      </roles>
      <example name="Arg 0 only" src="BOLT P01, parts 2,3" type="">
        <inflection aspect="ns" form="ns" person="ns" tense="ns" voice="ns"/>
        <text>Self harming is addictive , but you can overcome it.</text>
        <arg f="" n="0">Self harming</arg>
        <rel f="">addictive</rel>
      </example>
      <example name="Both args" src="web" type="">
        <inflection aspect="ns" form="ns" person="ns" tense="ns" voice="ns"/>
        <text>Everything is addictive to me but tattoos are addictive to all.</text>
        <arg f="" n="0">Everything</arg>
        <rel f="">addictive</rel>
        <arg f="" n="1">to me</arg>
      </example>
    </roleset>
  </predicate>
</frameset>
