<!DOCTYPE frameset SYSTEM "frameset.dtd">
<frameset>
  <predicate lemma="addle">
    <roleset id="addle.01" name="(cause to) be confused">
      <aliases>
        <alias framenet="" pos="v" verbnet="">addle</alias>
      </aliases>
      <note>ADDLE-V NOTES: Frame created by Arrick (from addle.01-v)</note>
      <roles>
        <role descr="agentive cause of confusion" f="pag" n="0"/>
        <role descr="entity experiencing confusion" f="ppt" n="1"/>
        <role descr="confused about or confused with what?" f="mnr" n="2"/>
      </roles>
      <example name="addle" src="" type="">
        <text>The feeling that they were staring at me kind of addled my brain.</text>
        <arg f="" n="0">The feeling that they were staring at me</arg>
        <arg f="ext" n="m">kind of</arg>
        <rel f="">addled</rel>
        <arg f="" n="1">me</arg>
      </example>
      <example name="Fun example, all args" src="web" type="">
        <inflection aspect="ns" form="ns" person="ns" tense="ns" voice="ns"/>
        <text>Grapefruit you just addled me with what you said; it was amazingly amazing in amazement I am.</text>
        <arg f="dis" n="m">Grapefruit</arg>
        <arg f="" n="0">you</arg>
        <arg f="tmp" n="m">just</arg>
        <rel f="">addled</rel>
        <arg f="" n="1">me</arg>
        <arg f="" n="2">with what you said</arg>
      </example>
      <example name="Another with example, a bit more straightforward" src="web" type="">
        <inflection aspect="ns" form="ns" person="ns" tense="ns" voice="ns"/>
        <text>Without exception, they addled me with their questions.</text>
        <arg f="adv" n="m">Without exception</arg>
        <arg f="" n="0">they</arg>
        <rel f="">addled</rel>
        <arg f="" n="1">me</arg>
        <arg f="" n="2">with their questions.</arg>
      </example>
    </roleset>
  </predicate>
</frameset>
