<!DOCTYPE frameset SYSTEM "frameset.dtd">
<frameset>
  <predicate lemma="address">
    <roleset id="address.01" name="put an address on, or speak to">
      <aliases>
        <alias framenet="Referring_by_name Statement Speak_on_topic" pos="v" verbnet="">address</alias>
        <alias framenet="" pos="n" verbnet="">addressing</alias>
      </aliases>
      <note>ADDRESS-V NOTES: Frames file for 'address' based on sentences in financial subcorpusand automatic expansion via verbnet.Member of Vncls illustrate-25.3. (from address.01-v)</note>
      <roles>
        <role descr="addresser" f="pag" n="0">
          <vnrole vncls="25.3" vntheta="agent"/>
        </role>
        <role descr="item being addressed (letter, speech, etc)" f="gol" n="1">
          <vnrole vncls="25.3" vntheta="destination"/>
        </role>
        <role descr="hearer/recipient" f="ppt" n="2"/>
        <role descr="address as" f="prd" n="3"/>

      </roles>
      <example name="address-v: not quite literal" src="" type="">
        <inflection aspect="ns" form="participle" person="ns" tense="past" voice="passive"/>
        <text>[Mr. Skase's statement]-1 was addressed *trace*-1 to the stock exchange and appeared to be a response to the inquiry.</text>
        <rel f="">addressed</rel>
        <arg f="" n="1">*trace*-1 (= Mr. Skase's statement)</arg>
        <arg f="" n="2">to the stock exchange</arg>
      </example>
      <example name="address-v: with label" src="" type="">
        <inflection aspect="ns" form="participle" person="third" tense="past" voice="active"/>
        <text>John addressed Mary as "Ma'am".</text>
        <arg f="" n="0">John</arg>
        <rel f="">addressed</rel>
        <arg f="" n="2">Mary</arg>
        <arg f="prd" n="m">as "Ma'am"</arg>
      </example>
      <example name="address-v: Dear John" src="-" type="-">
        <inflection aspect="ns" form="participle" person="third" tense="past" voice="active"/>
        <text>Mary addressed the letter to John.</text>
        <arg f="" n="0">Mary</arg>
        <rel f="">addressed</rel>
        <arg f="" n="1">the letter</arg>
        <arg f="" n="2">to John</arg>
      </example>
    </roleset>
    <roleset id="address.02" name="deal with">
      <aliases>
        <alias framenet="Topic" pos="v" verbnet="">address</alias>
        <alias framenet="" pos="n" verbnet="">addressing</alias>
      </aliases>
      <note>ADDRESS-V NOTES: No relevant VN class. (from address.02-v)</note>
      <roles>
        <role descr="agent" f="pag" n="0"/>
        <role descr="dealing with what" f="ppt" n="1"/>
        <role descr="answer, dealing how" f="prd" n="2"/>
      </roles>
      <example name="address-v: just transitive" src="" type="">
        <inflection aspect="ns" form="full" person="ns" tense="present" voice="active"/>
        <text>That should help IBM address the damage that a resurgent Storage Technology Corp. has inflicted in that market.</text>
        <arg f="" n="0">IBM</arg>
        <rel f="">address</rel>
        <arg f="" n="1">the damage that a resurgent Storage Technology Corp. has inflicted in that market</arg>
      </example>
      <example name="address-v: with answer" src="" type="">
        <inflection aspect="ns" form="infinitive" person="ns" tense="ns" voice="ns"/>
        <text>[Digital]-2 hopes *trace*-2 to address that with the debut of its first mainframe-class computers next Tuesday.</text>
        <arg f="" n="0">*trace*-2</arg>
        <rel f="">address</rel>
        <arg f="" n="1">that</arg>
        <arg f="" n="2">with the debut of its first mainframe-class computers next Tuesday</arg>
      </example>
    </roleset>
    <roleset id="address.03" name="answer, pay attention to">
      <aliases>
        <alias framenet="" pos="n" verbnet="">address</alias>
        <alias framenet="" pos="n" verbnet="">addressing</alias>
        <alias framenet="" pos="l" verbnet="">deliver_address</alias>
        <alias framenet="" pos="l" verbnet="">give_address</alias>
      </aliases>
      <note>ADDRESS-N NOTES: Roleset based on verb entry address.02, OntoNotes grouping address-n sense 3; no relevant mapping to VN. Comparison to verb-speak.01. (from address.01-n)</note>
      <roles>
        <role descr="talker" f="pag" n="0"/>
        <role descr="subject" f="ppt" n="1"/>
        <role descr="hearer" f="gol" n="2"/>
      </roles>
      <example name="address-n: Args 1 &amp; 2" src="NomBank Frames" type="">
        <text>In a foreign-policy address before the Soviet legislature , theforeign minister conceded that the radar station in Krasnoyarskbreached the superpower Anti-Ballistic Missile treaty and said itwould be dismantled .</text>
        <arg f="" n="1">foreign-policy</arg>
        <rel f="">address</rel>
        <arg f="" n="2">before the Soviet legislature</arg>
      </example>
      <example name="address-n: NP only, args 0 &amp; 1" src="NomBank Frames" type="">
        <text>an address on economic policy by John Major , the new Chancellorof the Exchequer</text>
        <rel f="">address</rel>
        <arg f="" n="1">on economic policy</arg>
        <arg f="" n="0">by John Major , the new Chancellor of the Exchequer</arg>
      </example>
      <example name="address-n: All arguments" src="ON sense 3" type="">
        <inflection aspect="ns" form="ns" person="ns" tense="ns" voice="ns"/>
        <text>The general's farewell address to the troops was quite moving.</text>
        <arg f="" n="0">general's</arg>
        <arg f="" n="1">farewell</arg>
        <rel f="">address</rel>
        <arg f="" n="2">to the troops</arg>
      </example>
      <example name="address-n: Args 0 &amp; 2" src="ON sense 3" type="">
        <inflection aspect="ns" form="ns" person="ns" tense="ns" voice="ns"/>
        <text>The principal's address to the high school came over the PA system.</text>
        <arg f="" n="0">principal's</arg>
        <rel f="">address</rel>
        <arg f="" n="2">to the high school</arg>
      </example>
    </roleset>
  </predicate>
</frameset>
