<!DOCTYPE frameset SYSTEM "frameset.dtd">
<frameset>
  <predicate lemma="adept">
    <roleset id="adept.01" name="highly skilled">
      <aliases>
        <alias framenet="Expertise" pos="j" verbnet="">adept</alias>
      </aliases>
      <note>ADEPT-J NOTES: Added by Julia based on BOLT-7. (from adept.01-j)</note>
      <roles>
        <role descr="skilled entity" f="pag" n="1"/>
        <role descr="skill" f="ppt" n="2"/>
      </roles>
      <example name="both args" src="BOLT-7" type="">
        <inflection aspect="ns" form="ns" person="ns" tense="ns" voice="ns"/>
        <text>Japan is adept at consummating a double - faceted strategy toward China . In the military security aspect , Japan is aggressive and maintains a great political and security tension .</text>
        <arg f="" n="1">Japan</arg>
        <rel f="">adept</rel>
        <arg f="" n="2">at consummating a double-faceted strategy toward China</arg>
      </example>
    </roleset>
  </predicate>
</frameset>
