<!DOCTYPE frameset SYSTEM "frameset.dtd">
<frameset>
  <predicate lemma="adequate">
    <roleset id="adequate.01" name="enough, sufficing">
      <aliases>
        <alias framenet="Sufficiency" pos="j" verbnet="">adequate</alias>
      </aliases>
      <note>ADEQUATE-J NOTES: Added by Julia based on BOLT-6, relation to inadequate.01. (from adequate.01-j)</note>
      <roles>
        <role descr="entity that is enough" f="ppt" n="1"/>
        <role descr="enough for/to what" f="prd" n="2"/>
      </roles>
      <example name="arg1" src="BOLT-6" type="">
        <inflection aspect="ns" form="ns" person="ns" tense="ns" voice="ns"/>
        <text>Sure , it also reminds the educational community that exam - oriented education is no longer adequate and ca n't meet the needs of this era .</text>
        <arg f="" n="1">exam-oriented education</arg>
        <arg f="neg" n="m">no longer</arg>
        <rel f="">adquate</rel>
      </example>
    </roleset>
  </predicate>
</frameset>
