<!DOCTYPE frameset SYSTEM "frameset.dtd">
<frameset>
  <predicate lemma="adhere">
    <roleset id="adhere.01" name="stick (to)">
      <aliases>
        <alias framenet="Attaching Being_attached" pos="v" verbnet="">adhere</alias>
        <alias framenet="" pos="n" verbnet="">adhesion</alias>
        <alias framenet="" pos="j" verbnet="">adherent</alias>
      </aliases>
      <note>ADHERE-V NOTES: Member of Vncls cling-22.5. (from adhere.01-v)</note>
      <note>ADHESION-N NOTES: Roleset based on verb frame adhere.01 (from adhesion.01-n)</note>
      <note>ADHERENT-J NOTES: Added by Julia based on medi-tmprl1to8. (from adherent.01-j)</note>
      <roles>
        <role descr="agent/causer of adhesion" f="PAG" n="0"/>
        <role descr="theme of adhesion" f="PPT" n="1">
          <vnrole vncls="22.5" vntheta="Theme"/>
        </role>
        <role descr="thing stuck to" f="PPT" n="2">
          <vnrole vncls="22.5" vntheta="co-theme"/>
        </role>
      </roles>
      <example name="unaccusative" src="unaccusative" type="unaccusative">
        <inflection aspect="ns" form="full" person="ns" tense="past" voice="active"/>
        <text>John's tongue adhered to the cold iron bar.</text>
        <arg f="" n="1">John's tongue</arg>
        <rel f="">adhered</rel>
        <arg f="" n="2">to the cold iron bar</arg>
      </example>
      <example name="all args" src="internet" type="-">
        <inflection aspect="ns" form="participle" person="third" tense="past" voice="active"/>
        <text>Once in place, he adhered the scale to the slide by crushing it at one small spot against the glass.</text>
        <arg f="tmp" n="m">Once in place,</arg>
        <arg f="" n="0">he</arg>
        <rel f="">adhered</rel>
        <arg f="" n="1">the scale</arg>
        <arg f="" n="2">to the slide</arg>
        <arg f="mnr" n="m">by crushing it at one small spot against the glass</arg>
      </example>
      <example name="Arg1 and Arg2" src="" type="">
        <inflection aspect="ns" form="ns" person="ns" tense="ns" voice="ns"/>
        <text>The adhesion of the boy's tongue to the iron bar caused only minor injuries.</text>
        <rel f="">adhesion</rel>
        <arg f="" n="1">of the boy's tongue</arg>
        <arg f="" n="2">to the iron bar</arg>
      </example>
      <example name="args 1, 2" src="medi-tmprl" type="">
        <inflection aspect="ns" form="ns" person="ns" tense="ns" voice="ns"/>
        <text>The tip is firmly adherent to the perisigmoid tissue by fibrous bands , and is , grossly uninvolved by tumor .</text>
        <arg f="" n="1">The tip</arg>
        <arg f="mnr" n="m">firmly</arg>
        <rel f="">adherent</rel>
        <arg f="" n="2">to the perisigmoid tissue</arg>
        <arg f="mnr" n="m">by fibrous bands</arg>
      </example>
    </roleset>
    <roleset id="adhere.02" name="follow (policy, etc)">
      <aliases>
        <alias framenet="Compliance" pos="v" verbnet="">adhere</alias>
      </aliases>
      <note>ADHERE-V NOTES: No Vncls. (from adhere.02-v)</note>
      <roles>
        <role descr="follower" f="PAG" n="0"/>
        <role descr="policy, etc." f="PPT" n="1"/>
      </roles>
      <example name="do as I say" src="do as I say" type="do as I say">
        <inflection aspect="ns" form="infinitive" person="ns" tense="ns" voice="active"/>
        <text>Opponents of the project had claimed that [the city and the state of New York, which are co-sponsoring the project,]-2 had failed [*-2]to adhere to environmental guidelines.</text>
        <arg f="" n="0">[*-2]</arg>
        <rel f="">adhere</rel>
        <arg f="" n="1">to environmental guidelines</arg>
      </example>
    </roleset>
  </predicate>
</frameset>
