<!DOCTYPE frameset SYSTEM "frameset.dtd">
<frameset>
  <predicate lemma="adhese">
    <roleset id="adhese.01" name="stick to">
      <aliases>
        <alias framenet="" pos="v" verbnet="">adhese</alias>
        <alias framenet="" pos="j" verbnet="">adhesed</alias>
      </aliases>
      <note>ADHESE-V NOTES: Based on sentences in temprel data. Comparison to adhere.01. No VN class. Framed by Katie. (from adhese.01-v)</note>
      <note>ADHESED-J NOTES: Added by Julia based on medi-tmprl1to8 . (from adhesed.01-j)</note>
      <roles>
        <role descr="agent; causer of adhesion" f="pag" n="0"/>
        <role descr="theme of adhesion; thing stuck" f="ppt" n="1"/>
        <role descr="stuck to" f="loc" n="2"/>
      </roles>
      <example name="args 1 and 2" src="" type="">
        <inflection aspect="ns" form="ns" person="ns" tense="ns" voice="ns"/>
        <text>Grossly , [the mass-1] extends into the mucosa , muscle , and pericolonic fat , and is also adhesed [*-1]to a 29.0 cm segment of terminal ileum.</text>
        <rel f="">adhesed</rel>
        <arg f="" n="1">[*-1]</arg>
        <arg f="" n="2">to a 29.0 cm segment of terminal ileum.</arg>
      </example>
      <example name="arg1" src="medi-tmprl" type="">
        <inflection aspect="ns" form="ns" person="ns" tense="ns" voice="ns"/>
        <text>The ureter is adhesed but is grossly uninvolved .</text>
        <arg f="" n="1">The ureter</arg>
        <rel f="">adhesed</rel>
      </example>
    </roleset>
  </predicate>
</frameset>
