<!DOCTYPE frameset SYSTEM "frameset.dtd">
<frameset>
  <predicate lemma="adipose">
    <roleset id="adipose.01" name="relating to fat tissue">
      <aliases>
        <alias framenet="" pos="j" verbnet="">adipose</alias>
      </aliases>
      <note>ADIPOSE-J NOTES: Added automatically by Julia. (from adipose.01-j)</note>
      <roles>
        <role descr="adipose entity" f="ppt" n="1"/>
      </roles>
      <example name="" src="" type="">
        <text>the diffusely enlarged soft tissue was adipose in nature as the density of this tissue was (-80) to (-112) H.U. which is typical for fat [Fig. 3].</text>
      </example>
    </roleset>
  </predicate>
</frameset>
