<!DOCTYPE frameset SYSTEM "frameset.dtd">
<frameset>
  <predicate lemma="adjacent">
    <roleset id="adjacent.01" name="neighbor, be side by side">
      <aliases>
        <alias framenet="" pos="j" verbnet="">adjacent</alias>
      </aliases>
      <note>ADJACENT-J NOTES: Based on Sharp data. Comparison to neighbor.01. Neighbor.01 is a member of VN class contiguous_location-47.8. Framed by Katie. (from adjacent.01-j)</note>
      <roles>
        <role descr="first neighboring enity" f="pag" n="1"/>
        <role descr="second neighboring entity, neighbors what/whom" f="ppt" n="2"/>
      </roles>
      <example name="A is next to B" src="" type="">
        <inflection aspect="ns" form="ns" person="ns" tense="ns" voice="ns"/>
        <text>Focal microcalcifications are adjacent to the DCIS</text>
        <arg f="" n="1">Focal mocrocalcifications</arg>
        <rel f="">adjacent</rel>
        <arg f="" n="2">to the DCIS</arg>
      </example>
    </roleset>
  </predicate>
</frameset>
