<!DOCTYPE frameset SYSTEM "frameset.dtd">
<frameset>
  <predicate lemma="adjourn">
    <roleset id="adjourn.01" name="(bring to a) close">
      <aliases>
        <alias framenet="" pos="v" verbnet="">adjourn</alias>
        <alias framenet="" pos="n" verbnet="">adjournment</alias>
      </aliases>
      <note>ADJOURN-V NOTES: Frames file for 'adjourn' based on sentences in wsj. No Verbnet entry. (from adjourn.01-v)</note>
      <note>ADJOURNMENT-N NOTES: Roleset based on verb entry adjourn.01, OntoNotes grouping adjournment-n senses 1&amp; 2; No mapping to VN. Framed by Claire. (from adjournment.01-n)</note>
      <roles>
        <role descr="closer, adjourner" f="PAG" n="0"/>
        <role descr="thing closed" f="ppt" n="1"/>
      </roles>
      <example name="almost always passive" src="" type="">
        <inflection aspect="ns" form="participle" person="ns" tense="ns" voice="passive"/>
        <text>With most legislatures adjourned [*-1] for the year, small business is tallying its scorecard.</text>
        <rel f="">adjourned</rel>
        <arg f="" n="1">[*-1] -&gt; most legislatures</arg>
        <arg f="tmp" n="m">for the year</arg>
      </example>
      <example name="Arg 1, tmp" src="ON sense 1" type="">
        <inflection aspect="ns" form="participle" person="ns" tense="ns" voice="passive"/>
        <text>The bill passed before the adjournment of Congress for the summer.</text>
        <rel f="">adjournment</rel>
        <arg f="" n="1">of congress</arg>
        <arg f="tmp" n="m">for the summer</arg>
      </example>
      <example name="Arg 1, tmp" src="ON sense 2" type="">
        <inflection aspect="ns" form="ns" person="ns" tense="ns" voice="ns"/>
        <text>The judge has declared an adjournment of the trial until October.</text>
        <rel f="">adjournment</rel>
        <arg f="" n="1">of the trial</arg>
        <arg f="tmp" n="m">until October</arg>
      </example>
    </roleset>
    <roleset id="adjourn.02" name="go from one location to another">
      <aliases>
        <alias framenet="" pos="v" verbnet="">adjourn</alias>
      </aliases>
      <note>ADJOURN-V NOTES: Added by Julia based on BOLT. No VNcls. (from adjourn.02-v)</note>
      <roles>
        <role descr="entity in motion" f="PAG" n="0"/>
        <role descr="destination" f="gol" n="1"/>
      </roles>
      <example name="both args" src="BOLT" type="">
        <inflection aspect="ns" form="ns" person="ns" tense="ns" voice="ns"/>
        <text>What 's not in dispute is how-1 , following a council meeting , the alders adjourned to Brocach *-1 .</text>
        <arg f="tmp" n="m">following a council meeting</arg>
        <arg f="" n="0">the alders</arg>
        <rel f="">adjourned</rel>
        <arg f="" n="1">to Brocach</arg>
        <arg f="mnr" n="m">*-1</arg>
      </example>
      <example name="both args" src="internet" type="">
        <inflection aspect="ns" form="ns" person="ns" tense="ns" voice="ns"/>
        <text>To this Lord Ballindine consented, and they adjourned to the billiard-room;</text>
        <arg f="" n="0">they</arg>
        <rel f="">adjourned</rel>
        <arg f="" n="1">to the billiard-room</arg>
      </example>
    </roleset>
  </predicate>
</frameset>
