<!DOCTYPE frameset SYSTEM "frameset.dtd">
<frameset>
  <predicate lemma="adjoin">
    <roleset id="adjoin.01" name="be immediately next to">
      <aliases>
        <alias framenet="Locative_relation" pos="v" verbnet="">adjoin</alias>
      </aliases>
      <note>ADJOIN-V NOTES: Based on brown. Member of Vncls contiguous_location-47.8-1. (from adjoin.01-v)</note>
      <roles>
        <role descr="(first) thing(s)" f="PPT" n="1">
          <vnrole vncls="47.8-1" vntheta="Theme"/>
        </role>
        <role descr="second thing, if separate" f="PPT" n="2">
          <vnrole vncls="47.8-1" vntheta="co-theme"/>
        </role>
      </roles>
      <example name="separate args" src="" type="">
        <inflection aspect="ns" form="full" person="third" tense="present" voice="active"/>
        <text>It was built by the Pasterns, and stands on the acre of ground that [*T*-1] adjoins our property.</text>
        <arg f="" n="1">[*T*-1] (= that)</arg>
        <arg f="slc" n="m">that -&gt; the acre of ground</arg>
        <rel f="">adjoins</rel>
        <arg f="" n="2">our property</arg>
      </example>
      <example name="only one thing mentioned" src="" type="">
        <inflection aspect="progressive" form="participle" person="ns" tense="ns" voice="active"/>
        <text>Their having family ties on our plantation&amp; the adjoining one would be a stronger inducement''.</text>
        <rel f="">adjoining</rel>
        <arg f="" n="1">one</arg>
      </example>
      <example name="merged args" src="" type="">
        <inflection aspect="progressive" form="participle" person="ns" tense="ns" voice="active"/>
        <text>If a child loses a molar at the age of two, the adjoining teeth may shift toward the empty space...</text>
        <rel f="">adjoining</rel>
        <arg f="" n="1">teeth</arg>
      </example>
    </roleset>
  </predicate>
</frameset>
