<!DOCTYPE frameset SYSTEM "frameset.dtd">
<frameset>
  <predicate lemma="adjudicate">
    <roleset id="adjudicate.01" name="to settle conflicts">
      <aliases>
        <alias framenet="Ruling_legally" pos="v" verbnet="">adjudicate</alias>
        <alias framenet="" pos="n" verbnet="">adjudication</alias>
      </aliases>
      <note>ADJUDICATE-V NOTES: Text example found in the BNC; nominal 'adjudication' based on BOLT-6. No Vncls. (from adjudicate.01-v)</note>
      <note>ADJUDICATION-N NOTES: Automatically created by Julia as an alias file for unification. (from adjudication.01-n)</note>
      <roles>
        <role descr="adjudicator" f="pag" n="0"/>
        <role descr="decision or conflict" f="ppt" n="1"/>
      </roles>
      <example name="adjudicate-v: both args" src="" type="">
        <text>This celebrated treatise, usually known as" The Art of Courtly Love", lies at the origin of the legend of the Courts of Love, tribunals before which lovers were supposed to bring their quarrels in order to have them-1 adjudicated *trace*-1 by authorities in the art of love like Eleanor of Aquitaine and her daughter.</text>
        <rel f="">adjudicated</rel>
        <arg f="" n="1">*trace*-1 (= them)</arg>
        <arg f="" n="0">by authorities in the art of love like Eleanor of Aquitaine and her daughter</arg>
      </example>
      <example name="adjudication-n" src="BOLT-6" type="">
        <inflection aspect="ns" form="ns" person="ns" tense="ns" voice="ns"/>
        <text>It appears that if according to the existing " Penal Code " adjudication , without a doubt , even if the vast majority of corrupt officials do n't reach the level of " crimes deserving of dying ten thousand deaths " , they 're sufficient to be crimes deserving of dying ten times , a hundred times , a thousand times .</text>
        <arg f="prd" n="m">existing</arg>
        <arg f="" n="1">Penal Code</arg>
        <rel f="">adjudication</rel>
      </example>
    </roleset>
  </predicate>
</frameset>
