<!DOCTYPE frameset SYSTEM "frameset.dtd">
<frameset>
  <predicate lemma="adjunct">
    <roleset id="adjunct.01" name="being joined in a subordinate manner, acting as a subordinate associate">
      <aliases>
        <alias framenet="" pos="n" verbnet="">adjuncting</alias>
        <alias framenet="" pos="v" verbnet="">adjunct</alias>
      </aliases>
      <note>ADJUNCTING-N NOTES: Added by Julia based on BOLT. (from adjuncting.01-n)</note>
      <note>ADJUNCT-V NOTES: Automatically added alias.</note>
      <roles>
        <role descr="subordinate entity, adjunct" f="ppt" n="1"/>
        <role descr="superordinate entity" f="ppt" n="2"/>
        <role descr="domain, role of arg1" f="vsp" n="3"/>
      </roles>
      <example name="" src="" type="">
        <inflection aspect="ns" form="ns" person="ns" tense="ns" voice="ns"/>
        <text>Well so far only adjuncting is available to me . i d like to do something else but i m not sure what that is</text>
        <arg f="adv" n="m">only</arg>
        <rel f="">adjuncting</rel>
      </example>
    </roleset>
  </predicate>
</frameset>
