<!DOCTYPE frameset SYSTEM "frameset.dtd">
<frameset>
  <predicate lemma="adjust">
    <roleset id="adjust.01" name="change (slightly)">
      <aliases>
        <alias framenet="" pos="n" verbnet="">adjustment</alias>
        <alias framenet="" pos="l" verbnet="">make_adjustment</alias>
        <alias framenet="Adjusting" pos="v" verbnet="">adjust</alias>
      </aliases>
      <note>ADJUST-V NOTES: Member of Vncls adjust-26.9. Comparison with 'set' and 'change'. (from adjust.01-v)</note>
      <note>ADJUSTMENT-N NOTES: Roleset based on verb entry adjust.01, OntoNotes grouping adjustment-n senses 1,2,3; maps to VN entry adjust-26.9. Framed by Claire. (from adjustment.01-n)</note>
      <roles>
        <role descr="causer of transformation" f="pag" n="0">
          <vnrole vncls="26.9" vntheta="agent"/>
        </role>
        <role descr="thing changing" f="ppt" n="1">
          <vnrole vncls="26.9" vntheta="patient"/>
        </role>
        <role descr="adjusted to; goal state; outside situation that arg1 is wanted to match" f="gol" n="2">
          <vnrole vncls="26.9" vntheta="goal"/>
        </role>
        <role descr="start state" f="dir" n="3"/>
        <role descr="purpose, reason for adjustment" f="prp" n="4"/>
      </roles>
      <example name="simple transitive" src="" type="">
        <text>Banks adjusted payouts on CD's in the most recent week.</text>
        <arg f="" n="0">Banks</arg>
        <rel f="">adjusted</rel>
        <arg f="" n="1">payouts on CD's</arg>
        <arg f="tmp" n="m">in the most recent week</arg>
      </example>
      <example name="with purpose" src="" type="">
        <text>[All the figures]-1 are adjusted *trace*-1 to remove usual seasonal patterns.</text>
        <rel f="">adjusted</rel>
        <arg f="" n="1">*trace*-1 (= All the figures)</arg>
        <arg f="" n="4">to remove usual seasonal patterns</arg>
      </example>
      <example name="purpose transformed" src="" type="">
        <text>[All the figures]-1 are adjusted *trace*-1 for inflation.</text>
        <rel f="">adjusted</rel>
        <arg f="" n="1">*trace*-1 (= All the figures)</arg>
        <arg f="" n="4">for inflation</arg>
      </example>
      <example name="Arg 1, beneficiary" src="NomBank frames" type="">
        <text>Crawford evaluates health care plans , manages medical anddisability aspects of worker 's compensation injuries and isinvolved in claims adjustments for insurance companies .</text>
        <arg f="" n="1">claims</arg>
        <rel f="">adjustments</rel>
        <arg f="gol" n="m">for insurance companies</arg>
      </example>
      <example name="NP only, args 1 &amp; 4" src="NomBank Frames" type="">
        <text>adjustments to reserves for workers ' compensation claims</text>
        <rel f="">adjustments</rel>
        <arg f="" n="1">to reserves</arg>
        <arg f="" n="4">for workers ' compensation claims</arg>
      </example>
      <example name="Arg 1 only" src="ON sense 1" type="">
        <inflection aspect="ns" form="ns" person="ns" tense="ns" voice="ns"/>
        <text>This girl needs an attitude adjustment!</text>
        <arg f="" n="1">attitude</arg>
        <rel f="">adjustment</rel>
      </example>
      <example name="Args 0, 1" src="ON sense 1" type="">
        <inflection aspect="ns" form="ns" person="ns" tense="ns" voice="ns"/>
        <text>John's adjustment of the engine gave his car more power.</text>
        <arg f="" n="0">John's</arg>
        <rel f="">adjustment</rel>
        <arg f="" n="1">of the engine</arg>
      </example>
      <example name="With arg 2" src="web" type="">
        <inflection aspect="ns" form="ns" person="ns" tense="ns" voice="ns"/>
        <text>She describes her adjustment to the culture of the United States after moving to Baltimore from England</text>
        <arg f="" n="0">her</arg>
        <rel f="">adjustment</rel>
        <arg f="" n="2">to the culture of the United States</arg>
      </example>
    </roleset>
  </predicate>
</frameset>
