<!DOCTYPE frameset SYSTEM "frameset.dtd">
<frameset>
  <predicate lemma="admit">
    <roleset id="admit.01" name="acknowledge truth">
      <aliases>
        <alias framenet="Reveal_secret Statement" pos="v" verbnet="">admit</alias>
        <alias framenet="" pos="n" verbnet="">admitting</alias>
        <alias framenet="" pos="n" verbnet="">admission</alias>
        <alias framenet="" pos="l" verbnet="">make_admission</alias>
      </aliases>
      <note>ADMIT-V NOTES: Member of Vncls confess-37.10, conjecture-29.5-2. (from admit.01-v)</note>
      <note>ADMITTING-N NOTES: (from admitting.01-n)</note>
      <note>ADMISSION-N NOTES: Roleset based on verb entry admit.01, OntoNotes goruping admission-n sense 2; maps to VN entries confess-37.10, conjecture-29.5-2. Framed by Claire. (from admission.01-n)</note>
      <roles>
        <role descr="admitter" f="PAG" n="0">
          <vnrole vncls="29.5-2" vntheta="Agent"/>
          <vnrole vncls="37.10" vntheta="Agent"/>
        </role>
        <role descr="truth" f="PPT" n="1">
          <vnrole vncls="29.5-2" vntheta="Theme"/>
          <vnrole vncls="37.10" vntheta="Topic"/>
          <vnrole vncls="29.5-2" vntheta="Predicate"/>
        </role>
        <role descr="hearer" f="GOL" n="2">
          <vnrole vncls="37.10" vntheta="Recipient"/>
        </role>
      </roles>
      <example name="admitted fragmentary S" src="" type="">
        <inflection aspect="ns" form="full" person="third" tense="present" voice="active"/>
        <text>The charity admits spending a lot on fund raising, but says that was necessary to establish a donor base it can tap at much lower cost in years to come.</text>
        <arg f="" n="0">The charity</arg>
        <rel f="">admits</rel>
        <arg f="" n="1">spending a lot on fund raising</arg>
      </example>
      <example name="admit a full S, inverted" src="" type="">
        <inflection aspect="ns" form="full" person="third" tense="present" voice="active"/>
        <text>``[We've had a few bombs]-1,'' admits *trace*-1 Mr. Peters.</text>
        <rel f="">admits</rel>
        <arg f="" n="1">*trace*-1</arg>
        <arg f="" n="0">Mr. Peters</arg>
      </example>
      <example name="admit a PP" src="" type="">
        <inflection aspect="ns" form="full" person="third" tense="present" voice="active"/>
        <text>Ramon Garcia, the Asset Trust's executive trustee, admits to what he calls ``temporary setbacks.''</text>
        <arg f="" n="0">Ramon Garcia, the Asset Trust's executive trustee,</arg>
        <rel f="">admits</rel>
        <arg f="" n="1">to what he calls ``temporary setbacks</arg>
      </example>
      <example name="with hearer" src="" type="">
        <inflection aspect="ns" form="full" person="ns" tense="past" voice="active"/>
        <text>John admitted to Mary that he secretly loathed her haircut.</text>
        <arg f="" n="0">John</arg>
        <rel f="">admitted</rel>
        <arg f="" n="2">to Mary</arg>
        <arg f="" n="1">that he secretly loathed her haircut</arg>
      </example>
      <example name="Arg0,1" src="" type="">
        <inflection aspect="ns" form="ns" person="ns" tense="ns" voice="ns"/>
        <text>Do the mavs want Josh Howard gone because of his admitting that he smokes weed in the off-season?</text>
        <arg f="" n="0">his</arg>
        <rel f="">admitting</rel>
        <arg f="" n="1">that he smokes weed in the off-season</arg>
      </example>
      <example name="NP only args 0 &amp; 1" src="" type="">
        <text>any admission or denial of guilt by Mr. Holmes</text>
        <rel f="">admission</rel>
        <arg f="" n="1">of guilt</arg>
        <arg f="" n="0">by Mr. Holmes</arg>
      </example>
      <example name="Args 0 &amp; 1" src="ON sense 2" type="">
        <text>There was a tacit admission from John that things had gone wrong.</text>
        <arg f="mnr" n="m">tacit</arg>
        <rel f="">admission</rel>
        <arg f="" n="0">from John</arg>
        <arg f="" n="1">that things had gone wrong</arg>
      </example>
      <example name="All arguments" src="web" type="">
        <inflection aspect="ns" form="ns" person="ns" tense="ns" voice="ns"/>
        <text>Kemmick's blog entry starts with his admission of addiction to the Montana News.</text>
        <arg f="" n="0">his</arg>
        <rel f="">admission</rel>
        <arg f="" n="1">of addiction</arg>
        <arg f="" n="2">to the Montana News</arg>
      </example>
    </roleset>
    <roleset id="admit.02" name="allow to enter">
      <aliases>
        <alias framenet="" pos="v" verbnet="">admit</alias>
        <alias framenet="" pos="n" verbnet="">admitting</alias>
        <alias framenet="" pos="n" verbnet="">admission</alias>
        <alias framenet="" pos="l" verbnet="">give_admission</alias>
      </aliases>
      <note>ADMIT-V NOTES: Member of Vncls admit-65. (from admit.02-v)</note>
      <note>ADMITTING-N NOTES: (from admitting.02-n)</note>
      <note>ADMISSION-N NOTES: Roleset based on verb entry admit.02, OntoNotes grouping admission-n sense 1; Maps to VN entry admit-65. Framed by Claire. (from admission.02-n)</note>
      <roles>
        <note>No instance of arg0 found with noun, but you never know... (from admission.02-n)</note>
        <role descr="allower (ticket)" f="PAG" n="0">
          <vnrole vncls="65" vntheta="Agent"/>
        </role>
        <role descr="enterer" f="PPT" n="1">
          <vnrole vncls="65" vntheta="Theme"/>
        </role>
        <role descr="place entered" f="LOC" n="2">
          <vnrole vncls="65" vntheta="Location"/>
        </role>
      </roles>
      <example name="with non-agentive cause as arg0" src="" type="">
        <inflection aspect="ns" form="full" person="ns" tense="present" voice="active"/>
        <text>John's rugged good looks admit him to the highest circles of clandestine intelligence.</text>
        <arg f="" n="0">John's rugged good looks</arg>
        <rel f="">admit</rel>
        <arg f="" n="1">him</arg>
        <arg f="" n="2">to the highest circles of clandestine intelligence</arg>
      </example>
      <example name="agentive arg0" src="internet" type="-">
        <inflection aspect="ns" form="participle" person="third" tense="past" voice="active"/>
        <text>the doctors wouldn't admit him to the hospital</text>
        <arg f="" n="0">the doctors</arg>
        <arg f="mod" n="m">would</arg>
        <arg f="neg" n="m">n't</arg>
        <rel f="">admit</rel>
        <arg f="" n="1">him</arg>
        <arg f="" n="2">to the hospital</arg>
      </example>
      <example name="Arg0,1,2" src="" type="">
        <inflection aspect="ns" form="ns" person="ns" tense="ns" voice="ns"/>
        <text>Previous to their admitting him to the hospital, they had telephoned social services.</text>
        <arg f="" n="0">their</arg>
        <rel f="">admitting</rel>
        <arg f="" n="1">him</arg>
        <arg f="" n="2">to the hospital</arg>
      </example>
      <example name="Location only" src="ON sense 1" type="">
        <text>Their nation is seeking admission into the EU.</text>
        <rel f="">admission</rel>
        <arg f="" n="2">into the EU</arg>
      </example>
      <example name="Location in pre-noun position" src="ON sense 1" type="">
        <text>Her condition required frequent hospital admissions.</text>
        <arg f="tmp" n="m">frequent</arg>
        <arg f="" n="2">hospital</arg>
        <rel f="">admissions</rel>
      </example>
      <example name="Args 0 &amp; 2" src="ON sense 1" type="">
        <inflection aspect="ns" form="ns" person="ns" tense="ns" voice="ns"/>
        <text>Sally was a little jealous of Jane's admission to the Academy of Sciences.</text>
        <arg f="" n="1">Jane's</arg>
        <rel f="">admission</rel>
        <arg f="" n="2">to the Academy of Sciences</arg>
      </example>
    </roleset>
  </predicate>
</frameset>
