<!DOCTYPE frameset SYSTEM "frameset.dtd">
<frameset>
  <predicate lemma="admix">
    <roleset id="admix.01" name="to mingle or add to something else">
      <aliases>
        <alias framenet="Cause_to_amalgamate" pos="v" verbnet="">admix</alias>
      </aliases>
      <note>ADMIX-V NOTES: Based on dictionary.com. frame by Perryn. Member of Vncls mix-22.1-1. (from admix.01-v)</note>
      <roles>
        <role descr="agent, mixer" f="PAG" n="0">
          <vnrole vncls="22.1-1" vntheta="Agent"/>
        </role>
        <role descr="ingredient one" f="PPT" n="1">
          <vnrole vncls="22.1-1" vntheta="Patient"/>
        </role>
        <role descr="ingredient two (if separate)" f="PPT" n="2">
          <vnrole vncls="22.1-1" vntheta="co-patient"/>
        </role>
        <role descr="end product" f="prd" n="3"/>
      </roles>
      <example name="cooking" src="" type="">
        <text>Mary admixed some parsley to John's stew.</text>
        <arg f="" n="0">Mary</arg>
        <rel f="">admixed</rel>
        <arg f="" n="1">some parsley</arg>
        <arg f="" n="2">to John's stew</arg>
      </example>
    </roleset>
  </predicate>
</frameset>
