<!DOCTYPE frameset SYSTEM "frameset.dtd">
<frameset>
  <predicate lemma="administrate">
    <roleset id="administrate.01" name="manage">
      <aliases>
        <alias framenet="" pos="v" verbnet="">administrate</alias>
      </aliases>
      <note>ADMINISTRATE-V NOTES: Framed by Neville. (from administrate.01-v)</note>
      <roles>
        <role descr="agent, manager" f="PAG" n="0"/>
        <role descr="theme, process/thing being managed" f="PPT" n="1"/>
      </roles>
      <example name="arb control, no object" src="" type="">
        <inflection aspect="ns" form="ns" person="ns" tense="ns" voice="ns"/>
        <text>[The foreign investment management departments and justice organizations]-1 insist on *trace*-1 administrating according to law and handling cases according to law , so that they have effectively protected rights and interests of each party .</text>
        <arg f="" n="0">*trace*-1 (= The foreign investment management departments and justice organizations)</arg>
        <rel f="">administrating</rel>
        <arg f="mnr" n="m">according to law</arg>
      </example>
    </roleset>
  </predicate>
</frameset>
