<!DOCTYPE frameset SYSTEM "frameset.dtd">
<frameset>
  <predicate lemma="admire">
    <roleset id="admire.01" name="admire">
      <aliases>
        <alias framenet="Judgment Perception_active" pos="v" verbnet="">admire</alias>
        <alias framenet="" pos="n" verbnet="">admiration</alias>
      </aliases>
      <note>ADMIRE-V NOTES: Frames file for 'admire' based on wsj; nominal 'admiration' based on BOLT-7. Member of Vncls admire-31.2 (from admire.01-v)</note>
      <note>ADMIRATION-N NOTES: Automatically created by Julia as an alias file for unification. (from admiration.01-n)</note>
      <roles>
        <role descr="admirer" f="ppt" n="0">
          <vnrole vncls="31.2" vntheta="experiencer"/>
        </role>
        <role descr="admired" f="pag" n="1">
          <vnrole vncls="31.2" vntheta="stimulus"/>
        </role>
      </roles>
      <example name="admire-v: transitive" src="" type="">
        <inflection aspect="ns" form="full" person="ns" tense="past" voice="active"/>
        <text>Mr. Lieber, the actor who plays Mr. Hoffman, says he was concerned at first that the script would ``misrepresent an astute political mind, one that-1 I admired *trace*-1,'' but that his concerns were allayed.</text>
        <arg f="" n="0">I</arg>
        <rel f="">admired</rel>
        <arg f="" n="1">*trace*-1 (= that)</arg>
        <arg f="slc" n="m">that -&gt; one</arg>
      </example>
      <example name="admire-v: with cause" src="-" type="-">
        <inflection aspect="ns" form="participle" person="third" tense="past" voice="active"/>
        <text>John admired Mary for her perspicacity</text>
        <arg f="" n="0">John</arg>
        <rel f="">admired</rel>
        <arg f="" n="1">Mary</arg>
        <arg f="cau" n="m">for her perspicacity</arg>
      </example>
      <example name="admiration-n" src="BOLT-7" type="">
        <inflection aspect="ns" form="ns" person="ns" tense="ns" voice="ns"/>
        <text>But one only has to compare the per capita incomes of residents of Beijing and Shanghai with those of New York and Tokyo residents to see how huge the gap is and realize that this " envy " is meaningless self - admiration .</text>
        <arg f="adj" n="m">meaningless</arg>
        <arg f="" n="1">self</arg>
        <rel f="">admiration</rel>
      </example>
    </roleset>
  </predicate>
  <predicate lemma="admirable">
    <roleset id="admirable.02" name="worthy of admiring">
      <aliases>
        <alias framenet="Praiseworthiness" pos="j" verbnet="">admirable</alias>
      </aliases>
      <note>ADMIRABLE-J NOTES: Added by Julia based on BOLT-7. (from admirable.01-j)</note>
      <roles>
        <role descr="admirer" f="pag" n="0"/>
        <role descr="target of admiration" f="ppt" n="1"/>
      </roles>
      <example name="admireable-j: arg1" src="BOLT-7" type="">
        <inflection aspect="ns" form="ns" person="ns" tense="ns" voice="ns"/>
        <text>They are really good at finding loopholes , which-1 [*-1] is indeed admirable !</text>
        <arg f="" n="1">[*-1]</arg>
        <arg f="adv" n="m">indeed</arg>
        <rel f="">admirable</rel>
      </example>
    </roleset>
  </predicate>
</frameset>
