<!DOCTYPE frameset SYSTEM "frameset.dtd">
<frameset>
  <predicate lemma="administer">
    <roleset id="administer.01" name="to manage, distribute, or apply">
      <aliases>
        <alias framenet="" pos="n" verbnet="">administration</alias>
        <alias framenet="" pos="v" verbnet="">administer</alias>
      </aliases>
      <note>ADMINISTER-V NOTES: Member of Vncls contribute-13.2-1-1. (from administer.01-v)</note>
      <note>ADMINISTRATION-N NOTES: Roleset based on verb entry administer.01, OntoNotes grouping administration-n senses 2&amp; 3; maps to VN class contribute-13.2. Framed by Claire. (from administration.01-n)</note>
      <roles>
        <role descr="administrator, agent" f="PAG" n="0">
          <vnrole vncls="13.2-1-1" vntheta="Agent"/>
        </role>
        <role descr="entity administered" f="PPT" n="1">
          <vnrole vncls="13.2-1-1" vntheta="Theme"/>
        </role>
        <role descr="administered to/upon" f="GOL" n="2">
          <vnrole vncls="13.2-1-1" vntheta="Recipient"/>
        </role>
      </roles>
      <example name="all arguments" src="" type="">
        <inflection aspect="ns" form="infinitive" person="ns" tense="ns" voice="active"/>
        <text>Worse , it remained to [a well-meaning but naive president of the United States]-1 *PRO*-1 to administer the final infamy upon those who fought and died in Vietnam .</text>
        <arg f="" n="0">*PRO*-1 (= a well-meaning but naive president of the United States)</arg>
        <rel f="">administer</rel>
        <arg f="" n="1">the final infamy</arg>
        <arg f="" n="2">upon those who fought and died in Vietnam</arg>
      </example>
      <example name="unspecified subject" src="" type="">
        <inflection aspect="ns" form="infinitive" person="ns" tense="ns" voice="active"/>
        <text>The idea would be *PRO* to administer to patients the growth-controlling proteins made [*] by healthy versions of the damaged genes .</text>
        <arg f="" n="0">*PRO*</arg>
        <rel f="">administer</rel>
        <arg f="" n="2">to patients</arg>
        <arg f="" n="1">the growth-controlling proteins made by healthy versions of the damaged genes</arg>
      </example>
      <example name="Arg 1 only" src="ON sense 2" type="">
        <text>I have a degree in business administration.</text>
        <arg f="" n="1">business</arg>
        <rel f="">administration</rel>
      </example>
      <example name="Arg 0 only" src="ON sense 2" type="">
        <text>The island has remained under French administration.</text>
        <arg f="" n="0">French</arg>
        <rel f="">administration</rel>
      </example>
      <example name="Arg 1, distribute sense" src="ON sense 3" type="">
        <inflection aspect="ns" form="ns" person="ns" tense="ns" voice="ns"/>
        <text>The patient fell asleep after the administration of a sedative.</text>
        <rel f="">administration</rel>
        <arg f="" n="1">of a sedative</arg>
      </example>
      <example name="All arguments" src="web" type="">
        <inflection aspect="ns" form="ns" person="ns" tense="ns" voice="ns"/>
        <text>Puckett closely monitored his administration of drugs to Hobbs.</text>
        <arg f="" n="0">his</arg>
        <rel f="">administration</rel>
        <arg f="" n="1">of drugs</arg>
        <arg f="" n="2">to Hobbs</arg>
      </example>
    </roleset>
  </predicate>
</frameset>
