<!DOCTYPE frameset SYSTEM "frameset.dtd">
<frameset>
  <predicate lemma="admonish">
    <roleset id="admonish.01" name="persuade warningly">
      <aliases>
        <alias framenet="" pos="n" verbnet="">admonition</alias>
        <alias framenet="Attempt_suasion" pos="v" verbnet="">admonish</alias>
      </aliases>
      <note>ADMONISH-V NOTES: Member of Vncls advise-37.9-1, urge-58.1 (from admonish.01-v)</note>
      <roles>
        <role descr="persuader" f="pag" n="0">
          <vnrole vncls="37.9-1" vntheta="agent"/>
          <vnrole vncls="58.1" vntheta="agent"/>
        </role>
        <role descr="persuaded agent" f="gol" n="1">
          <vnrole vncls="37.9-1" vntheta="recipient"/>
          <vnrole vncls="58.1" vntheta="recipient"/>
        </role>
        <role descr="persuaded action" f="ppt" n="2">
          <vnrole vncls="37.9-1" vntheta="topic"/>
          <vnrole vncls="58.1" vntheta="topic"/>
        </role>
      </roles>
      <example name="please?" src="" type="">
        <inflection aspect="ns" form="gerund" person="ns" tense="present" voice="active"/>
        <text>At his first school in the U.S.[he]-1 was thought a little strange for [*-1]shutting off open water taps and admonishing his schoolmates to take only brief showers.</text>
        <arg f="" n="0">[*-1]</arg>
        <rel f="">admonishing</rel>
        <arg f="" n="1">his schoolmates</arg>
        <arg f="" n="2">to take only brief showers</arg>
      </example>
    </roleset>
    <roleset id="admonish.02" name="chastise">
      <aliases>
        <alias framenet="Judgment_direct_address" pos="v" verbnet="">admonish</alias>
      </aliases>
      <note>ADMONISH-V NOTES: No Vncls (from admonish.02-v)</note>
      <roles>
        <role descr="chastiser" f="pag" n="0"/>
        <role descr="chastised" f="ppt" n="1"/>
        <role descr="wrongdoing" f="cau" n="2"/>
      </roles>
      <example name="stop that!" src="" type="">
        <inflection aspect="ns" form="full" person="ns" tense="past" voice="active"/>
        <text>Mary admonished John for putting his dirty feet on the dining room table.</text>
        <arg f="" n="0">Mary</arg>
        <rel f="">admonished</rel>
        <arg f="" n="1">John</arg>
        <arg f="" n="2">for putting his dirty feet on the dining room table</arg>
      </example>
    </roleset>
  </predicate>
</frameset>
