<!DOCTYPE frameset SYSTEM "frameset.dtd">
<frameset>
  <predicate lemma="adopt">
    <roleset id="adopt.01" name="take on as one's own">
      <aliases>
        <alias framenet="Adopt_selection" pos="v" verbnet="">adopt</alias>
        <alias framenet="" pos="n" verbnet="">adoption</alias>
        <alias framenet="" pos="j" verbnet="">adopted</alias>
      </aliases>
      <note>ADOPT-V NOTES: Member of Vncls appoint-29.1, adopt-93, characterize-29.2. (from adopt.01-v)</note>
      <note>ADOPTED-J NOTES: Added by Julia based on SHARP. (from adopted.01-j)</note>
      <note>ADOPTION-N NOTES: Based on ontonouns. Copy of adopt.01-v, to be aliased. (from adoption.01-n)</note>
      <roles>
        <role descr="adopter" f="PAG" n="0">
          <vnrole vncls="29.1" vntheta="Agent"/>
          <vnrole vncls="93" vntheta="Agent"/>
          <vnrole vncls="29.2" vntheta="Agent"/>
        </role>
        <role descr="thing adopted" f="PPT" n="1">
          <vnrole vncls="29.1" vntheta="Theme"/>
          <vnrole vncls="93" vntheta="Theme"/>
          <vnrole vncls="29.2" vntheta="Theme"/>
        </role>
        <role descr="secondary attibute" f="PRD" n="2">
          <vnrole vncls="29.1" vntheta="Result"/>
          <vnrole vncls="29.2" vntheta="Attribute"/>
        </role>
      </roles>
      <example name="adopt-v: nice simple transitive" src="" type="">
        <text>The company also adopted an anti-takeover plan .</text>
        <arg f="" n="0">The company</arg>
        <arg f="dis" n="m">also</arg>
        <rel f="">adopted</rel>
        <arg f="" n="1">an anti-takeover plan</arg>
      </example>
      <example name="adopt-v: secondary attribute" src="" type="">
        <text>The results underscore Sears's difficulties in implementing the ``everyday low pricing'' strategy that it adopted *trace*-1 in March as part of a broad attempt to revive its retailing business.</text>
        <arg f="" n="0">it</arg>
        <rel f="">adopted</rel>
        <arg f="" n="1">*trace*-1 (= that)</arg>
        <arg f="slc" n="m">that -&gt; the ``everyday low pricing'' strategy</arg>
        <arg f="tmp" n="m">in March</arg>
        <arg f="" n="2">as part of a broad attempt to revive its retailing business</arg>
      </example>
      <example name="adoption-n" src="" type="">
        <text>An American couple is asking the courts to void their adoption of two Russian children.</text>
        <arg f="" n="0">their</arg>
        <rel f="">adoption</rel>
        <arg f="" n="1">of two Russian children</arg>
      </example>
      <example name="adopted-j" src="" type="">
        <text>How do I tell my parents I'm adopted?</text>
        <arg f="" n="1">I</arg>
        <rel f="">adopted</rel>
      </example>
      <example name="adopted-j" src="" type="">
        <text>Once a new slang word is adopted or invented by young people, there is a greater chance to see it in the newspaper or to hear it over the radio.</text>
        <arg f="" n="1">a new slang word</arg>
        <rel f="">adopted</rel>
        <arg f="" n="0">by young people</arg>
      </example>
    </roleset>
  </predicate>
</frameset>
