<!DOCTYPE frameset SYSTEM "frameset.dtd">
<frameset>
  <predicate lemma="adore">
    <roleset id="adore.01" name="have fond feelings for">
      <aliases>
        <alias framenet="Experiencer_subj" pos="v" verbnet="">adore</alias>
      </aliases>
      <note>ADORE-V NOTES: Frame created by Arrick. Member of Vncls admire-31.2. other members include admire, cherish, distrust, envy, favor, grudge, loathe, love, pity, relish, savor, tolerate, value, and worship. (from adore.01-v)</note>
      <roles>
        <role descr="adorer" f="PPT" n="0">
          <vnrole vncls="31.2" vntheta="Experiencer"/>
        </role>
        <role descr="thing adored" f="CAU" n="1">
          <vnrole vncls="31.2" vntheta="Stimulus"/>
        </role>
      </roles>
      <example name="both args" src="" type="">
        <text>We both adore her very well and admire her immensely.</text>
        <arg f="" n="0">We both</arg>
        <rel f="">adore</rel>
        <arg f="" n="1">her</arg>
        <arg f="mnr" n="m">very well</arg>
      </example>
    </roleset>
  </predicate>
  <predicate lemma="adorable">
    <roleset id="adorable.02" name="exceptionally cute">
      <aliases>
        <alias framenet="" pos="j" verbnet="">adorable</alias>
      </aliases>
      <note>ADORABLE-J NOTES: Added by Julia based on SMS, relation to 'adore.01'. (from adorable.01-j)</note>
      <roles>
        <role descr="perceiver" f="pag" n="0"/>
        <role descr="cutie pie" f="ppt" n="1"/>
      </roles>
      <example name="arg1" src="SMS" type="">
        <inflection aspect="ns" form="ns" person="ns" tense="ns" voice="ns"/>
        <text>Oh gosh , that is adorable !!</text>
        <arg f="dir" n="m">Oh gosh</arg>
        <arg f="" n="1">that</arg>
        <rel f="">adorable</rel>
      </example>
    </roleset>
  </predicate>
</frameset>
