<!DOCTYPE frameset SYSTEM "frameset.dtd">
<frameset>
  <predicate lemma="adorn">
    <roleset id="adorn.01" name="to decorate with or as if with ornaments">
      <aliases>
        <alias framenet="Filling Adorning" pos="v" verbnet="">adorn</alias>
      </aliases>
      <note>ADORN-V NOTES: Member of Vncls fill-9.8, illustrate-25.3 (from adorn.01-v)</note>
      <roles>
        <role descr="decorator, agent" f="PAG" n="0">
          <vnrole vncls="9.8" vntheta="Agent"/>
          <vnrole vncls="25.3" vntheta="Agent"/>
        </role>
        <role descr="entity adorned" f="GOL" n="1">
          <vnrole vncls="9.8" vntheta="Destination"/>
          <vnrole vncls="25.3" vntheta="Destination"/>
        </role>
        <role descr="ornaments" f="PPT" n="2">
          <vnrole vncls="9.8" vntheta="Theme"/>
          <vnrole vncls="25.3" vntheta="Theme"/>
        </role>
      </roles>
      <example name="non-agentive" src="" type="">
        <inflection aspect="ns" form="full" person="ns" tense="past" voice="active"/>
        <text>Baskets of roses and potted palms adorned his bench .</text>
        <arg f="" n="2">Baskets of roses and potted palms</arg>
        <rel f="">adorned</rel>
        <arg f="" n="1">his bench</arg>
      </example>
      <example name="agentive" src="" type="">
        <inflection aspect="perfect" form="participle" person="third" tense="present" voice="active"/>
        <text>They note that he has adorned his office with five photos of George Bush , one of them featuring the First Dog , Millie .</text>
        <arg f="" n="0">he</arg>
        <rel f="">adorned</rel>
        <arg f="" n="1">his office</arg>
        <arg f="" n="2">with five photos of George Bush , one of them featuring the First Dog , Millie</arg>
      </example>
    </roleset>
  </predicate>
</frameset>
