<!DOCTYPE frameset SYSTEM "frameset.dtd">
<frameset>
  <predicate lemma="adrenalectomize">
    <roleset id="adrenalectomize.01" name="surgically remove one or both adrenal glands">
      <aliases>
        <alias framenet="" pos="v" verbnet="">adrenalectomize</alias>
      </aliases>
      <note>ADRENALECTOMIZE-V NOTES: (from adrenalectomize.01-v)</note>
      <roles>
        <role descr="Agent, surgeon" f="pag" n="0"/>
        <role descr="Patient, person undergoing surgery" f="dir" n="1"/>
      </roles>
      <example name="Both args" src="" type="">
        <inflection aspect="ns" form="ns" person="ns" tense="ns" voice="ns"/>
        <text>To halt the spread of cancer, Dr.Quinn adrenalectomized Roberta.</text>
        <arg f="" n="0">Dr. Quinn</arg>
        <rel f="">adrenalectomized</rel>
        <arg f="" n="1">Roberta</arg>
      </example>
    </roleset>
  </predicate>
</frameset>
