<!DOCTYPE frameset SYSTEM "frameset.dtd">
<frameset>
  <predicate lemma="adsorb">
    <roleset id="adsorb.01" name="to accumulate on a surface">
      <aliases>
        <alias framenet="" pos="v" verbnet="">adsorb</alias>
      </aliases>
      <note>ADSORB-V NOTES: From Clinical Notes corpus; framed by Anwen April 2011 (from adsorb.01-v)</note>
      <roles>
        <role descr="Adsorbed substance; thing accumulating" f="PPT" n="1"/>
        <role descr="Surface on which substance is accumulating" f="LOC" n="2"/>
      </roles>
      <example name="Basic" src="" type="">
        <inflection aspect="ns" form="ns" person="ns" tense="ns" voice="ns"/>
        <text>Oxygen adsorbs on tungsten.</text>
        <arg f="" n="1">oxygen</arg>
        <rel f="">adsorbs</rel>
        <arg f="" n="2">on tungsten</arg>
      </example>
    </roleset>
  </predicate>
</frameset>
