<!DOCTYPE frameset SYSTEM "frameset.dtd">
<frameset>
  <predicate lemma="adulterate">
    <roleset id="adulterate.01" name="dilute, weaken">
      <aliases>
        <alias framenet="" pos="v" verbnet="">adulterate</alias>
        <alias framenet="" pos="n" verbnet="">adulteration</alias>
      </aliases>
      <note>Based on Google data. Framed by Katie.</note>
      <roles>
        <role descr="agent" f="pag" n="0"/>
        <role descr="weakened entity" f="ppt" n="1"/>
        <role descr="instrument, weakened with or by" f="mnr" n="m"/>
      </roles>
      <example name="adulterate-v: With arg0" src="" type="">
        <inflection aspect="ns" form="ns" person="ns" tense="ns" voice="ns"/>
        <text>King Enrique VIII adulterated the Bible so that divorce could be allowed</text>
        <arg f="" n="0">King Enrique VII</arg>
        <rel f="">adulterated</rel>
        <arg f="" n="1">the Bible</arg>
        <arg f="prp" n="m">so that divorce could be allowed</arg>
      </example>
      <example name="adulterate-v: No arg 0" src="" type="">
        <inflection aspect="ns" form="ns" person="ns" tense="ns" voice="ns"/>
        <text>There were complaints that the beer had been adulterated with water.</text>
        <arg f="" n="1">the beer</arg>
        <rel f="">adulterated</rel>
        <arg f="mnr" n="m">with water</arg>
      </example>
      <example name="adulteration-n" src="" type="">
        <text>The adulteration of dietary supplements has been reported fairly frequently, yet most consumers and health care professionals are unfamiliar with the problem.</text>
        <rel f="">adulteration</rel>
        <arg f="" n="1">of dietary supplements</arg>
      </example>
    </roleset>
  </predicate>
</frameset>
