<!DOCTYPE frameset SYSTEM "frameset.dtd">
<frameset>
  <predicate lemma="advantageous">
    <roleset id="advantageous.01" name="providing advantage">
      <aliases>
        <alias framenet="" pos="j" verbnet="">advantageous</alias>
      </aliases>
      <note>ADVANTAGEOUS-J NOTES: Based on BOLT P01. (from advantageous.01-j)</note>
      <roles>
        <role descr="thing that provides advantage" f="ppt" n="1"/>
        <role descr="advantageous for/to whom/what?" f="gol" n="2"/>
      </roles>
      <example name="All args" src="BOLT P01" type="">
        <inflection aspect="ns" form="ns" person="ns" tense="ns" voice="ns"/>
        <text>I do n't want to guess their specific motives , but it seems to me that such an arrangement could be very advantageous for those nations in the event of a crisis brought on by peak oil .</text>
        <arg f="" n="1">such an arrangement</arg>
        <arg f="mod" n="m">could</arg>
        <arg f="ext" n="m">very</arg>
        <rel f="">advantageous</rel>
        <arg f="" n="2">for those nations</arg>
        <arg f="adv" n="m">in the event of a crisis brought on by peak oil .</arg>
      </example>
    </roleset>
  </predicate>
</frameset>
