<!DOCTYPE frameset SYSTEM "frameset.dtd">
<frameset>
  <predicate lemma="advertise">
    <roleset id="advertise.01" name="make a commercial pitch">
      <aliases>
        <alias framenet="" pos="v" verbnet="">advertise</alias>
        <alias framenet="" pos="n" verbnet="">advertisement</alias>
        <alias framenet="" pos="n" verbnet="">advertising</alias>
      </aliases>
      <note>ADVERTISE-V NOTES: Member of Vncls search-35.2. (from advertise.01-v)</note>
      <note>ADVERTISING-N NOTES: Roleset based on verb entry advertise.01, OntoNotes grouping advertising-n sense 3; maps to VN class search-35.2. Framed by Claire. (from advertising.01-n)</note>
      <note>ADVERTISEMENT-N NOTES: Automatically created by Julia as an alias file for unification. (from advertisement.01-n)</note>
      <roles>
        <role descr="advertiser" f="PAG" n="0">
          <vnrole vncls="35.2" vntheta="Agent"/>
        </role>
        <role descr="thing being pitched, advertised" f="PPT" n="1">
          <vnrole vncls="35.2" vntheta="Theme"/>
        </role>
      </roles>
      <example name="intransitive agentive" src="" type="">
        <text>[Cotton Inc.]-1 will spend nearly $2 million on broadcasting on Thanksgiving Day alone, *trace*-1 advertising on such programs as ``Good Morning America,'' ``Macy's Thanksgiving Day Parade'' and the NFL holiday game.</text>
        <arg f="" n="0">*trace*-1</arg>
        <rel f="">advertising</rel>
        <arg f="loc" n="m">on such programs as ``Good Morning America,'' ``Macy's Thanksgiving Day Parade'' and the NFL holiday game</arg>
      </example>
      <example name="transitive agentive" src="" type="">
        <text>Pepsi said [it]-2 will spend $10 million *trace*-2 advertising the promotion.</text>
        <arg f="" n="0">*trace*-2</arg>
        <rel f="">advertising</rel>
        <arg f="" n="1">the promotion</arg>
      </example>
      <example name="Arg 1 only" src="ON sense 3" type="">
        <text>The advertising of this conference was not well organized.</text>
        <rel f="">advertising</rel>
        <arg f="" n="1">of this conference was not well organized.</arg>
      </example>
      <example name="NP only, Arg1" src="NomBank Frames" type="">
        <text>tobacco advertising</text>
        <arg f="" n="1">tobacco</arg>
        <rel f="">advertising</rel>
      </example>
      <example name="All arguments" src="ON sense 3" type="">
        <inflection aspect="ns" form="ns" person="ns" tense="ns" voice="ns"/>
        <text>John's advertising of his accomplishments at the meeting did not impress anyone.</text>
        <arg f="" n="0">John's</arg>
        <rel f="">advertising</rel>
        <arg f="" n="1">of his accomplishments</arg>
        <arg f="loc" n="m">at the meeting</arg>
      </example>
    </roleset>
  </predicate>
</frameset>
