<!DOCTYPE frameset SYSTEM "frameset.dtd">
<frameset>
	<predicate lemma="advect">
		<roleset id="advect.01" name="horizontal transfer of mass (usually fluid or atmospheric)">
			<aliases>
				<alias framenet="" pos="v" verbnet="">advect</alias>
				<alias framenet="" pos="n" verbnet="">advection</alias>
			</aliases>
			<roles>
				<role descr="cause of movement" f="pag" n="0" />
				<role descr="air, water, entity moved" f="ppt" n="1" />
			</roles>
			<note>Based on cryo data. Slight comparison with transport.01. No VN or FN classes. Framed by Katie</note>
			<example name="advect-v: arg 1 with direction" src="" type="">
				<inflection aspect="ns" form="ns" person="ns" tense="ns" voice="ns" />
				<text>moist air mass was advected northwards</text>
				<arg f="" n="1">moist air mass</arg>
				<rel f="">advected</rel>
				<arg f="dir" n="m">northwards</arg>
			</example>
			<example name="advection-n: both args" src="" type="">
				<inflection aspect="ns" form="ns" person="ns" tense="ns" voice="ns" />
				<text>temperature advection by tropical instability</text>
				<arg f="" n="1">temperature</arg>
				<rel f="">advection</rel>
				<arg f="" n="0">by tropical instability</arg>
			</example>
		</roleset>
	</predicate>
</frameset>
