<!DOCTYPE frameset SYSTEM "frameset.dtd">
<frameset>
  <predicate lemma="advert">
    <roleset id="advert.01" name="to call attention to, refer to">
      <aliases>
        <alias framenet="" pos="v" verbnet="">advert</alias>
      </aliases>
      <note>ADVERT-V NOTES: Roleset based on parallel additions to VerbNet, PropBank, and sense groupings. See VNcls search-35.2 ("advertise" member) Framed by Claire. (from advert.01-v)</note>
      <roles>
        <role descr="Attention getter" f="pag" n="0">
          <vnrole vncls="26.6.2" vntheta="agent"/>
        </role>
        <role descr="Entity referred to, target of attention" f="ppt" n="1">
          <vnrole vncls="26.6.2" vntheta="patient"/>
        </role>
      </roles>
      <example name="With reference in typical &quot;to&quot; PP" src="With reference in typical &quot;to&quot; PP" type="With reference in typical &quot;to&quot; PP">
        <inflection aspect="ns" form="ns" person="ns" tense="ns" voice="ns"/>
        <text>When writers in ancient times considered leadership and human affairs, they adverted to the particular importance of persuasive speech...</text>
        <arg f="tmp" n="m">When writers in ancient times considered leadership and human affairs</arg>
        <arg f="" n="0">they</arg>
        <rel f="">averted</rel>
        <arg f="" n="1">to the particular importance of persuasive speech</arg>
      </example>
      <example name="Long arg1" src="Long arg1" type="Long arg1">
        <inflection aspect="ns" form="ns" person="ns" tense="ns" voice="ns"/>
        <text>They adverted to the want of discipline displayed by the army in Africa, the superior officers setting the example of misrule.</text>
        <arg f="" n="0">They</arg>
        <rel f="">adverted</rel>
        <arg f="" n="1">to the want of discipline displayed by the army in Africa, the superior officers setting the example of misrule.</arg>
      </example>
    </roleset>
  </predicate>
</frameset>
