<!DOCTYPE frameset SYSTEM "frameset.dtd">
<frameset>
  <predicate lemma="adventure">
    <roleset id="adventure.01" name="courageous expedition">
      <aliases>
        <alias framenet="" pos="v" verbnet="">adventure</alias>
        <alias framenet="" pos="n" verbnet="">adventure</alias>
      </aliases>
      <note>ADVENTURE-N NOTES: (from adventure.01-n)</note>
      <note>ADVENTURE-V NOTES: Automatically added alias.</note>
      <roles>
        <role descr="adventurer" f="pag" n="0"/>
        <role descr="the adventure" f="ppt" n="1"/>
      </roles>
      <example name="both args" src="SMS" type="">
        <inflection aspect="ns" form="ns" person="ns" tense="ns" voice="ns"/>
        <text>I am trying to involve Earth in your birthday adventure too ! Do n't tell her yet ! I do n't want her to get too excited ....</text>
        <arg f="" n="0">your</arg>
        <arg f="" n="1">birthday</arg>
        <rel f="">adventure</rel>
      </example>
    </roleset>
  </predicate>
  <predicate lemma="adventurous">
    <roleset id="adventurous.02" name="seeking, characterized by adventure">
      <aliases>
        <alias framenet="" pos="j" verbnet="">adventurous</alias>
      </aliases>
      <note>ADVENTUROUS-J NOTES: Roleset based on instances in BOLT P01, parts 2,3. Framed by Claire. (from adventurous.01-j)</note>
      <roles>
        <role descr="adventurous thing" f="ppt" n="1"/>
      </roles>
      <example name="corpus example" src="BOLT P01, parts 2,3" type="">
        <inflection aspect="ns" form="ns" person="ns" tense="ns" voice="ns"/>
        <text>You are two years more experienced , travelled , and adventurous .</text>
        <arg f="" n="1">You</arg>
        <rel f="">adventurous</rel>
      </example>
      <example name="With manner" src="web" type="">
        <inflection aspect="ns" form="ns" person="ns" tense="ns" voice="ns"/>
        <text>She was quite adventurous in her choosing of hair styles.</text>
        <arg f="" n="1">She</arg>
        <rel f="">adventurous</rel>
        <arg f="mnr" n="m">in her choosing of hair styles.</arg>
      </example>
    </roleset>
  </predicate>
</frameset>
