<!DOCTYPE frameset SYSTEM "frameset.dtd">
<frameset>
  <predicate lemma="advil">
    <roleset id="advil.01" name="use advil">
      <aliases>
        <alias framenet="" pos="v" verbnet="">advil</alias>
      </aliases>
      <note>ADVIL-V NOTES: Added by Julia based on SMS. (from advil.01-v)</note>
      <roles>
        <role descr="advil user" f="pag" n="0"/>
      </roles>
      <example name="arg0" src="SMS" type="">
        <inflection aspect="ns" form="ns" person="ns" tense="ns" voice="ns"/>
        <text>gon *PRO* na ice and advil .</text>
        <arg f="" n="0">*PRO*</arg>
        <rel f="">advil</rel>
      </example>
    </roleset>
  </predicate>
</frameset>
