<!DOCTYPE frameset SYSTEM "frameset.dtd">
<frameset>
  <predicate lemma="advise">
    <roleset id="advise.01" name="give advice">
      <aliases>
        <alias framenet="Attempt_suasion Telling" pos="v" verbnet="">advise</alias>
      <alias framenet="" pos="n" verbnet="">advice</alias>
      <alias framenet="" pos="j" verbnet="">advisable</alias>
      <alias framenet="" pos="l" verbnet="">give_advice</alias>
</aliases>
      
      <roles>
        <role descr="entity giving advice" f="pag" n="0">
          <vnrole vncls="37.9-1" vntheta="agent"/>
          <vnrole vncls="37.7-1" vntheta="agent"/>
          <vnrole vncls="37.2" vntheta="agent"/>
          <vnrole vncls="58.1" vntheta="agent"/>
        </role>
        <role descr="entity getting advice, impelled agent" f="gol" n="1">
          <vnrole vncls="37.9-1" vntheta="recipient"/>
          <vnrole vncls="37.7-1" vntheta="recipient"/>
          <vnrole vncls="37.2" vntheta="recipient"/>
          <vnrole vncls="58.1" vntheta="recipient"/>
        </role>
        <role descr="advice, impelled action" f="ppt" n="2">
          <vnrole vncls="37.9-1" vntheta="topic"/>
          <vnrole vncls="37.7-1" vntheta="topic"/>
          <vnrole vncls="37.2" vntheta="topic"/>
          <vnrole vncls="58.1" vntheta="topic"/>
        </role>
      </roles>
      <example name="no advice mentioned" src="" type="">
        <text>[Nekoosa]-1 also is being advised *trace*-1 by Goldman, Sachs and Co.</text>
        <arg f="dis" n="m">also</arg>
        <rel f="">advised</rel>
        <arg f="" n="1">*trace*-1</arg>
        <arg f="" n="0">by Goldman , Sachs and Co</arg>
      </example>
      <example name="advice as PP" src="" type="">
        <text>They continually advise their clients on which individual stocks to buy or sell, while their clients continue to hope for superior performance.</text>
        <arg f="" n="0">They</arg>
        <arg f="tmp" n="m">continually</arg>
        <rel f="">advise</rel>
        <arg f="" n="1">their clients</arg>
        <arg f="" n="2">on which individual stocks to buy or sell</arg>
        <arg f="adv" n="m">while their clients continue to hope for superior performance</arg>
      </example>
      <example name="advice as pro-controlled S" src="" type="">
        <text>``We are advising a lot of our clients to make moves that make sense to them, rather than waiting until the last minute, because things have been so volatile,'' said William Sulya, head of OTC trading at A.G. Edwards and Sons in St. Louis.</text>
        <arg f="" n="0">We</arg>
        <rel f="">advising</rel>
        <arg f="" n="1">a lot of our clients</arg>
        <arg f="" n="2">to make moves that make sense to them, rather than waiting until the last minute</arg>
        <arg f="cau" n="m">because things have been so volatile</arg>
      </example>
      <example name="advice as VP, or whatever 'regarding' clauses are" src="" type="">
        <text>The thrift hired [an investment banker]-3 earlier this month *trace*-3 to advise it regarding a possible sale or merger.</text>
        <arg f="" n="0">*trace*-3</arg>
        <rel f="">advise</rel>
        <arg f="" n="1">it</arg>
        <arg f="" n="2">regarding a possible sale or merger</arg>
      </example>
      <example name="advice as SBAR" src="" type="">
        <text>Comprehensive Care said First Hospital had advised it that both bank debt and senior notes would be repaid after the acquisition, although it isn't assured the acquisition will be completed.</text>
        <arg f="" n="0">First Hospital</arg>
        <rel f="">advised</rel>
        <arg f="" n="1">it</arg>
        <arg f="" n="2">that both bank debt and senior notes would be repaid after the acquisition</arg>
      </example>
    <note>ADVISE-V NOTES: Based on financial subcorpus. VN updated by Julia. Member of VNcls advise-37.9-1, say-37.7-1, tell-37.2, urge-58.1. Comparison to verbs of impelled action. (from advise.01-v)</note>
</roleset>
  </predicate>
  <predicate lemma="advisable">
    <roleset id="advisable.02" name="prudent, wise">
      <aliases>
        <alias framenet="" pos="j" verbnet="">advisable</alias>
      </aliases>
      
      <roles>
        <role descr="prudent, wise thing" f="ppt" n="1"/>
      </roles>
      <example name="Wouldn't be prudent" src="BOLT P01, parts 2,3" type="">
        <inflection aspect="ns" form="ns" person="ns" tense="ns" voice="ns"/>
        <text>It 'll cost a lot to do it which-2 *T*-2 would not be advisable at the current time with the economic situation not looking rosy ,</text>
        <arg f="" n="1">*T*-2</arg>
        <arg f="mod" n="m">would</arg>
        <arg f="neg" n="m">not</arg>
        <rel f="">advisable</rel>
        <arg f="tmp" n="m">at the current time</arg>
        <arg f="adv" n="m">with the economic situation not looking rosy ,</arg>
      </example>
    <note>ADVISABLE-J NOTES: Roleset based on instances in BOLT P01, parts 2,3. Framed by Claire. (from advisable.01-j)</note>
</roleset>
  </predicate>
</frameset>
