<!DOCTYPE frameset SYSTEM "frameset.dtd">
<frameset>
  <predicate lemma="advocate">
    <roleset id="advocate.01" name="suggest">
      <aliases>
        <alias framenet="" pos="v" verbnet="">advocate</alias>
      </aliases>
      <note>ADVOCATE-V NOTES: Frames file for 'advocate' based on sentences in financial subcorpus. Both of them. No verbnet entry. Comparison with 'suggest'. (from advocate.01-v predicate notes)</note>
      <roles>
        <role descr="advocate, suggest" f="PAG" n="0"/>
        <role descr="suggestion" f="ppt" n="1"/>
        <role descr="recipient of advice" f="gol" n="2"/>
      </roles>
      <example name="unstated recipient" src="" type="">
        <text>Mr. Icahn advocates the sale of the company's steel operations, and Mr. Corry doesn't necessarily disagree.</text>
        <arg f="" n="0">Mr. Icahn</arg>
        <rel f="">advocates</rel>
        <arg f="" n="1">the sale of the company 's steel operations</arg>
      </example>
      <example name="with recipient" src="" type="">
        <text>John advocated to Mary that she burn her underwear.</text>
        <arg f="" n="0">John</arg>
        <rel f="">advocated</rel>
        <arg f="" n="2">to Mary</arg>
        <arg f="" n="1">she burn her underwear</arg>
      </example>
      <example name="all args-- further evidence that they all exist" src="internet" type="-">
        <inflection aspect="ns" form="participle" person="third" tense="past" voice="active"/>
        <text>Further when the Mi'kmaq people faced starvation the settlers provided food for them and also advocated for them to the government.</text>
        <arg f="dis" n="m">Further</arg>
        <arg f="tmp" n="m">when the Mi'kmaq people faced starvation</arg>
        <arg f="" n="0">the settlers</arg>
        <arg f="dis" n="m">also</arg>
        <rel f="">advocated</rel>
        <arg f="" n="1">for them</arg>
        <arg f="" n="2">to the government</arg>
      </example>
    </roleset>
  </predicate>
</frameset>
