<!DOCTYPE frameset SYSTEM "frameset.dtd">
<frameset>
  <predicate lemma="aerate">
    <roleset id="aerate.01" name="exchange of carbon dioxide for oxygen">
      <aliases>
        <alias framenet="" pos="n" verbnet="">aeration</alias>
        <alias framenet="" pos="v" verbnet="">aerate</alias>
      </aliases>
      <note>AERATION-N NOTES: Based on Bolt data. No comparison. No Vn or Fn classes. Framed by Katie. (from aeration.01-n)</note>
      <note>AERATE-V NOTES: Automatically added alias.</note>
      <roles>
        <role descr="cause of exchange (blood, lungs)" f="pag" n="0"/>
        <role descr="thing, gas exchange" f="ppt" n="1"/>
      </roles>
      <example name="Arg 0" src="" type="">
        <inflection aspect="ns" form="ns" person="ns" tense="ns" voice="ns"/>
        <text>Lung aeration - good.</text>
        <arg f="" n="0">Lung</arg>
        <rel f="">aeration</rel>
      </example>
      <example name="Both args" src="" type="">
        <inflection aspect="ns" form="ns" person="ns" tense="ns" voice="ns"/>
        <text>Oxygen aeration by the lungs</text>
        <arg f="" n="1">Oxygen</arg>
        <rel f="">aeration</rel>
        <arg f="" n="0">by the lungs</arg>
      </example>
    </roleset>
  </predicate>
</frameset>
