<!DOCTYPE frameset SYSTEM "frameset.dtd">
<frameset>
  <predicate lemma="aerosolize">
    <roleset id="aerosolize.01" name="to disperse as an aerosol">
      <aliases>
        <alias framenet="" pos="v" verbnet="">aerosolize</alias>
      </aliases>
      <note>AEROSOLIZE-V NOTES: From Clinical Notes corpus; framed by Anwen April 2011 (from aerosolize.01-v)</note>
      <roles>
        <role descr="Agent, disperser" f="PAG" n="0"/>
        <role descr="Substance being aerosolized" f="PPT" n="1"/>
      </roles>
      <example name="Basic" src="" type="">
        <inflection aspect="ns" form="ns" person="ns" tense="ns" voice="ns"/>
        <text>The lab technician aerosolized the bacteria suspension.</text>
        <arg f="" n="0">The lab technician</arg>
        <rel f="">aerosolized</rel>
        <arg f="" n="1">the bacteria suspension</arg>
      </example>
    </roleset>
  </predicate>
</frameset>
