<!DOCTYPE frameset SYSTEM "frameset.dtd">
<frameset>
  <predicate lemma="afebrile">
    <roleset id="afebrile.01" name="having no fever">
      <aliases>
        <alias framenet="" pos="j" verbnet="">afebrile</alias>
      </aliases>
      <note>AFEBRILE-J NOTES: Added by Julia based on medi-tmprl. Relation to febrile.01. (from afebrile.01-j)</note>
      <roles>
        <role descr="entity without a fever" f="ppt" n="1"/>
      </roles>
      <example name="arg1" src="medi-tmprl" type="">
        <inflection aspect="ns" form="ns" person="ns" tense="ns" voice="ns"/>
        <text>Patient had an uneventful post-operative course ; was afebrile and ambulated well .</text>
        <arg f="" n="1">patient</arg>
        <rel f="">afebrile</rel>
      </example>
    </roleset>
  </predicate>
</frameset>
