<!DOCTYPE frameset SYSTEM "frameset.dtd">
<frameset>
  <predicate lemma="affair">
    <roleset id="affair.01" name="an illicit romantic relationship">
      <aliases>
        <alias framenet="" pos="n" verbnet="">affair</alias>
        <alias framenet="" pos="l" verbnet="">have_affair</alias>
      </aliases>
      <note>AFFAIR-N NOTES: Added by Julia for BOLT. (from affair.01-n)</note>
      <roles>
        <role descr="entity having an affair" f="pag" n="0"/>
        <role descr="with whom; other party" f="com" n="1"/>
      </roles>
      <example name="both args, LVC" src="BOLT" type="">
        <inflection aspect="ns" form="ns" person="ns" tense="ns" voice="ns"/>
        <text>I recently came across two stories , one about a PCSO in the UK who was arrested and sentenced to up to 10 years for having an " affair " with a 12 year old girl , and another where a woman in Utah was given up to 15 years for having sex with a 14 year old boy .</text>
        <arg f="" n="0">*PRO* *link -&gt; [a PCSO in the UK]</arg>
        <arg f="lvb" n="m">having</arg>
        <rel f="">affair</rel>
        <arg f="" n="1">with a 12 year old girl</arg>
      </example>
    </roleset>
    <roleset id="affair.02" name="matter, occurance">
      <aliases>
        <alias framenet="" pos="n" verbnet="">affair</alias>
      </aliases>
      <note>AFFAIR-N NOTES: (from affair.02-n)</note>
      <roles>
        <role descr="participants" f="ppt" n="1"/>
        <role descr="What kind of matter" f="ppt" n="2"/>
      </roles>
      <example name="both args" src="BOLT" type="">
        <inflection aspect="ns" form="ns" person="ns" tense="ns" voice="ns"/>
        <text>Taiwan originally is our domestic affair , but Americans insisted on selling weapon to them to use against us .</text>
        <arg f="" n="1">our</arg>
        <arg f="" n="2">domestic</arg>
        <rel f="">affair</rel>
      </example>
    </roleset>
  </predicate>
</frameset>
