<!DOCTYPE frameset SYSTEM "frameset.dtd">
<frameset>
  <predicate lemma="affection">
    <roleset id="affection.01" name="feel fondly towards">
      <aliases>
        <alias framenet="" pos="n" verbnet="">affection</alias>
      </aliases>
      <note>AFFECTION-N NOTES: Added by Julia based on BOLT. (from affection.01-n)</note>
      <roles>
        <role descr="entity feeling positive emotion" f="pag" n="0"/>
        <role descr="target of affection" f="ppt" n="1"/>
      </roles>
      <example name="no args" src="BOLT" type="">
        <inflection aspect="ns" form="ns" person="ns" tense="ns" voice="ns"/>
        <text>Very but i ll accept the affection before she turns evil again</text>
        <rel f="">affection</rel>
      </example>
    </roleset>
  </predicate>
</frameset>
