<!DOCTYPE frameset SYSTEM "frameset.dtd">
<frameset>
  <predicate lemma="affirm">
    <roleset id="affirm.01" name="attest the truth or validity of">
      <aliases>
        <alias framenet="Statement" pos="n" verbnet="">affirmation</alias>
        <alias framenet="Statement" pos="v" verbnet="">affirm</alias>
      </aliases>
      <note>AFFIRM-V NOTES: VN updated by Julia. Member of Vncls admire-31.2, conjecture-29.5-2, indicate-78-1-1. Comparison with 'confirm'. (from affirm.01-v)</note>
      <note>AFFIRMATION-N NOTES: Roleset based on instances in BOLT-P01, nouns parts 1&amp; 2. Framed by Claire. Member of FN Statement. Associated verb maps to affirm.01, VN classes admire-31.2, conjecture-29.5-2, indicate-78-1-1. (from affirmation.01-n)</note>
      <roles>
        <role descr="confirmer" f="PAG" n="0">
          <vnrole vncls="31.2" vntheta="Experiencer"/>
          <vnrole vncls="29.5-2" vntheta="Agent"/>
          <vnrole vncls="78-1-1" vntheta="Cause"/>
        </role>
        <role descr="thing confirmed, statement or proposition" f="PPT" n="1">
          <vnrole vncls="31.2" vntheta="Stimulus"/>
          <vnrole vncls="29.5-2" vntheta="Theme"/>
          <vnrole vncls="78-1-1" vntheta="Topic"/>
        </role>
        <role descr="benefactive, hearer" f="GOL" n="2">
          <vnrole vncls="78-1-1" vntheta="Recipient"/>
        </role>
      </roles>
      <example name="basic" src="" type="">
        <inflection aspect="ns" form="full" person="ns" tense="past" voice="active"/>
        <text>The Delaware Supreme Court affirmed a ruling that barred Chris-Craft Industries from voting its Warner preferred stock as a separate class in deciding on the companies' proposed merger.</text>
        <arg f="" n="0">The Delaware Supreme Court</arg>
        <rel f="">affirmed</rel>
        <arg f="" n="1">a ruling that barred Chris-Craft Industries from voting its Warner preferred stock as a separate class in deciding on the companies' proposed merger</arg>
      </example>
      <example name="Arg 1 only" src="BOLT-P01, parts 1 &amp; 2" type="">
        <inflection aspect="ns" form="ns" person="ns" tense="ns" voice="ns"/>
        <text>He followed up with an affirmation that he would never do it because he would never find those guts .</text>
        <rel f="">affirmation</rel>
        <arg f="" n="1">that he would never do it because he would never find those guts</arg>
      </example>
      <example name="All arguments" src="web" type="">
        <inflection aspect="ns" form="ns" person="ns" tense="ns" voice="ns"/>
        <text>He shrugged slightly at the horror in Serenity's voice as she talked, nodding his affirmation to her that yes, he was a demon.</text>
        <arg f="" n="0">his</arg>
        <rel f="">affirmation</rel>
        <arg f="" n="2">to her</arg>
        <arg f="" n="1">that yes, he was a demon.</arg>
      </example>
    </roleset>
  </predicate>
</frameset>
