<!DOCTYPE frameset SYSTEM "frameset.dtd">
<frameset>
  <predicate lemma="affix">
    <roleset id="affix.01" name="attach, as with glue">
      <aliases>
        <alias framenet="Attaching" pos="v" verbnet="">affix</alias>
      </aliases>
      <note>AFFIX-V NOTES: Created by Claire. No VerbNet entry. (from affix.01-v)</note>
      <roles>
        <role descr="attacher, agent" f="pag" n="0"/>
        <role descr="focus of attachment" f="ppt" n="1"/>
        <role descr="thing arg 1 is affixed to" f="gol" n="2"/>
        <role descr="instrument of bonding, glue" f="mnr" n="3"/>
      </roles>
      <example name="stamp" src="stamp" type="stamp">
        <inflection aspect="ns" form="full" person="ns" tense="past" voice="passive"/>
        <text>No conclusion could be made as to when-4 [Huang Zhugin's stamp]-3 was affixed *-3 *-4.</text>
        <rel f="">affixed</rel>
        <arg f="rec" n="1">*-3</arg>
        <arg f="tmp" n="m">*-4</arg>
      </example>
      <example name="Active, with arg 2" src="Active, with arg 2" type="Active, with arg 2">
        <inflection aspect="ns" form="ns" person="ns" tense="ns" voice="ns"/>
        <text>Mary affixed dated labels onto the containers of food in the fridge.</text>
        <arg f="" n="0">Mary</arg>
        <rel f="">affixed</rel>
        <arg f="" n="1">dated labels</arg>
        <arg f="" n="2">onto the containers of food</arg>
        <arg f="loc" n="m">in the fridge</arg>
      </example>
    </roleset>
  </predicate>
</frameset>
