<!DOCTYPE frameset SYSTEM "frameset.dtd">
<frameset>
  <predicate lemma="affiliate">
    <roleset id="affiliate.01" name="to adopt or accept as a member, association with">
      <aliases>
        <alias framenet="" pos="v" verbnet="">affiliate</alias>
        <alias framenet="" pos="n" verbnet="">affiliation</alias>
      </aliases>
      <note>AFFILIATE-V NOTES: Member of Vncls amalgamate-22.2-2. (from affiliate.01-v)</note>
      <note>AFFILIATION-N NOTES: Added by Julia based on BOLT. Corresponds to VNcls amalgamate-22.2 (from affiliation.01-n)</note>
      <roles>
        <role descr="causer of affiliation, agent" f="PAG" n="0">
          <vnrole vncls="22.2-2" vntheta="Agent"/>
        </role>
        <role descr="entity affiliated" f="PPT" n="1">
          <vnrole vncls="22.2-2" vntheta="Patient"/>
        </role>
        <role descr="affiliated with" f="PPT" n="2">
          <vnrole vncls="22.2-2" vntheta="co-patient"/>
        </role>
      </roles>
      <example name="passive" src="" type="">
        <inflection aspect="ns" form="participle" person="ns" tense="ns" voice="passive"/>
        <text>One broadcasting executive familiar with the project said [0] the co-venture would target [stations]-1 affiliated [*-1] with Fox because Fox has the desirable independent stations in most of the key cities .</text>
        <rel f="">affiliated</rel>
        <arg f="" n="1">[*-1]</arg>
        <arg f="" n="2">with Fox</arg>
      </example>
      <example name="intransitive" src="" type="">
        <inflection aspect="progressive" form="participle" person="ns" tense="present" voice="active"/>
        <text>Fulbright&amp; Jaworski of Houston and Fenerty , Robertson , Fraser &amp; Hatch of Calgary , Alberta , are affiliating [*-1] to help serve their energy-industry clients .</text>
        <arg f="" n="0">Fulbright&amp; Jaworski of Houston and Fenerty , Robertson , Fraser &amp; Hatch of Calgary , Alberta ,</arg>
        <rel f="">affiliating</rel>
        <arg f="prp" n="m">[*-1] to help serve their energy-industry clients</arg>
      </example>
      <example name="arg2" src="" type="">
        <inflection aspect="ns" form="ns" person="ns" tense="ns" voice="ns"/>
        <text>I know that in my state , you can only vote in the primary if you are registered with that party affiliation , but I do n't know how many states allow everyone to vote .</text>
        <arg f="" n="2">party</arg>
        <rel f="">affiliation</rel>
      </example>
      <example name="All args" src="" type="">
        <inflection aspect="ns" form="ns" person="ns" tense="ns" voice="ns"/>
        <text>John Paul II's encyclicals also carry out the dialectic method in their affiliation of the determinate truth expressed in the premises with recurring articles of faith</text>
        <arg f="" n="0">their</arg>
        <rel f="">affiliation</rel>
        <arg f="" n="1">of the determinate truth expressed in the premises</arg>
        <arg f="" n="2">with recurring articles of faith</arg>
      </example>
    </roleset>
  </predicate>
</frameset>
