<!DOCTYPE frameset SYSTEM "frameset.dtd">
<frameset>
  <predicate lemma="afflict">
    <roleset id="afflict.01" name="suffer">
      <aliases>
        <alias framenet="" pos="v" verbnet="">afflict</alias>
        <alias framenet="" pos="n" verbnet="">affliction</alias>
      </aliases>
      <note>AFFLICT-V NOTES: Member of Vncls amuse-31.1. (from afflict.01-v)</note>
      <roles>
        <role descr="causer of suffering" f="pag" n="0">
          <vnrole vncls="31.1" vntheta="stimulus"/>
        </role>
        <role descr="entity suffering" f="ppt" n="1">
          <vnrole vncls="31.1" vntheta="experiencer"/>
        </role>
        <role descr="instrument, if separate from arg0" f="mnr" n="2"/>
      </roles>
      <example name="active, no instrument" src="" type="">
        <inflection aspect="perfect" form="participle" person="ns" tense="present" voice="active"/>
        <text>But the former U.S. president's sixth visit to China, during which he spoke at length with Chinese leaders, was nowhere near as successful at easing strains that [*T*] have recently afflicted the Sino-U.S. relationship.</text>
        <arg f="" n="0">[*T*] (= that)</arg>
        <arg f="slc" n="m">that -&gt; strains</arg>
        <arg f="tmp" n="m">recently</arg>
        <rel f="">afflicted</rel>
        <arg f="" n="1">the Sino-U.S. relationship</arg>
      </example>
      <example name="passive, no instrument" src="" type="">
        <inflection aspect="ns" form="participle" person="ns" tense="present" voice="passive"/>
        <text>Mr. Bennett declared in April that he would make Washington a ``test case'' for how the Bush administration would aid [cities]-1 afflicted *trace*-1 by heavy drug trafficking and violence.</text>
        <rel f="">afflicted</rel>
        <arg f="" n="1">*trace*-1 (- cities)</arg>
        <arg f="" n="0">by heavy drug trafficking and violence</arg>
      </example>
      <example name="watch out. all args." src="internet. The bible." type="-">
        <inflection aspect="ns" form="participle" person="third" tense="past" voice="active"/>
        <text>The hand of the LORD was heavy against the people of Ashdod, and he terrified and afflicted them with tumors</text>
        <arg f="" n="0">he</arg>
        <rel f="">afflicted</rel>
        <arg f="" n="1">them</arg>
        <arg f="" n="2">with tumors</arg>
      </example>
    </roleset>
  </predicate>
</frameset>
