<!DOCTYPE frameset SYSTEM "frameset.dtd">
<frameset>
  <predicate lemma="afford">
    <roleset id="afford.01" name="be able to spare, have the financial means">
      <aliases>
        <alias framenet="" pos="v" verbnet="">afford</alias>
      </aliases>
      <note>AFFORD-V NOTES: Frames file for 'afford' based on survey of sentences in the WSJ corpus. (from afford.01-v predicate notes)</note>
      <roles>
        <role descr="haver of financial means, agent" f="pag" n="0"/>
        <role descr="costly thing, theme" f="ppt" n="1"/>
      </roles>
      <example name="transitive with adverbials" src="" type="">
        <inflection aspect="ns" form="full" person="ns" tense="present" voice="active"/>
        <text>These days Nissan can afford that strategy, even though profits aren't exactly robust.</text>
        <arg f="tmp" n="m">These days</arg>
        <arg f="" n="0">Nissan</arg>
        <arg f="mod" n="m">can</arg>
        <rel f="">afford</rel>
        <arg f="" n="1">that strategy</arg>
        <arg f="adv" n="m">even though profits aren't exactly robust</arg>
      </example>
    </roleset>
    <roleset id="afford.02" name="provide, make available">
      <aliases>
        <alias framenet="" pos="v" verbnet="">afford</alias>
      </aliases>
      <note>AFFORD-V NOTES: Frames file for 'afford' based on survey of sentences in the WSJ corpus. (from afford.02-v predicate notes)</note>
      <roles>
        <role descr="provider, agent" f="pag" n="0"/>
        <role descr="provided, theme" f="ppt" n="1"/>
        <role descr="recipient" f="gol" n="2"/>
      </roles>
      <example name="passive" src="" type="">
        <inflection aspect="ns" form="participle" person="ns" tense="past" voice="passive"/>
        <text>Last year [the public]-1 was afforded [*-1]a preview of Ms. Bartlett's creation in a tablemodel version, at a BPC exhibition.</text>
        <arg f="tmp" n="m">Last year</arg>
        <rel f="">afforded</rel>
        <arg f="" n="2">[*-1]</arg>
        <arg f="" n="1">a preview of Ms. Bartlett 's creation</arg>
        <arg f="mnr" n="m">in a tablemodel version</arg>
        <arg f="loc" n="m">at a BPC exhibition</arg>
      </example>
    </roleset>
  </predicate>
  <predicate lemma="affordable">
    <roleset id="affordable.03" name="priced attainably">
      <aliases>
        <alias framenet="Expensiveness" pos="j" verbnet="">affordable</alias>
      </aliases>
      <note>AFFORDABLE-J NOTES: Added by Julia based on BOLT-7. Relation to 'afford.01'. (from affordable.01-j)</note>
      <roles>
        <role descr="entity able to pay for arg1" f="pag" n="0"/>
        <role descr="commodity priced attainably" f="ppt" n="1"/>
        <role descr="price" f="vsp" n="2"/>
      </roles>
      <example name="args 0, 1" src="BOLT-7" type="">
        <inflection aspect="ns" form="ns" person="ns" tense="ns" voice="ns"/>
        <text>= By that time , homes of 100 thousand yuan per square meters will be ubiquitous and will not be affordable for most . Yet affluent people in society can afford it , while others will have no choice but to rent .</text>
        <arg f="tmp" n="m">By that time</arg>
        <arg f="" n="1">homes of 100 yuan per square meters</arg>
        <arg f="mod" n="m">will</arg>
        <arg f="neg" n="m">not</arg>
        <rel f="">affordable</rel>
        <arg f="" n="0">for most</arg>
      </example>
    </roleset>
  </predicate>
</frameset>
