<!DOCTYPE frameset SYSTEM "frameset.dtd">
<frameset>
  <predicate lemma="affront">
    <roleset id="affront.01" name="inentionally cause offense">
      <aliases>
        <alias framenet="" pos="v" verbnet="">affront</alias>
      </aliases>
      <note>AFFRONT-V NOTES: Frame by Claire (from affront.01-v)</note>
      <roles>
        <role descr="offender" f="pag" n="0">
          <vnrole vncls="31.1" vntheta="stimulus"/>
        </role>
        <role descr="offended" f="ppt" n="1">
          <vnrole vncls="31.1" vntheta="experiencer"/>
        </role>
        <role descr="instrument, if separate from arg0" f="mnr" n="2"/>
      </roles>
      <example name="Passive" src="" type="">
        <text>Not only have you wasted my time, I-1 was personally affronted *-1 by your behavior.</text>
        <arg f="mnr" n="m">personally</arg>
        <rel f="">affronted</rel>
        <arg f="" n="1">*-1</arg>
        <arg f="" n="0">by your behavior</arg>
      </example>
    </roleset>
  </predicate>
</frameset>
