<!DOCTYPE frameset SYSTEM "frameset.dtd">
<frameset>
  <predicate lemma="affuse">
    <roleset id="affuse.01" name="pour">
      <aliases>
        <alias framenet="" pos="v" verbnet="">affuse</alias>
      </aliases>
      <note>AFFUSE-V NOTES: No VNcls. FN not applicable to this sense. (from affuse.01-v)</note>
      <roles>
        <role descr="causal agent" f="pag" n="0"/>
        <role descr="thing affused, poured" f="ppt" n="1"/>
        <role descr="destination" f="gol" n="2"/>
      </roles>
      <example name="All arguments" src="" type="">
        <inflection aspect="ns" form="ns" person="ns" tense="ns" voice="ns"/>
        <text>I first affused water upon the compressed beans.</text>
        <arg f="" n="0">I</arg>
        <rel f="">affused</rel>
        <arg f="" n="1">water</arg>
        <arg f="" n="2">upon the compressed beans</arg>
      </example>
    </roleset>
  </predicate>
</frameset>
