<!DOCTYPE frameset SYSTEM "frameset.dtd">
<frameset>
  <predicate lemma="africanamerican">
    <roleset id="africanamerican.01" name="american, of african descent">
      <aliases>
        <alias framenet="" pos="j" verbnet="">africanamerican</alias>
      </aliases>
      <note>AFRICANAMERICAN-J NOTES: Added by Julia based on SHARP (from africanamerican.01-j)</note>
      <roles>
        <role descr="african american entity" f="pag" n="1"/>
      </roles>
      <example name="arg1" src="SHARP" type="">
        <inflection aspect="ns" form="ns" person="ns" tense="ns" voice="ns"/>
        <text>GFR -- *PRO* AFRICAN AMERICAN 60 - 100 ML / MIN above 60</text>
        <arg f="" n="1">**PRO*</arg>
        <rel f="">[AFRICAN][AMERICAN]</rel>
      </example>
    </roleset>
  </predicate>
</frameset>
