<!DOCTYPE frameset SYSTEM "frameset.dtd">
<frameset>
  <predicate lemma="africanize">
    <roleset id="africanize.01" name="make african in trait">
      <aliases>
        <alias framenet="" pos="v" verbnet="">africanize</alias>
      </aliases>
      <note>AFRICANIZE-V NOTES: Automatically created based on framefiles: fade (45.4) (from africanize.01-v predicate notes)</note>
      <roles>
        <role descr="agent, causer" f="PAG" n="0">
          <vnrole vncls="45.4" vntheta="Agent"/>
        </role>
        <role descr="thing changing" f="PPT" n="1">
          <vnrole vncls="45.4" vntheta="Patient"/>
        </role>
      </roles>
      <example name="Usual use" src="web usage" type="">
        <text>An example like the above is a successful attempt *PRO* to Africanize the local curriculum.</text>
        <arg f="" n="0">*PRO*</arg>
        <rel f="">Africanize</rel>
        <arg f="" n="1">the local curriculum</arg>
      </example>
    </roleset>
  </predicate>
  <predicate lemma="african">
    <roleset id="african.02" name="characterized as of african origin">
      <aliases>
        <alias framenet="" pos="j" verbnet="">african</alias>
      </aliases>
      <note>AFRICAN-J NOTES: Added by Julia based on BOLT. (from african.01-j)</note>
      <roles>
        <role descr="African entity" f="pag" n="1"/>
      </roles>
      <example name="arg1" src="BOLT" type="">
        <inflection aspect="ns" form="ns" person="ns" tense="ns" voice="ns"/>
        <text>Thought maybe he was african</text>
        <arg f="" n="1">he</arg>
        <rel f="">African</rel>
      </example>
    </roleset>
  </predicate>
</frameset>
