<!DOCTYPE frameset SYSTEM "frameset.dtd">
<frameset>
  <predicate lemma="age">
    <roleset id="age.01" name="to make or become old or older, having grown older">
      <aliases>
        <alias framenet="Aging" pos="v" verbnet="">age</alias>
        <alias framenet="" pos="n" verbnet="">aging</alias>
        <alias framenet="" pos="j" verbnet="">aged</alias>
      </aliases>
      <note>AGE-V NOTES: Member of Vncls other_cos-45.4. (from age.01-v)</note>
      <note>AGED-J NOTES: Added by Julia based on SHARP. (from aged.01-j)</note>
      <note>AGING-N NOTES: Corresponds with age.01. Framed by anwen april 2011 (from aging.01-n)</note>
      <roles>
        <role descr="causer of aging, agent" f="pag" n="0">
          <vnrole vncls="45.4" vntheta="agent"/>
        </role>
        <role descr="entity getting old" f="ppt" n="1">
          <vnrole vncls="45.4" vntheta="patient"/>
        </role>
        <role descr="attribute (how old)" f="ext" n="2"/>
      </roles>
      <example name="age-v: intransitive" src="" type="">
        <inflection aspect="perfect" form="participle" person="third" tense="past" voice="active"/>
        <text>`` Oil of Olay brought with it the baggage of [*] being used [*-1]basically by older women who [*T*-2] had already aged , '' says [*T*-3] David Williams , a consultant with New England Consulting Group .</text>
        <arg f="" n="1">[*T*-2] (= who)</arg>
        <arg f="slc" n="m">who -&gt; older women</arg>
        <arg f="tmp" n="m">already</arg>
        <rel f="">aged</rel>
      </example>
      <example name="aged-j: with Arg2" src="" type="">
        <inflection aspect="ns" form="participle" person="ns" tense="ns" voice="ns"/>
        <text>In 1980 , the study says, prosecutors surveyed filed charges against 25 defendants for each 100,000 people-1 aged *trace*-1 18 years and older .</text>
        <rel f="">aged</rel>
        <arg f="" n="1">*trace*-1 (= people)</arg>
        <arg f="" n="2">18 years and older</arg>
      </example>
      <example name="age-v: all args" src="internet" type="-">
        <inflection aspect="perfect" form="participle" person="third" tense="present" voice="active"/>
        <text>Indulgent living has aged him beyond his thirty-eight years.</text>
        <arg f="" n="0">indulgent living</arg>
        <rel f="">aged</rel>
        <arg f="" n="1">him</arg>
        <arg f="" n="2">beyond his thirty-eight years</arg>
      </example>
      <example name="aging-n: Just Arg1" src="" type="">
        <inflection aspect="ns" form="ns" person="ns" tense="ns" voice="ns"/>
        <text>Marta's aging had not slowed her down as a roller derby athlete.</text>
        <arg f="" n="1">Marta's</arg>
        <rel f="">aging</rel>
      </example>
      <example name="aging-n: With Arg0 (cause)" src="" type="">
        <inflection aspect="ns" form="ns" person="ns" tense="ns" voice="ns"/>
        <text>Cheesmaker Helena's careful aging of the cheddar allowed it to develop rich flavor.</text>
        <arg f="" n="0">Cheesemaker Helena's</arg>
        <arg f="adj" n="m">careful</arg>
        <rel f="">aging</rel>
        <arg f="" n="1">of the cheddar</arg>
      </example>
    </roleset>
  </predicate>
  <predicate lemma="age_out">
    <roleset id="age_out.02" name="become too old for">
      <aliases>
        <alias framenet="" pos="v" verbnet="">age_out</alias>
      </aliases>
      <note>Added by Julia for SMS02.</note>
      <roles>
        <role descr="entity determining what the age cap is" f="pag" n="0"/>
        <role descr="entity getting older" f="ppt" n="1"/>
        <role descr="thing arg1 is too old for" f="dir" n="2"/>
      </roles>
      <example name="age_out-v: args 1, 2" src="SMS02" type="">
        <inflection aspect="ns" form="ns" person="ns" tense="ns" voice="ns"/>
        <text>Yeah , I was trying them for a little while , then I-1 ended up *-1 aging out the prime target market . You 've still got a few years in the lucrative age range .</text>
        <arg f="" n="1">*-1</arg>
        <rel f="">[aging] [out]</rel>
        <arg f="" n="2">the prime target market</arg>
      </example>
    </roleset>
  </predicate>
</frameset>
