<!DOCTYPE frameset SYSTEM "frameset.dtd">
<frameset>
  <predicate lemma="agglomerate">
    <roleset id="agglomerate.01" name="make a cluster or pile">
      <aliases>
        <alias framenet="" pos="v" verbnet="">agglomerate</alias>
        <alias framenet="" pos="n" verbnet="">agglomeration</alias>
      </aliases>
      <note>AGGLOMERATE-V NOTES: Automatically created based on framefiles: fade (45.4), edited by hwangd; nominal 'agglomeration' based on BOLT-7. Member of Vncls other_cos-45.4. (from agglomerate.01-v)</note>
      <note>AGGLOMERATION-N NOTES: Automatically created by Julia as an alias file for unification. (from agglomeration.01-n)</note>
      <roles>
        <role descr="agent, cause" f="pag" n="0">
          <vnrole vncls="45.4" vntheta="agent"/>
        </role>
        <role descr="clustering thing" f="ppt" n="1">
          <vnrole vncls="45.4" vntheta="patient"/>
        </role>
        <role descr="instrument, method" f="mnr" n="2">
          <vnrole vncls="45.4" vntheta="instrument"/>
        </role>
      </roles>
      <example name="agglomerate-v: Passive, Transitive" src="web usage" type="">
        <text>[Poorly compressible crystals of acebutolol hydrochloride]-1were agglomerated *T*-1 by the spherical crystallization technique with a two-solvent system</text>
        <rel f="">agglomerated</rel>
        <arg f="" n="1">*T*-1 (= Poorly compressible crystals of acebutolol hydrochloride)</arg>
        <arg f="" n="2">by the sphrical crystallization technique with a two-solvent system</arg>
      </example>
      <example name="agglomerate-v: Middle, Inransitive" src="web usage" type="">
        <text>Coal-1 is agglomerated *trace*-1 during coal processing in a preparation plant.</text>
        <rel f="">agglomerated</rel>
        <arg f="" n="1">*trace*-1 (= coal)</arg>
        <arg f="tmp" n="m">during cola processing</arg>
        <arg f="loc" n="m">in a preparation plant</arg>
      </example>
      <example name="agglomeration-n" src="BOLT-7" type="">
        <inflection aspect="ns" form="ns" person="ns" tense="ns" voice="ns"/>
        <text>On the other hand , the geometric agglomeration of population to the cities can be hardly met by the speed of investment of resources</text>
        <arg f="mnr" n="m">geometric</arg>
        <rel f="">agglomeration</rel>
        <arg f="" n="1">of population to the cities</arg>
      </example>
    </roleset>
  </predicate>
</frameset>
