<!DOCTYPE frameset SYSTEM "frameset.dtd">
<frameset>
  <predicate lemma="aggravate">
    <roleset id="aggravate.01" name="make angry or worse, anger-inducing, worsening">
      <aliases>
        <alias framenet="" pos="j" verbnet="">aggravating</alias>
        <alias framenet="Experiencer_obj" pos="v" verbnet="">aggravate</alias>
        <alias framenet="" pos="n" verbnet="">aggravation</alias>
      </aliases>
      <note>AGGRAVATE-V NOTES: Methinks Mary is a wee bit touchy. (from aggravate.01-v)</note>
      <note>AGGRAVATING-J NOTES: Added by Julia based on BOLT. (from aggravating.01-j)</note>
      <roles>
        <role descr="stimulus" f="pag" n="0">
          <vnrole vncls="31.1" vntheta="stimulus"/>
        </role>
        <role descr="thing getting angry or getting worse" f="ppt" n="1">
          <vnrole vncls="31.1" vntheta="experiencer"/>
        </role>
        <role descr="instrument, if separate from arg0" f="mnr" n="2"/>
      </roles>
      <example name="all args" src="" type="">
        <inflection aspect="ns" form="full" person="ns" tense="past" voice="active"/>
        <text>Several traders maintained that the Merc's 12-point circuit-breaker aggravated the market slide Oct. 13 by directing additional selling pressure to the floor of the New York Stock Exchange.</text>
        <arg f="" n="0">the Merc's 12-point circuit-breaker</arg>
        <rel f="">aggravated</rel>
        <arg f="" n="1">the market slide Oct. 13</arg>
        <arg f="" n="2">by directing additional selling pressure to the floor of the New York Stock Exchange</arg>
      </example>
      <example name="no instrument" src="" type="">
        <inflection aspect="perfect" form="participle" person="third" tense="present" voice="active"/>
        <text>The Health Insurance Association of America, an insurers' trade group, acknowledges that stiff competition among its members to insure businesses likely to be good risks during the first year of coverage has aggravated the problem in the small-business market.</text>
        <arg f="" n="0">stiff competition among its members to insure businesses likely to be good risks during the first year of coverage</arg>
        <rel f="">aggravated</rel>
        <arg f="" n="1">the problem in the small-business market</arg>
      </example>
      <example name="as 'make angry'" src="" type="">
        <inflection aspect="ns" form="full" person="third" tense="present" voice="active"/>
        <text>John aggravates Mary with his mere presence.</text>
        <arg f="" n="0">John</arg>
        <rel f="">aggravates</rel>
        <arg f="" n="1">Mary</arg>
        <arg f="" n="2">with his mere presence</arg>
      </example>
    </roleset>
  </predicate>
</frameset>
