<!DOCTYPE frameset SYSTEM "frameset.dtd">
<frameset>
  <predicate lemma="aggregate">
    <roleset id="aggregate.01" name="to bring together, collect into one sum, mass, or body">
      <aliases>
        <alias framenet="" pos="n" verbnet="">aggregation</alias>
        <alias framenet="" pos="v" verbnet="">aggregate</alias>
      </aliases>
      <note>AGGREGATE-V NOTES: Frames file for 'aggregate' based on dictionary.com.frame by Perryn (from aggregate.01-v predicate notes)</note>
      <note>AGGREGATION-N NOTES: aggregate.01 (from aggregation.01-n)</note>
      <roles>
        <role descr="entity aggregating something" f="pag" n="0">
          <vnrole vncls="47.5.2" vntheta="agent"/>
        </role>
        <role descr="thing/stuff aggregated" f="ppt" n="1">
          <vnrole vncls="47.5.2" vntheta="theme"/>
        </role>
        <role descr="attribute, descriptor of state where arg1 aggregates" f="loc" n="2"/>
      </roles>
      <example name="gather" src="" type="">
        <text>John aggregated the legos into a bucket.</text>
        <arg f="" n="0">John</arg>
        <rel f="">aggregated</rel>
        <arg f="" n="1">the legos</arg>
        <arg f="loc" n="m">into a bucket</arg>
      </example>
      <example name="with arg2" src="internet" type="-">
        <inflection aspect="ns" form="participle" person="third" tense="past" voice="passive"/>
        <text>[While cells]-1 aggregated *trace*-1 at 37 degrees C formed compact aggregates</text>
        <rel f="">aggregated</rel>
        <arg f="" n="1">*trace*-1 (= White cells)</arg>
        <arg f="" n="2">at 37 degrees C</arg>
      </example>
      <example name="Arg0, 1" src="" type="">
        <inflection aspect="ns" form="ns" person="ns" tense="ns" voice="ns"/>
        <text>Chamberlin has coached National League teams during five previous seasons and each year he piloted his aggregation of gridiron workers to the top of the ranks.</text>
        <arg f="" n="0">his</arg>
        <rel f="">aggregation</rel>
        <arg f="" n="1">of gridiron workers</arg>
      </example>
    </roleset>
  </predicate>
</frameset>
