<!DOCTYPE frameset SYSTEM "frameset.dtd">
<frameset>
  <predicate lemma="aggress">
    <roleset id="aggress.01" name="hostile behavior, actively hostile">
      <aliases>
        <alias framenet="" pos="n" verbnet="">aggression</alias>
        <alias framenet="" pos="j" verbnet="">aggressive</alias>
        <alias framenet="" pos="v" verbnet="">aggress</alias>
      </aliases>
      <note>AGGRESSION-N NOTES: Added by Julia based on BOLT. No VNcls. (from aggression.01-n)</note>
      <note>AGGRESSIVE-J NOTES: Based on BOLT P01. (from aggressive.01-j)</note>
      <note>AGGRESS-V NOTES: Automatically added alias.</note>
      <roles>
        <role descr="aggressor" f="PAG" n="0"/>
        <role descr="entity aggression is directed toward" f="gol" n="1"/>
      </roles>
      <example name="aggression-n: Arg0" src="BOLT" type="">
        <inflection aspect="ns" form="ns" person="ns" tense="ns" voice="ns"/>
        <text>Where 's the public outcry about Russian veto and unilateralism -LRB- a criticism routinely employed - rightly -against the United States when it vetoes resolutions on Israeliaggression -RRB- ?</text>
        <arg f="" n="0">Israeli</arg>
        <rel f="">aggression</rel>
      </example>
      <example name="aggression-n: args 0 and 1" src="" type="">
        <inflection aspect="ns" form="ns" person="ns" tense="ns" voice="ns"/>
        <text>Jan Faull, M.Ed., answers a parent's question about a firstborn toddler's aggression toward the new baby.</text>
        <arg f="" n="0">a firstborn toddler's</arg>
        <rel f="">aggression</rel>
        <arg f="" n="1">toward the new baby</arg>
      </example>
      <example name="aggression-n: cause" src="" type="">
        <inflection aspect="ns" form="ns" person="ns" tense="ns" voice="ns"/>
        <text>Some dogs may only show aggression over one specific object and nothing else.</text>
        <rel f="">aggression</rel>
        <arg f="cau" n="m">over one specific object and nothing else</arg>
      </example>
      <example name="aggressive-j: All args" src="web" type="">
        <inflection aspect="ns" form="ns" person="ns" tense="ns" voice="ns"/>
        <text>The client acknowledged that the dog was aggressive towards his wife.</text>
        <arg f="" n="0">the dog</arg>
        <rel f="">aggressive</rel>
        <arg f="" n="1">towards his wife</arg>
      </example>
    </roleset>
    <roleset id="aggress.02" name="fast-growing">
      <aliases>
        <alias framenet="" pos="j" verbnet="">aggressive</alias>
        <alias framenet="" pos="v" verbnet="">aggress</alias>
        <alias framenet="" pos="n" verbnet="">aggression</alias>
      </aliases>
      <note>AGGRESSION-N NOTES: Split off from the original 'aggression' roleset by Julia for unification.</note>
      <note>AGGRESSIVE-J NOTES: Split off from the original 'aggressive'roleset by Julia for unification.</note>
      <note>AGGRESS-V NOTES: Automatically added alias.</note>
      <roles>
        <role descr="fast-growing thing" f="PAG" n="0"/>
      </roles>
      <example name="aggression-n: Arg0" src="BOLT" type="">
        <inflection aspect="ns" form="ns" person="ns" tense="ns" voice="ns"/>
        <text>The cancer's aggression is partly a result of its location.</text>
        <arg f="" n="0">cancer's</arg>
        <rel f="">aggression</rel>
      </example>
      <example name="aggressive-j" src="web" type="">
        <inflection aspect="ns" form="ns" person="ns" tense="ns" voice="ns"/>
        <text>My Sister's cancer was aggressive in nature, continuing to spread irrespective of treatment.</text>
        <arg f="" n="0">My sister's cancer</arg>
        <rel f="">aggressive</rel>
        <arg f="adv" n="m">in nature</arg>
      </example>
      <example name="aggressive-j" src="web" type="">
        <inflection aspect="ns" form="ns" person="ns" tense="ns" voice="ns"/>
        <text>Loan growth was aggressive, significant, or faster than anticipated.</text>
        <arg f="" n="0">Loan growth</arg>
        <rel f="">aggressive</rel>
      </example>
    </roleset>
  </predicate>
</frameset>
