<!DOCTYPE frameset SYSTEM "frameset.dtd">
<frameset>
  <predicate lemma="aggrieve">
    <roleset id="aggrieve.01" name="cause grief or injury">
      <aliases>
        <alias framenet="Experiencer_obj" pos="v" verbnet="">aggrieve</alias>
      </aliases>
      <note>AGGRIEVE-V NOTES: Frame by Claire. Member of Vncls amuse-31.1. Comparison with 'offend.' (from aggrieve.01-v)</note>
      <roles>
        <role descr="offender" f="pag" n="0">
          <vnrole vncls="31.1" vntheta="stimulus"/>
        </role>
        <role descr="aggrieved" f="ppt" n="1">
          <vnrole vncls="31.1" vntheta="experiencer"/>
        </role>
        <role descr="instrument, if separate from arg0" f="mnr" n="2"/>
      </roles>
      <example name="Adjectival, Legal" src="" type="">
        <text>The aggrieved party would have to take a civil action against you.</text>
        <rel f="">aggrieved</rel>
        <arg f="" n="1">party</arg>
      </example>
      <example name="with instrument" src="" type="">
        <text>Mary aggrieved John greatly by refusing his proposal.</text>
        <arg f="" n="0">Mary</arg>
        <rel f="">aggrieved</rel>
        <arg f="" n="1">John</arg>
        <arg f="ext" n="m">greatly</arg>
        <arg f="" n="2">by refusing his proposal</arg>
      </example>
    </roleset>
  </predicate>
</frameset>
