<!DOCTYPE frameset SYSTEM "frameset.dtd">
<frameset>
  <predicate lemma="agitate">
    <roleset id="agitate.01" name="to upset, disturb">
      <aliases>
        <alias framenet="" pos="j" verbnet="">agitated</alias>
        <alias framenet="" pos="n" verbnet="">agitation</alias>
        <alias framenet="" pos="v" verbnet="">agitate</alias>
      </aliases>
      <note>AGITATE-V NOTES: Member of Vncls amuse-31.1. (from agitate.01-v)</note>
      <note>AGITATION-N NOTES: Corresponds with agitate.01. Framed by anwen april 2011 (from agitation.01-n)</note>
      <note>AGITATED-J NOTES: Added by Julia based on medi-tmprl1to8. (from agitated.01-j)</note>
      <roles>
        <role descr="causer" f="PAG" n="0">
          <vnrole vncls="31.1" vntheta="Stimulus"/>
        </role>
        <role descr="experiencer" f="PPT" n="1">
          <vnrole vncls="31.1" vntheta="Experiencer"/>
        </role>
      </roles>
      <example name="transitive" src="" type="">
        <inflection aspect="perfect" form="participle" person="third" tense="present" voice="active"/>
        <text>It 's not so much the idea of acquisitions [*ICH*-2] that [*T*-1]has agitated the cosmetics industry as the companies doing the acquiring : P &amp; G and Unilever bring with them great experience with mundane products like soap and toilet paper , [*-3] sparking disdain in the glitzy cosmetics trade ; but they also bring mammoth marketing clout , [*] sparking fear .</text>
        <arg f="slc" n="m">that -&gt; acquisitions</arg>
        <arg f="" n="0">[*T*-1] (= that)</arg>
        <rel f="">agitated</rel>
        <arg f="" n="1">the cosmetics industry</arg>
      </example>
      <example name="Both Args" src="" type="">
        <inflection aspect="ns" form="ns" person="ns" tense="ns" voice="ns"/>
        <text>Benny's agitation over the cancellation of St. Elmo's Fire lead him to break a shelf full of snow globes.</text>
        <arg f="" n="1">Benny's</arg>
        <rel f="">agiation</rel>
        <arg f="" n="0">over the cancellation of St. Elmo's Fire</arg>
      </example>
      <example name="arg1" src="medi-tmprl" type="">
        <inflection aspect="ns" form="ns" person="ns" tense="ns" voice="ns"/>
        <text>Over the last 24 - hours Mr. Thomas was less agitated .</text>
        <arg f="tmp" n="m">over the last 24 hours</arg>
        <arg f="" n="1">Mr. Thomas</arg>
        <arg f="ext" n="m">less</arg>
        <rel f="">agitated</rel>
      </example>
    </roleset>
  </predicate>
</frameset>
