<!DOCTYPE frameset SYSTEM "frameset.dtd">
<frameset>
  <predicate lemma="agonize">
    <roleset id="agonize.01" name="suffer distress">
      <aliases>
        <alias framenet="Emotion_active" pos="v" verbnet="">agonize</alias>
      </aliases>
      <note>AGONIZE-V NOTES: Member of Vncls amuse-31.1, marvel-31.3-8. (from agonize.01-v)</note>
      <roles>
        <role descr="agonized entity" f="PPT" n="1">
          <vnrole vncls="31.3-8" vntheta="Experiencer"/>
          <vnrole vncls="31.1" vntheta="Experiencer"/>
        </role>
        <role descr="cause of agony" f="PAG" n="2">
          <vnrole vncls="31.3-8" vntheta="Stimulus"/>
          <vnrole vncls="31.1" vntheta="Stimulus"/>
        </role>
      </roles>
      <example name="Oh! Oh!  I swoon!" src="" type="">
        <inflection aspect="ns" form="full" person="ns" tense="present" voice="active"/>
        <text>Many Americans still agonize over their own personal feelings about abortion.</text>
        <arg f="" n="1">Many Americans</arg>
        <arg f="tmp" n="m">still</arg>
        <rel f="">agonize</rel>
        <arg f="" n="2">over their own personal feelings about abortion</arg>
      </example>
      <example name="weird, but LOTS of web examples-- arg2 as subject" src="internet" type="-">
        <inflection aspect="ns" form="participle" person="third" tense="past" voice="active"/>
        <text>The destruction of 9/11 would have agonized him</text>
        <arg f="" n="2">The destruction of 9/11</arg>
        <arg f="mod" n="m">would</arg>
        <rel f="">agonized</rel>
        <arg f="" n="1">him</arg>
      </example>
    </roleset>
  </predicate>
</frameset>
