<!DOCTYPE frameset SYSTEM "frameset.dtd">
<frameset>
  <predicate lemma="agree">
    <roleset id="agree.01" name="agree">
      <aliases>
        <alias framenet="make_agreement_on_action be_in_agreement_on_action be_in_agreement_on_assessment" pos="n" verbnet="">agreement</alias>
        <alias framenet="" pos="l" verbnet="">make_agreement</alias>
        <alias framenet="Make_agreement_on_action Be_in_agreement_on_assessment Agree_or_refuse_to_act Compatibility" pos="v" verbnet="">agree</alias>
      </aliases>
      <note>AGREE-V NOTES: Member of Vncls correspond-36.1-1. Refer to 'say' for handling of fronted and inverted forms. (from agree.01-v)</note>
      <note>AGREEMENT-N NOTES: Based on sentences in nouns-00040. Comparison to agree.01. VN class correspond-36.1-1. FN classes make_agreement_on_action, be_in_agreement_on_action, and be_in_agreement_on_assessment. Framed by Katie. (from agreement.01-n)</note>
      <roles>
        <role descr="agreer" f="PAG" n="0">
          <vnrole vncls="36.1-1" vntheta="Agent"/>
        </role>
        <role descr="proposition" f="PPT" n="1">
          <vnrole vncls="36.1-1" vntheta="Theme"/>
        </role>
        <role descr="other entity agreeing" f="COM" n="2">
          <vnrole vncls="36.1-1" vntheta="co-agent"/>
        </role>
      </roles>
      <example name="infinitival proposition" src="" type="">
        <text>A federal bankruptcy court judge agreed *trace* to extend until March 8, 1990, the period in which the steel, aerospace and energy products company has the exclusive right to file a reorganization plan.</text>
        <arg f="" n="0">A federal bankruptcy court judge</arg>
        <rel f="">agreed</rel>
        <arg f="" n="1">*trace* to extend until March 8, 1990, the period in which the steel, aerospace and energy products company has the exclusive right to file a reorganization plan.</arg>
      </example>
      <example name="SBAR proposition" src="" type="">
        <text>The group agreed that it wouldn't make an offer unless it had Georgia Gulf's consent.</text>
        <arg f="" n="0">The group</arg>
        <rel f="">agreed</rel>
        <arg f="" n="1">that it wouldn't make an offer unless it had Georgia Gulf's consent</arg>
      </example>
      <example name="NP proposition" src="" type="">
        <text>The Stamford, CT, concern has agreed to a buy-out by Bank of Boston.</text>
        <arg f="" n="0">The Stamford, CT, concern</arg>
        <rel f="">agreed</rel>
        <arg f="to" n="1">to a buy-out by Bank of Boston</arg>
      </example>
      <example name="with co-agreer" src="" type="">
        <text>Usually John agrees with Mary on everything.</text>
        <arg f="tmp" n="m">Usually</arg>
        <arg f="" n="0">John</arg>
        <rel f="">agrees</rel>
        <arg f="with" n="2">Mary</arg>
        <arg f="" n="1">on everything</arg>
      </example>
      <example name="If both agreeing parties are mentioned together, they are arg 0" src="" type="">
        <text>any House-Senate agreement on the deficit-reduction legislation</text>
        <arg f="" n="0">House-Senate</arg>
        <rel f="">agreement</rel>
        <arg f="" n="1">on the deficit-reduction legislation</arg>
      </example>
      <example name="Args 1 and 2" src="" type="">
        <text>a confidentiality agreement with Dunkin ' Donuts</text>
        <arg f="" n="1">confidentiality</arg>
        <rel f="">agreement</rel>
        <arg f="" n="2">with Dunkin ' Donuts</arg>
      </example>
    </roleset>
  </predicate>
  <predicate lemma="agreeable">
    <roleset id="agreeable.02" name="agreeable">
      <aliases>
        <alias framenet="" pos="j" verbnet="">agreeable</alias>
      </aliases>
      <note>AGREEABLE-J NOTES: (from agreeable.01-j)</note>
      <roles>
        <role descr="affable entity, agreeable person" f="PAG" n="0"/>
        <role descr="what is agreed to, agreeable to what?" f="PPT" n="1"/>
      </roles>
      <example name="args 0 and 1" src="" type="">
        <text>He seemed agreeable to a game of pool.</text>
        <rel f="">agreeable</rel>
        <arg f="" n="0">He</arg>
        <arg f="" n="1">to a game of pool</arg>
      </example>
    </roleset>
  </predicate>
</frameset>
