<!DOCTYPE frameset SYSTEM "frameset.dtd">
<frameset>
  <predicate lemma="ah">
    <roleset id="ah.01" name="express admiration or pleasure">
      <aliases>
        <alias framenet="" pos="v" verbnet="">ah</alias>
      </aliases>
      <note>AH-V NOTES: Frame created by Arrick (from ah.01-v)</note>
      <roles>
        <role descr="ah-er" f="PAG" n="0"/>
        <role descr="cause of awe (ah?)" f="PPT" n="1"/>
      </roles>
      <example name="transitive" src="" type="">
        <text>Caucasians like * to ooh and ah over a product 's finer points, while the Chinese do nothing but comment on flaws.</text>
        <arg f="" n="0">*-9</arg>
        <rel f="">ooh</rel>
        <arg f="" n="1">over a product 's finer points</arg>
      </example>
    </roleset>
  </predicate>
</frameset>
