<!DOCTYPE frameset SYSTEM "frameset.dtd">
<frameset>
  <predicate lemma="ahead">
    <roleset id="ahead.01" name="proceding faster than designated schedule">
      <aliases>
        <alias framenet="" pos="j" verbnet="">ahead</alias>
      </aliases>
      <note>AHEAD-J NOTES: Added by Julia.</note>
      <roles>
        <role descr="entity/accomplishment ahead of schedule" f="pag" n="1"/>
        <role descr="by how much" f="ext" n="2"/>
        <role descr="schedule, goal" f="ppt" n="3"/>
      </roles>
      <example name="ahead-j" src="" type="">
        <text>The goal was reached nearly a year ahead of schedule</text>
        <arg f="" n="2">a year</arg>
        <rel f="">ahead</rel>
        <arg f="" n="3">of schedule</arg>
      </example>
    </roleset>
    <roleset id="ahead.02" name="be spatially in front of">
      <aliases>
        <alias framenet="" pos="j" verbnet="">ahead</alias>
      </aliases>
      <note>AHEAD-J NOTES: Added by Julia.</note>
      <roles>
        <role descr="entity in the front" f="pag" n="1"/>
        <role descr="entity in the back" f="ppt" n="2"/>
      </roles>
      <example name="ahead-j" src="" type="">
        <text>the driveway is ahead of us</text>
        <arg f="" n="1">the driveway</arg>
        <rel f="">ahead</rel>
        <arg f="" n="2">of us</arg>
      </example>
    </roleset>
    <roleset id="ahead.03" name="be winning">
      <aliases>
        <alias framenet="" pos="j" verbnet="">ahead</alias>
      </aliases>
      <note>AHEAD-J NOTES: Added by Julia.</note>
      <roles>
        <role descr="entity winning" f="pag" n="1"/>
        <role descr="entity losing" f="ppt" n="2"/>
        <role descr="by how much" f="ext" n="3"/>
        <role descr="competition" f="vsp" n="4"/>
      </roles>
      <example name="ahead-j" src="" type="">
        <text>Pitt is ahead 3-2 in the all-time series with the last two games decided by a combined five points. </text>
        <arg f="" n="1">Pitt</arg>
        <rel f="">ahead</rel>
        <arg f="" n="3">3-2</arg>
        <arg f="" n="4">in the all-time series</arg>
        <arg f="adv" n="m">with the last two games decided by a combined five points</arg>
      </example>
    </roleset>
  </predicate>
</frameset>