<!DOCTYPE frameset SYSTEM "frameset.dtd">
<frameset>
  <predicate lemma="aid">
    <roleset id="aid.01" name="help">
      <aliases>
        <alias framenet="Assistance" pos="v" verbnet="">aid</alias>
        <alias framenet="" pos="n" verbnet="">aid</alias>
      </aliases>
      <note>AID-V NOTES: frames created by Olga. Member of Vncls help-72-1. (from aid.01-v)</note>
      <note>AID-N NOTES: Roleset based on verb entry aid.01, OntoNotes grouping aid-n senses 1,2,&amp; 3; maps to VN class help-72-1. Framed by Claire. (from aid.01-n)</note>
      <roles>
        <role descr="helper" f="PAG" n="0">
          <vnrole vncls="72-1" vntheta="Agent"/>
        </role>
        <role descr="project" f="PPT" n="1">
          <vnrole vncls="72-1" vntheta="Theme"/>
        </role>
        <role descr="benefactor" f="GOL" n="2">
          <vnrole vncls="72-1" vntheta="Beneficiary"/>
        </role>
      </roles>
      <example name="with Arg2" src="" type="">
        <inflection aspect="ns" form="infinitive" person="ns" tense="ns" voice="ns"/>
        <text>The Fed chairman 's caution was apparent again on the Monday morning after the market 's plunge , when the central bank took only modest steps [0] [*T*-2]to aid the markets [*T*-1] .</text>
        <arg f="slc" n="m">[0] -&gt; the central bank</arg>
        <arg f="" n="0">[*T*-2] (= [0])</arg>
        <rel f="">aid</rel>
        <arg f="" n="2">the markets</arg>
      </example>
      <example name="with Arg1 and Arg2" src="" type="">
        <inflection aspect="ns" form="full" person="ns" tense="future" voice="active"/>
        <text>Though Spain has an excess of banks , analysts say the country still has one of the most profitable markets in Europe , which [*T*-1] will aid Banco Exterior with the tough tasks it faces ahead .</text>
        <arg f="slc" n="m">which -&gt; one of the most profitable market in Europe</arg>
        <arg f="" n="0">[*T*-1] (= which)</arg>
        <arg f="mod" n="m">will</arg>
        <rel f="">aid</rel>
        <arg f="" n="2">Banco Exterior</arg>
        <arg f="" n="1">with the tough tasks it faces ahead</arg>
      </example>
      <example name="with a prepositional Arg1" src="" type="">
        <inflection aspect="ns" form="infinitive" person="ns" tense="ns" voice="active"/>
        <text>The House , meanwhile , approved $ 2.85 billion [*U*] [0][*T*-1] to aid in the recovery from the temblor and from Hurricane Hugo as state legislators moved toward a temporary sales-tax increase .</text>
        <arg f="" n="0">[*T*-1] (= [0])</arg>
        <arg f="slc" n="m">[0] -&gt; $ 2.85 billion [*U*]</arg>
        <rel f="">aid</rel>
        <arg f="" n="1">in the recovery from the temblor and from Hurricane Hugo</arg>
      </example>
      <example name="passive" src="" type="">
        <inflection aspect="ns" form="participle" person="ns" tense="ns" voice="passive"/>
        <text>Salomon posted an unexpectedly big gain in quarterly earnings , [*-1] aided [*-2]by its securities trading and investment banking activities .</text>
        <rel f="">aided</rel>
        <arg f="" n="1">[*-2] -&gt; [*-1] - &gt; an unexpectedly big gain in quarterly earnings</arg>
        <arg f="" n="0">by its securities trading and investment banking activities</arg>
      </example>
      <example name="simple transitive" src="" type="">
        <inflection aspect="ns" form="full" person="ns" tense="past" voice="active"/>
        <text>An increase in production at some major oil fields in the North Sea , which had been knocked out by an explosion in July 1988 , also aided results .</text>
        <arg f="" n="0">An increase in production at some major oil fields in the North Sea , which had been knocked out by an explosion in July 1988</arg>
        <arg f="dis" n="m">also</arg>
        <rel f="">aided</rel>
        <arg f="" n="1">results</arg>
      </example>
      <example name="NP only, arg 1" src="NomBank Frames" type="">
        <text>greater economic aid and technological know-how to flow from Westto East</text>
        <arg f="ext" n="m">greater</arg>
        <arg f="" n="1">economic</arg>
        <rel f="">aid</rel>
      </example>
      <example name="NP only, args 0 &amp; 2" src="NomBank Frames" type="">
        <text>Soviet aid to Kabul</text>
        <arg f="" n="0">Soviet</arg>
        <rel f="">aid</rel>
        <arg f="" n="2">to Kabul</arg>
      </example>
      <example name="Arg 0 as &quot;of&quot; PP" src="ON sense 1" type="">
        <inflection aspect="ns" form="ns" person="ns" tense="ns" voice="ns"/>
        <text>Our garden desperately needs the aid of a knowledgeable horticulturist.</text>
        <rel f="">aid</rel>
        <arg f="" n="0">of a knowledgeable horticulturist.</arg>
      </example>
      <example name="Arg 1 only" src="ON sense 2" type="">
        <inflection aspect="ns" form="ns" person="ns" tense="ns" voice="ns"/>
        <text>John's father wears a hearing aid.</text>
        <arg f="" n="1">hearing</arg>
        <rel f="">aid</rel>
      </example>
      <example name="Args 0 and 2" src="ON sense 3" type="">
        <inflection aspect="ns" form="ns" person="ns" tense="ns" voice="ns"/>
        <text>Foreign aid to that region increased by twenty million dollars this year.</text>
        <arg f="" n="0">Foreign</arg>
        <rel f="">aid</rel>
        <arg f="" n="2">to that region</arg>
      </example>
      <example name="Arg 2 and MNR" src="ON sense 3" type="">
        <inflection aspect="ns" form="ns" person="ns" tense="ns" voice="ns"/>
        <text>The U.N. is threatening to cut off financial aid to that nation but not medical aid.</text>
        <arg f="mnr" n="m">financial</arg>
        <rel f="">aid</rel>
        <arg f="" n="2">to that nation</arg>
      </example>
    </roleset>
  </predicate>
</frameset>
