<!DOCTYPE frameset SYSTEM "frameset.dtd">
<frameset>
  <predicate lemma="ail">
    <roleset id="ail.01" name="be ill">
      <aliases>
        <alias framenet="Perception_body" pos="v" verbnet="">ail</alias>
      </aliases>
      <note>AIL-V NOTES: VN updated by Julia. Member of Vncls pain-40.8.1. (from ail.01-v)</note>
      <roles>
        <note>possibly restricted to the phrase 'what ails you'. (from ail.01-v)</note>
        <role descr="illness" f="PAG" n="0">
          <vnrole vncls="40.8.1" vntheta="Stimulus"/>
          <vnrole vncls="40.8.1" vntheta="Patient"/>
        </role>
        <role descr="sick entity" f="PPT" n="1">
          <vnrole vncls="40.8.1" vntheta="Experiencer"/>
        </role>
      </roles>
      <example name="simple object" src="" type="">
        <inflection aspect="progressive" form="participle" person="ns" tense="ns" voice="active"/>
        <text>The ailing company, which has reported net losses for 16 consecutive quarters, said it won't manufacture network computer systems any more and will greatly reduce its costly direct sales force.</text>
        <rel f="">ailing</rel>
        <arg f="" n="1">company</arg>
      </example>
      <example name="complex object" src="" type="">
        <inflection aspect="progressive" form="participle" person="ns" tense="ns" voice="active"/>
        <text>A group of Michigan investors has offered to buy Knight-Ridder Inc.'s ailing Detroit Free Press for $68 million but has left unclear how the offer will be financed.</text>
        <rel f="">ailing</rel>
        <arg f="" n="1">Detroit Free Press</arg>
      </example>
      <example name="with 'agent'" src="" type="">
        <inflection aspect="ns" form="full" person="third" tense="present" voice="active"/>
        <text>``It's good for what ails you,'' John said of his snake-oil medicine.</text>
        <arg f="" n="0">what</arg>
        <rel f="">ails</rel>
        <arg f="" n="1">you</arg>
      </example>
      <example name="both args" src="" type="">
        <inflection aspect="ns" form="ns" person="ns" tense="ns" voice="ns"/>
        <text>Peter Zezel died on Tuesday from a blood disorder that-1 *trace*-1 had ailed him for years.</text>
        <arg f="slc" n="m">that -&gt; a blood disorder</arg>
        <arg f="" n="0">*trace*-1 (= that)</arg>
        <rel f="">ailed</rel>
        <arg f="" n="1">him</arg>
        <arg f="tmp" n="m">for years</arg>
      </example>
      <example name="patient as subject" src="" type="">
        <inflection aspect="ns" form="ns" person="ns" tense="ns" voice="ns"/>
        <text>Looper's shoulder ailed him all season.</text>
        <arg f="" n="0">Looper's shoulder</arg>
        <rel f="">ailed</rel>
        <arg f="" n="1">him</arg>
        <arg f="tmp" n="m">all season</arg>
      </example>
    </roleset>
  </predicate>
</frameset>
