<!DOCTYPE frameset SYSTEM "frameset.dtd">
<frameset>
  <predicate lemma="aim">
    <roleset id="aim.01" name="plan">
      <aliases>
        <alias framenet="Purpose" pos="v" verbnet="intend-61.2 wish-62">aim</alias>
        <alias framenet="" pos="n" verbnet="">aim</alias>
      </aliases>
      <note>AIM-V NOTES: Member of Vncls wish-62. (from aim.01-v)</note>
      <note>AIM-N NOTES: Roleset based on aim.01, OntoNotes grouping aim-n sense 1; maps to VN class wish-62. Framed by Claire. (from aim.01-n)</note>
      <roles>
        <role descr="aimer" f="pag" n="0">
          <vnrole vncls="62" vntheta="experiencer"/>
          <vnrole vncls="61.2" vntheta="agent"/>
        </role>
        <role descr="action" f="ppt" n="1">
          <vnrole vncls="62" vntheta="stimulus"/>
          <vnrole vncls="61.2" vntheta="theme"/>
        </role>
      </roles>
      <example name="more bellringing!" src="" type="">
        <text>The Central Council of Church Bell Ringers aims *trace* to improve relations with vicars.</text>
        <arg f="" n="0">The Central Council of Church Bell Ringers</arg>
        <rel f="">aims</rel>
        <arg f="" n="1">*trace* to improve relations with vicars.</arg>
      </example>
      <example name="nothing in motion" src="" type="">
        <text>The Treasury aims for a $10 billion cash balance at the end of March.</text>
        <arg f="" n="0">The Treasury</arg>
        <rel f="">aims</rel>
        <arg f="" n="1">for a $10 billion cash balance at the end of March</arg>
      </example>
      <example name="Arg 1 and mnr" src="ON sense 1" type="">
        <text>It was created with the conscious aim of meeting immediate needs.</text>
        <arg f="mnr" n="m">conscious</arg>
        <rel f="">aim</rel>
        <arg f="" n="1">of meeting immediate needs</arg>
      </example>
      <example name="All arguments" src="ON sense 1" type="">
        <text>John made no secret of his personal aim to get the high score on Pac Man.</text>
        <arg f="" n="0">his</arg>
        <arg f="mnr" n="m">personal</arg>
        <rel f="">aim</rel>
        <arg f="" n="1">to get the high score on Pac Man.</arg>
      </example>
      <example name="Arg 0 only" src="ON sense 1" type="">
        <inflection aspect="ns" form="ns" person="ns" tense="ns" voice="ns"/>
        <text>The aim of chess is to checkmate the opposing king.</text>
        <rel f="">aim</rel>
        <arg f="" n="0">of chess</arg>
      </example>
    </roleset>
    <roleset id="aim.02" name="directed motion">
      <aliases>
        <alias framenet="" pos="v" verbnet="">aim</alias>
        <alias framenet="" pos="n" verbnet="">aim</alias>
      </aliases>
      <note>AIM-V NOTES: Often metaphorical. No relevant VN class. (from aim.02-v)</note>
      <note>AIM-N NOTES: Roleset based on verb entry aim.02, OntoNotes grouping aim-n sense 3; no relevant mapping to VN. Framed by Claire. (from aim.02-n)</note>
      <roles>
        <role descr="aimer" f="pag" n="0"/>
        <role descr="thing in motion" f="ppt" n="1"/>
        <role descr="target" f="gol" n="2"/>
      </roles>
      <example name="passivized" src="" type="">
        <text>...the possibility of a consent solicitation aimed *trace* at replacing Georgia Gulf's board.</text>
        <arg f="" n="1">*trace*=a consent solicitation</arg>
        <rel f="">aimed</rel>
        <arg f="" n="2">at replacing Georgia Gulf's board</arg>
      </example>
      <example name="all args" src="" type="">
        <text>Banks have been aiming packages at the elderly.</text>
        <arg f="" n="0">Banks</arg>
        <rel f="">aiming</rel>
        <arg f="" n="1">packages</arg>
        <arg f="" n="2">at the elderly</arg>
      </example>
      <example name="Args 1 &amp; 2" src="ON sense 3" type="">
        <text>I saw the gun's aim at my head and ran.</text>
        <arg f="" n="1">gun's</arg>
        <rel f="">aim</rel>
        <arg f="" n="2">at my head</arg>
      </example>
      <example name="Args 0 &amp; 1" src="web" type="">
        <text>I laid across the table that I had been hiding under and put my arm right out on the table to support my aim of the gun.</text>
        <arg f="" n="0">my</arg>
        <rel f="">aim</rel>
        <arg f="" n="1">of the gun.</arg>
      </example>
    </roleset>
  </predicate>
</frameset>
