<!DOCTYPE frameset SYSTEM "frameset.dtd">
<frameset>
  <predicate lemma="air">
    <roleset id="air.01" name="cause to be widely visible">
      <aliases>
        <alias framenet="Expressing_publicly" pos="v" verbnet="">air</alias>
        <alias framenet="" pos="n" verbnet="">airing</alias>
      </aliases>
      <note>AIR-V NOTES: Verbnet entry 45.4 "other causative", a class so wide-ranging as to be meaningless. (from air.01-v)</note>
      <roles>
        <note>Arg2 audience predicted by comparison with 'show', but doesn't seem tooccur in real usage.  Go figger. (from air.01-v)</note>
        <role descr="airer, agent" f="pag" n="0">
          <vnrole vncls="45.4" vntheta="agent"/>
        </role>
        <role descr="thing aired" f="ppt" n="1">
          <vnrole vncls="45.4" vntheta="patient"/>
        </role>
        <role descr="audience" f="gol" n="2"/>
      </roles>
      <example name="air-v: transitive active" src="" type="">
        <inflection aspect="ns" form="full" person="ns" tense="past" voice="active"/>
        <text>The attacks began when Democratic Rep. James Florio aired an ad featuring a drawing of Pinocchio and a photograph of Mr. Florio 's rival, Republican Rep. Jim Courter.</text>
        <arg f="" n="0">Democratic Rep. James Florio</arg>
        <rel f="">aired</rel>
        <arg f="" n="1">an ad featuring a drawing of Pinocchio and a photograph of Mr. Florio's rival, Republican Rep. Jim Courter</arg>
      </example>
      <example name="air-v: ergative/pseudopassive" src="" type="">
        <inflection aspect="perfect" form="participle" person="ns" tense="past" voice="active"/>
        <text>NBC's comedy had aired Wednesdays at 9:30 p.m. and in five outings had drawn an average of only 13.2% of homes, lagging behind the Jamie Lee Curtis comedy ``Anything But Love'' on ABC and CBS's one-hour drama ``Jake and the Fatman.''</text>
        <arg f="" n="1">NBC's comedy</arg>
        <rel f="">aired</rel>
        <arg f="tmp" n="m">Wednesdays</arg>
        <arg f="tmp" n="m">at 9:30 p.m.</arg>
      </example>
    </roleset>
  </predicate>
</frameset>
