<!DOCTYPE frameset SYSTEM "frameset.dtd">
<frameset>
  <predicate lemma="airdrop">
    <roleset id="airdrop.09" name="delivery via aircraft">
      <aliases>
        <alias framenet="" pos="v" verbnet="">airdrop</alias>
        <alias framenet="" pos="n" verbnet="">airdrop</alias>
      </aliases>
      <note>AIRDROP-N NOTES: Added automatically by Julia. Related to drop.xml (from airdrop.09-n)</note>
      <note>AIRDROP-V NOTES: Automatically added alias.</note>
      <roles>
        <role descr="deliverer" f="pag" n="0"/>
        <role descr="thing delivered" f="ppt" n="1"/>
        <role descr="recipient" f="gol" n="2"/>
      </roles>
      <example name="" src="" type="">
        <text>There had been some uncertainty as to whether the Russians would continue their airdrop of supplies to pro-Red forces following the installation of Prince Boun Oum's cabinet last week.</text>
      </example>
    </roleset>
  </predicate>
</frameset>
