<!DOCTYPE frameset SYSTEM "frameset.dtd">
<frameset>
  <predicate lemma="airlift">
    <roleset id="airlift.01" name="to transport in an airlift">
      <aliases>
        <alias framenet="" pos="v" verbnet="">airlift</alias>
        <alias framenet="" pos="n" verbnet="">airlifting</alias>
        <alias framenet="" pos="n" verbnet="">airlift</alias>
      </aliases>
      <note>AIRLIFT-V NOTES: Comparison with 'transfer'. (from airlift.01-v)</note>
      <note>AIRLIFTING-N NOTES: Automatically created by Julia as an alias file for unification. (from airlifting.01-n)</note>
      <note>AIRLIFT-N NOTES: Automatically created by Julia as an alias file for unification. (from airlift.01-n)</note>
      <roles>
        <role descr="agent, causer" f="pag" n="0"/>
        <role descr="entity transported" f="ppt" n="1"/>
        <role descr="transported to" f="loc" n="2"/>
        <role descr="transported from" f="dir" n="3"/>
      </roles>
      <example name="all arguments" src="" type="">
        <inflection aspect="perfect" form="participle" person="ns" tense="past" voice="active"/>
        <text>Tiger itself was founded by a band of gungho airmen who-2 [*T*-2] had airlifted supplies `` over the Hump '' from India to China during World War II .</text>
        <arg f="rcl" n="m">who -&gt; gungho airmen</arg>
        <arg f="" n="0">[*T*-2] (= who)</arg>
        <rel f="">airlifted</rel>
        <arg f="" n="1">supplies</arg>
        <arg f="dir" n="m">over the Hump</arg>
        <arg f="" n="3">from India</arg>
        <arg f="" n="2">to China</arg>
        <arg f="tmp" n="m">during World War II</arg>
      </example>
      <example name="without Arg3" src="" type="">
        <inflection aspect="progressive" form="infinitive" person="ns" tense="ns" voice="active"/>
        <text>Rebel artillerists bombarded the capital of Afghanistan , killing at least 12 people , as [the Soviet Union]-1 was reported [*-1]to be airlifting arms and food to Kabul 's forces .</text>
        <arg f="" n="0">[*-1] (= the Soviet Union)</arg>
        <rel f="">airlifting</rel>
        <arg f="" n="1">arms and food</arg>
        <arg f="" n="2">to Kabul 's forces</arg>
      </example>
    </roleset>
  </predicate>
</frameset>
