<!DOCTYPE frameset SYSTEM "frameset.dtd">
<frameset>
  <predicate lemma="airmail">
    <roleset id="airmail.01" name="send by air">
      <aliases>
        <alias framenet="" pos="v" verbnet="">airmail</alias>
      </aliases>
      <note>AIRMAIL-V NOTES: Based on dictionary.com. Frame by Perryn. Member of Vncls send-11.1-1. (from airmail.01-v)</note>
      <roles>
        <role descr="mailer" f="PAG" n="0">
          <vnrole vncls="11.1-1" vntheta="Agent"/>
        </role>
        <role descr="letter" f="PPT" n="1">
          <vnrole vncls="11.1-1" vntheta="Theme"/>
        </role>
        <role descr="mailed-to" f="GOL" n="2">
          <vnrole vncls="11.1-1" vntheta="Destination"/>
        </role>
      </roles>
      <example name="faster way to mail" src="" type="">
        <text>John airmailed Mary's letter to her to make sure it got to her.</text>
        <arg f="" n="0">John</arg>
        <rel f="">airmailed</rel>
        <arg f="" n="1">Mary's letter</arg>
        <arg f="" n="2">to her</arg>
        <arg f="prp" n="m">to make sure it got to her</arg>
      </example>
    </roleset>
  </predicate>
</frameset>
