<!DOCTYPE frameset SYSTEM "frameset.dtd">
<frameset>
  <predicate lemma="airstrike">
    <roleset id="airstrike.12" name="attack from the air">
      <aliases>
        <alias framenet="" pos="n" verbnet="">airstrike</alias>
      </aliases>
      <note>AIRSTRIKE-N NOTES: Added automatically by Julia. Related to strike.xml (from airstrike.12-n)</note>
      <roles>
        <role descr="striker" f="pag" n="0"/>
        <role descr="target struck/attacked" f="ppt" n="1"/>
        <role descr="weapon" f="mnr" n="2"/>
      </roles>
      <example name="" src="" type="">
        <text>they helped Romania on their Airstrike against Bulgaria.</text>
      </example>
    </roleset>
  </predicate>
</frameset>
