<!DOCTYPE frameset SYSTEM "frameset.dtd">
<frameset>
  <predicate lemma="airtrapping">
    <roleset id="airtrapping.01" name="catching air as if in a trap">
      <aliases>
        <alias framenet="" pos="n" verbnet="">airtrapping</alias>
      </aliases>
      <note>AIRTRAPPING-N NOTES: Relation to verb-trap.01. (from airtrapping.01-n)</note>
      <roles>
        <role descr="Trapper, intentional agent" f="pag" n="0"/>
        <role descr="Type of air trapped, if explicit" f="ppt" n="1"/>
        <role descr="Location air is being trapped in (might be a medical patient)" f="loc" n="2"/>
      </roles>
      <example name="airtrapping-n: arg2 medical patient" src="" type="">
        <text> High-resolution CT scan of the thorax obtained during inspiration demonstrates airtrapping in a patient with asthma.</text>
        <rel f="">airtrapping</rel>
        <arg f="" n="2">in a patient with asthma.</arg>
      </example>
    </roleset>
  </predicate>
</frameset>
