<!DOCTYPE frameset SYSTEM "frameset.dtd">
<frameset>
  <predicate lemma="akin">
    <roleset id="akin.01" name="similar, related">
      <aliases>
        <alias framenet="" pos="j" verbnet="">akin</alias>
      </aliases>
      <note>AKIN-J NOTES: Added by Julia based on BOLT-7. (from akin.01-j)</note>
      <roles>
        <role descr="first item" f="ppt" n="1"/>
        <role descr="second item" f="ppt" n="2"/>
        <role descr="domain of similarity" f="vsp" n="3"/>
      </roles>
      <example name="args 1,2" src="BOLT-71" type="">
        <inflection aspect="ns" form="ns" person="ns" tense="ns" voice="ns"/>
        <text>This is akin to a steamed meat bun dropping into the mouth of a dog . If you want it to spit it out , it is : Difficult ! Difficult ! Difficult !</text>
        <arg f="" n="1">this</arg>
        <rel f="">akin</rel>
        <arg f="" n="2">to a steamed meat bun dropping into the mouth of a dog</arg>
      </example>
    </roleset>
  </predicate>
</frameset>
