<!DOCTYPE frameset SYSTEM "frameset.dtd">
<frameset>
  <predicate lemma="alarm">
    <roleset id="alarm.01" name="to give warning to, frighten">
      <aliases>
        <alias framenet="Experiencer_obj" pos="v" verbnet="">alarm</alias>
        <alias framenet="Stimulus_focus" pos="j" verbnet="">alarming</alias>
      </aliases>
      <note>ALARM-V NOTES: Member of Vncls amuse-31.1. (from alarm.01-v)</note>
      <note>ALARMING-J NOTES: Roleset based on instances in BOLT P01, parts 2,3. Member of Vncls amuse-31.1. (from alarming.01-j)</note>
      <roles>
        <role descr="warning" f="PAG" n="0">
          <vnrole vncls="31.1" vntheta="Stimulus"/>
        </role>
        <role descr="entity alarmed" f="PPT" n="1">
          <vnrole vncls="31.1" vntheta="Experiencer"/>
        </role>
      </roles>
      <example name="passive" src="" type="">
        <inflection aspect="ns" form="participle" person="ns" tense="present" voice="passive"/>
        <text>[Some analysts at least]-1 are buying that argument , and were n't alarmed [*-1]by the losses .</text>
        <arg f="neg" n="m">n't</arg>
        <rel f="">alarmed</rel>
        <arg f="" n="1">[*-1]</arg>
        <arg f="" n="0">by the losses</arg>
      </example>
      <example name="transitive" src="" type="">
        <inflection aspect="ns" form="full" person="third" tense="present" voice="active"/>
        <text>It raises the long-cherished hopes of many Germans for reunification -- a prospect that [*T*-1] almost equally alarms political leaders in Moscow , Washington and Western Europe .</text>
        <arg f="slc" n="m">that -&gt; a prospect</arg>
        <arg f="" n="0">[*T*-1] (= that)</arg>
        <arg f="mnr" n="m">almost equally</arg>
        <rel f="">alarms</rel>
        <arg f="" n="1">political leaders in Moscow , Washington and Western Europe</arg>
      </example>
      <example name="&quot;For&quot; realization" src="" type="">
        <inflection aspect="ns" form="participle" person="ns" tense="present" voice="passive"/>
        <text>I 'm sure that it must have been alarming for all concerned .</text>
        <arg f="" n="0">it</arg>
        <arg f="mod" n="m">must</arg>
        <rel f="">alarming</rel>
        <arg f="" n="1">for all concerned.</arg>
      </example>
      <example name="&quot;To&quot; complement, it EXP" src="" type="">
        <inflection aspect="ns" form="full" person="third" tense="present" voice="active"/>
        <text>I am an active, healthy woman, so it was alarming to me that I was going through these issues.</text>
        <rel f="">alarming</rel>
        <arg f="" n="1">to me</arg>
        <arg f="" n="0">that I was going trough these issues.</arg>
      </example>
    </roleset>
  </predicate>
</frameset>
