<!DOCTYPE frameset SYSTEM "frameset.dtd">
<frameset>
  <predicate lemma="alcoholize">
    <roleset id="alcoholize.01" name="to saturate in alcohol, or convert to alcohol">
      <aliases>
        <alias framenet="" pos="v" verbnet="">alcoholize</alias>
      </aliases>
      <note>ALCOHOLIZE-V NOTES: Roleset added in parallel expansion of VerbNet, PropBank, and sense groupings. Framed by Claire (from alcoholize.01-v)</note>
      <roles>
        <role descr="Agent of saturation, conversion" f="pag" n="0"/>
        <role descr="Entity saturated converted" f="ppt" n="1"/>
        <role descr="Resulting state after conversion, attribute of arg1" f="prd" n="2"/>
      </roles>
      <example name="Science jargon" src="Science jargon" type="Science jargon">
        <inflection aspect="ns" form="ns" person="ns" tense="ns" voice="ns"/>
        <text>[Polyvinyl acetate]-1 was alcoholized *-1 to such an extent that 88% of the acetate groups were removed.</text>
        <rel f="">alcoholized</rel>
        <arg f="" n="1">*-1</arg>
        <arg f="ext" n="m">to such an extent that 88% of the acetate groups were removed</arg>
      </example>
    </roleset>
  </predicate>
</frameset>
