<!DOCTYPE frameset SYSTEM "frameset.dtd">
<frameset>
  <predicate lemma="alert">
    <roleset id="alert.01" name="alert, warn">
      <aliases>
        <alias framenet="" pos="n" verbnet="">alert</alias>
        <alias framenet="" pos="v" verbnet="">alert</alias>
      </aliases>
      <note>ALERT-V NOTES: Member of Vncls advise-37.9. (from alert.01-v)</note>
      <note>ALERT-N NOTES: Added due to expansion of Nombank. Comparison to 'alert.01'. Vn class advise-37.9. No Fn class. Framed by Katie. (from alert.01-n)</note>
      <roles>
        <role descr="entity giving warning" f="PAG" n="0">
          <vnrole vncls="37.9" vntheta="Agent"/>
        </role>
        <role descr="entity getting warning" f="GOL" n="1">
          <vnrole vncls="37.9" vntheta="Recipient"/>
        </role>
        <role descr="warning" f="PPT" n="2">
          <vnrole vncls="37.9" vntheta="Topic"/>
        </role>
      </roles>
      <example name="just transitive" src="" type="">
        <inflection aspect="ns" form="infinitive" person="ns" tense="ns" voice="ns"/>
        <text>When the hacker moved, [Mr. Stoll]-1 moved too, *trace* calling up other systems managers *trace*-1 to alert them but keeping his own system open to avoid arousing suspicion.</text>
        <arg f="" n="0">*trace*-1</arg>
        <rel f="">alert</rel>
        <arg f="" n="1">them</arg>
      </example>
      <example name="alert to" src="" type="">
        <inflection aspect="ns" form="full" person="third" tense="present" voice="active"/>
        <text>She gives the Artist a sense of purpose, but also alerts him to the serious inadequacy of his vagrant life.</text>
        <arg f="" n="0">She</arg>
        <arg f="dis" n="m">also</arg>
        <rel f="">alerts</rel>
        <arg f="" n="1">him</arg>
        <arg f="" n="2">to the serious inadequacy of his vagrant life</arg>
      </example>
      <example name="alert about" src="" type="">
        <inflection aspect="progressive" form="participle" person="ns" tense="ns" voice="active"/>
        <text>The solicitation material indicates that donations will go toward a campaign alerting and informing the public about some health or other issue.</text>
        <arg f="" n="0">a campaign</arg>
        <rel f="">alerting</rel>
        <arg f="" n="1">the public</arg>
        <arg f="" n="2">about some health or other issue</arg>
      </example>
      <example name="alert a wh-clause" src="" type="">
        <inflection aspect="ns" form="infinitive" person="ns" tense="ns" voice="ns"/>
        <text>After discovering that the hacker had taken over the dormant account of a legitimate user named Joe Sventek, he rigged up [an alarm system]-2, including a portable beeper, *trace* *trace*-2 to alert him when Sventek came on the line.</text>
        <arg f="" n="0">*trace*-2</arg>
        <rel f="">alert</rel>
        <arg f="" n="1">him</arg>
        <arg f="" n="2">when Sventek came on the line</arg>
      </example>
      <example name="alert an SBAR" src="" type="">
        <inflection aspect="ns" form="full" person="ns" tense="past" voice="active"/>
        <text>That disclosure came, a Delmed spokeswoman said, after the American Stock Exchange alerted the company that trading wouldn't resume in its stock until additional information about developments was provided.</text>
        <arg f="" n="0">the American Stock Exchange</arg>
        <rel f="">alerted</rel>
        <arg f="" n="1">the company</arg>
        <arg f="" n="2">that trading wouldn't resume in its stock until additional information about developments was provided</arg>
      </example>
      <example name="arg 2" src="" type="">
        <inflection aspect="ns" form="ns" person="ns" tense="ns" voice="ns"/>
        <text>Last week's subway terror alert</text>
        <arg f="tmp" n="m">Last week's</arg>
        <arg f="" n="2">subway terror</arg>
        <rel f="">alert</rel>
      </example>
      <example name="arg 0" src="" type="">
        <inflection aspect="ns" form="ns" person="ns" tense="ns" voice="ns"/>
        <text>The Fox New alert</text>
        <arg f="" n="0">Fox News</arg>
        <rel f="">alert</rel>
      </example>
      <example name="arg 1" src="" type="">
        <inflection aspect="ns" form="ns" person="ns" tense="ns" voice="ns"/>
        <text>The terror alert for subway commuters</text>
        <arg f="" n="2">terror</arg>
        <rel f="">alert</rel>
        <arg f="" n="1">for subway commuters</arg>
      </example>
    </roleset>
    <roleset id="alert.02" name="be alive; awake and watchful">
      <aliases>
        <alias framenet="" pos="j" verbnet="">alert</alias>
      </aliases>
      <note>ALERT-J NOTES: Based on Sharp data. No comparison. Framed by Katie. (from alert.01-j)</note>
      <roles>
        <role descr="watchful entity" f="PAG" n="0"/>
      </roles>
      <example name="aware of surroundings" src="" type="">
        <inflection aspect="ns" form="ns" person="ns" tense="ns" voice="ns"/>
        <text>Patient is alert and oriented times three</text>
        <arg f="" n="0">Patient</arg>
        <rel f="">alert</rel>
      </example>
    </roleset>
  </predicate>
</frameset>
