<!DOCTYPE frameset SYSTEM "frameset.dtd">
<frameset>
  <predicate lemma="alienate">
    <roleset id="alienate.01" name="piss off, causing to feel like an outsider">
      <aliases>
        <alias framenet="" pos="n" verbnet="">alienation</alias>
        <alias framenet="" pos="v" verbnet="">alienate</alias>
      </aliases>
      <note>ALIENATE-V NOTES: Member of Vncls amuse-31.1. (from alienate.01-v)
Frames file for 'alienate' based on sentences in wsj. (from alienate.01-v predicate notes)ALIENATION-N NOTES: Added by Julia based on BOLT, alienate.01. Corresponds to VNcls amuse-31.1. (from alienation.01-n)
</note>
      <roles>
        <note/>
        <role descr="causer of anger, agent" f="pag" n="0">
          <vnrole vncls="31.1" vntheta="stimulus"/>
        </role>
        <role descr="entity getting angry" f="ppt" n="1">
          <vnrole vncls="31.1" vntheta="experiencer"/>
        </role>
        <role descr="alienated from what/whom, the insiders" f="dir" n="2"/>
      </roles>
      <example name="just transitive" src="" type="">
        <inflection aspect="perfect" form="participle" person="third" tense="present" voice="active"/>
        <text>With only two issues under its belt, Garbage has alienated some    would-be advertisers and raised the ire of others.</text>
        <arg f="prd" n="m">With only two issues under its belt</arg>
        <arg f="" n="0">Garbage</arg>
        <rel f="">alienated</rel>
        <arg f="" n="1">some would-be advertisers</arg>
      </example>
      <example name="with instrument" src="" type="">
        <inflection aspect="progressive" form="participle" person="ns" tense="ns" voice="active"/>
        <text>[They]-1 chance *trace*-1 alienating the customers they hope to woo by    looking like opportunistic sharks.</text>
        <arg f="" n="0">*trace*-1     (= they)</arg>
        <rel f="">alienating</rel>
        <arg f="" n="1">the customers  they hope  to woo</arg>
        <arg f="mnr" n="m">by looking like opportunistic sharks</arg>
      </example>
      <example name="arg0" src="BOLT" type="">
        <inflection aspect="ns" form="ns" person="ns" tense="ns" voice="ns"/>
        <text>Welfare and other mechanisms of redistribution under capitalism are little more than the throwing of crumbs at the many who otherwise suffer the worst effects of its alienation and exploitation .</text>
        <arg f="" n="0">its</arg>
        <rel f="">alienation</rel>
      </example>
      <example name="args1, 2" src="BOLT" type="">
        <inflection aspect="ns" form="ns" person="ns" tense="ns" voice="ns"/>
        <text>It would just stagnate and eventually decline due to people 's alienation from deep conservative traditions which may no longer be relevant to modern living .</text>
        <arg f="" n="1">people's</arg>
        <rel f="">alienation</rel>
        <arg f="" n="2">from deep conservative traditions which may no longer be relevant to modern living</arg>
      </example>
    </roleset>
  </predicate>
</frameset>
