<!DOCTYPE frameset SYSTEM "frameset.dtd">
<frameset>
  <predicate lemma="alien">
    <roleset id="alien.01" name="alien">
      <aliases>
        <alias framenet="" pos="j" verbnet="">alien</alias>
      </aliases>
      <note>ALIEN-J NOTES: (from alien.01-j)</note>
      <roles>
        <role descr="unfamiliar thing, thing that's alien" f="PPT" n="1"/>
        <role descr="perceiver, alien to whom?" f="PAG" n="2"/>
      </roles>
      <example name="xenophobia, args 1 and 2" src="" type="">
        <text>Their customs are alien to me.</text>
        <rel f="">alien</rel>
        <arg f="" n="1">Their customs</arg>
        <arg f="" n="2">to me</arg>
      </example>
    </roleset>
  </predicate>
</frameset>
