<!DOCTYPE frameset SYSTEM "frameset.dtd">
<frameset>
  <predicate lemma="align">
    <roleset id="align.01" name="arrange so as to be parallel, harmonious with">
      <aliases>
        <alias framenet="" pos="j" verbnet="">aligned</alias>
        <alias framenet="" pos="n" verbnet="">alignment</alias>
        <alias framenet="" pos="v" verbnet="">align</alias>
      </aliases>
      <note>ALIGN-V NOTES: VN updated by Julia. No Vncls. (from align.01-v)</note>
      <note>ALIGNMENT-N NOTES: Expanded by Julia based on BOLT, align.01. No VNcls. (from alignment.01-n)</note>
      <note>ALIGNED-J NOTES: Roleset based on instances in BOLT P01, parts 2,3. Framed by Claire; based on verb align.01. No Vncls. (from aligned.01-j)</note>
      <roles>
        <role descr="arranger, agent/cause" f="pag" n="0"/>
        <role descr="first or all things aligned" f="ppt" n="1"/>
        <role descr="second thing, standard of comparison, aligned-to" f="gol" n="2"/>
        <role descr="subject matter, domain of alignment; issue aligned on" f="vsp" n="3"/>
      </roles>
      <example name="passive, align with" src="" type="">
        <inflection aspect="ns" form="participle" person="ns" tense="ns" voice="passive"/>
        <text>``We expect near-term sluggishness in the electronics market,'' he said, ``and we will take ongoing cost-reduction actions as necessary to keep [operations]-1 aligned *trace*-1 with demand.''</text>
        <rel f="">aligned</rel>
        <arg f="" n="1">*trace*-1 (= operations)</arg>
        <arg f="" n="2">with demand</arg>
      </example>
      <example name="active, align to. I'll bet he wears a tin foil hat to bed, too." src="" type="">
        <inflection aspect="ns" form="full" person="ns" tense="past" voice="active"/>
        <text>John aligned his bed to the earth's magnetic field.</text>
        <arg f="" n="0">John</arg>
        <rel f="">aligned</rel>
        <arg f="" n="1">his bed</arg>
        <arg f="" n="2">to the earth's magnetic field</arg>
      </example>
      <example name="args 1, 2, 3" src="internet" type="">
        <inflection aspect="ns" form="ns" person="ns" tense="ns" voice="ns"/>
        <text>McCain double talks his alignment with Bush on Iraq.</text>
        <arg f="" n="1">his</arg>
        <rel f="">alignment</rel>
        <arg f="" n="2">with Bush</arg>
        <arg f="" n="3">on Iraq</arg>
      </example>
      <example name="all things in arg1" src="BOLT" type="">
        <inflection aspect="ns" form="ns" person="ns" tense="ns" voice="ns"/>
        <text>Notice the ice cap weight shifting it is due to earth s own inertia and the sun moon alignment .</text>
        <arg f="" n="1">sun moon</arg>
        <rel f="">alignment</rel>
      </example>
      <example name="with degree" src="" type="">
        <inflection aspect="ns" form="participle" person="ns" tense="ns" voice="passive"/>
        <text>...replace her with Kevin Rudd yet again who-1 *T*-1 is extremely pro-China and less aligned with the United States although he will probably suck up to Obama as well .</text>
        <arg f="" n="1">*T*-1</arg>
        <arg f="ext" n="m">less</arg>
        <rel f="">aligned</rel>
        <arg f="" n="2">with the United States</arg>
        <arg f="adv" n="m">although he will probably suck up to Obama as well .</arg>
      </example>
      <example name="All args, translation" src="" type="">
        <inflection aspect="ns" form="full" person="ns" tense="past" voice="active"/>
        <text>Not very credible specifically here in it's original form until it was aligned with the Original Hebrew by the Masoretes later on.</text>
        <arg f="" n="1">it</arg>
        <rel f="">aligned</rel>
        <arg f="" n="2">with the original Hebrew</arg>
        <arg f="" n="0">by the Masoretes later on.</arg>
      </example>
    </roleset>
  </predicate>
</frameset>
