<!DOCTYPE frameset SYSTEM "frameset.dtd">
<frameset>
  <predicate lemma="alkalify">
    <roleset id="alkalify.01" name="make alkaline">
      <aliases>
        <alias framenet="" pos="v" verbnet="">alkalify</alias>
      </aliases>
      <note>ALKALIFY-V NOTES: Edited by hwangd (from alkalify.01-v)</note>
      <roles>
        <role descr="agent, cause" f="PAG" n="0">
          <vnrole vncls="45.4" vntheta="Agent"/>
        </role>
        <role descr="thing becoming alkaline" f="PPT" n="1">
          <vnrole vncls="45.4" vntheta="Patient"/>
        </role>
        <role descr="instrument or  method" f="MNR" n="2">
          <vnrole vncls="45.4" vntheta="Instrument"/>
        </role>
      </roles>
      <example name="Transitive" src="web usage" type="">
        <text>Under these conditions, strain EPR70T alkalified the culture medium.</text>
        <arg f="loc" n="m">Under these conditions</arg>
        <arg f="" n="0">strain EPR70T</arg>
        <rel f="">alkalified</rel>
        <arg f="" n="1">the culture medium</arg>
      </example>
      <example name="Intransitive" src="web usage" type="">
        <text>The aqueous reaction medium alkalified with ammonia.</text>
        <arg f="" n="1">The aqueous reaction medium</arg>
        <rel f="">alkalified</rel>
        <arg f="" n="2">with ammonia</arg>
      </example>
    </roleset>
  </predicate>
</frameset>
