<!DOCTYPE frameset SYSTEM "frameset.dtd">
<frameset>
  <predicate lemma="alkylate">
    <roleset id="alkylate.01" name="introduce an alkyl radical into (a compound)">
      <aliases>
        <alias framenet="" pos="v" verbnet="">alkylate</alias>
        <alias framenet="" pos="n" verbnet="">alkylation</alias>
      </aliases>
      <note>ALKYLATE-V NOTES: (from alkylate.01-v)</note>
      <roles>
        <role descr="Agent" f="pag" n="0"/>
        <role descr="Compound alkylated" f="ppt" n="1"/>
      </roles>
      <example name="Arg1" src="" type="">
        <inflection aspect="ns" form="ns" person="ns" tense="ns" voice="ns"/>
        <text>A significant number of the hydroxylic groups have been alkylated.</text>
        <arg f="" n="1">A significant number of the hydroxylic groups</arg>
        <rel f="">alkylated</rel>
      </example>
    </roleset>
  </predicate>
</frameset>
