<!DOCTYPE frameset SYSTEM "frameset.dtd">
<frameset>
  <predicate lemma="allay">
    <roleset id="allay.01" name="to relieve, calm">
      <aliases>
        <alias framenet="" pos="v" verbnet="">allay</alias>
      </aliases>
      <note>ALLAY-V NOTES: Frames file for 'allay' based on survey of sentences in the WSJ corpus. (from allay.01-v predicate notes)</note>
      <roles>
        <role descr="agent, causer" f="PAG" n="0"/>
        <role descr="entity relieved" f="PPT" n="1"/>
      </roles>
      <example name="transitive" src="" type="">
        <inflection aspect="ns" form="infinitive" person="ns" tense="ns" voice="active"/>
        <text>Mr. Dinkins also has failed [*-1] to allay Jewish voters ' fears about his association with the Rev. Jesse Jackson , despite the fact that few local non-Jewish politicians have been as vocal for Jewish causes in the past 20 years as [Mr. Dinkins]*-1 has [*?*] .</text>
        <arg f="" n="0">[*-1]</arg>
        <rel f="">allay</rel>
        <arg f="" n="1">Jewish voters ' fears about his association with the Rev. Jesse Jackson</arg>
      </example>
      <example name="extracted subject" src="" type="">
        <inflection aspect="ns" form="infinitive" person="ns" tense="ns" voice="active"/>
        <text>[*] Seeking [*-3]to allay European concerns , [U.S. Agriculture Secretary Clayton Yeutter]*-3 said in Washington that the new U.S. plan would n't `` put farmers out of business '' but would encourage them to `` grow what the markets desire [*T*-1] instead of what the government wants [*T*-2] . ''</text>
        <arg f="" n="0">[*-3]</arg>
        <rel f="">allay</rel>
        <arg f="" n="1">European concerns</arg>
      </example>
      <example name="inanimate causer" src="" type="">
        <inflection aspect="ns" form="full" person="ns" tense="present" voice="active"/>
        <text>Mr. Cecin of Piper Jaffray says [0] some action from government policy makers would allay investor fears .</text>
        <arg f="" n="0">some action from government policy makers</arg>
        <arg f="MOD" n="M">would</arg>
        <rel f="">allay</rel>
        <arg f="" n="1">investor fears</arg>
      </example>
    </roleset>
  </predicate>
</frameset>
