<!DOCTYPE frameset SYSTEM "frameset.dtd">
<frameset>
  <predicate lemma="allergic">
    <roleset id="allergic.01" name="allergic">
      <aliases>
        <alias framenet="" pos="j" verbnet="">allergic</alias>
      </aliases>
      <note>ALLERGIC-J NOTES: (from allergic.01-j)</note>
      <roles>
        <role descr="sufferer, allergic one" f="PPT" n="1"/>
        <role descr="cause of allergy" f="PAG" n="2"/>
      </roles>
      <example name="disney allergy, Args 1 and 2" src="" type="">
        <text>She is allergic to pixie dust.</text>
        <rel f="">allergic</rel>
        <arg f="" n="1">She</arg>
        <arg f="" n="2">to pixie dust</arg>
      </example>
    </roleset>
  </predicate>
</frameset>
