<!DOCTYPE frameset SYSTEM "frameset.dtd">
<frameset>
  <predicate lemma="allegiant">
    <roleset id="allegiant.01" name="devoted, giving liege">
      <aliases>
        <alias framenet="" pos="j" verbnet="">allegiant</alias>
      </aliases>
      <note>ALLEGIANT-J NOTES: Added by Julia based on BOLT-7. (from allegiant.01-j)</note>
      <roles>
        <role descr="devoted entity" f="pag" n="1"/>
        <role descr="devoted to" f="gol" n="2"/>
      </roles>
      <example name="both args" src="BOLT-7" type="">
        <inflection aspect="ns" form="ns" person="ns" tense="ns" voice="ns"/>
        <text>That is to say , the existing political mechanism of Syria allows Bashar to basically have a secure position , besides the tightly organized Arab Socialist Ba'ath Party being totally docile , subservient and obedient to Bashar , the existing army are largely allegiant to Syria 's current regime ,</text>
        <arg f="adv" n="m">besides the tightly organized Arab Socialist Ba'ath Party being totally docile, subservient and obedient to Bashar</arg>
        <arg f="" n="1">the existings army</arg>
        <arg f="ext" n="m">largely</arg>
        <rel f="">allegiant</rel>
        <arg f="" n="2">to Syria's current regime</arg>
      </example>
    </roleset>
  </predicate>
</frameset>
