<!DOCTYPE frameset SYSTEM "frameset.dtd">
<frameset>
  <predicate lemma="allege">
    <roleset id="allege.01" name="say without proof">
      <aliases>
        <alias framenet="" pos="n" verbnet="">allegation</alias>
        <alias framenet="" pos="l" verbnet="">make_allegation</alias>
        <alias framenet="Statement" pos="v" verbnet="">allege</alias>
      </aliases>
      <note>ALLEGE-V NOTES: Verbnet entry say-37.7. Framenet entry Statement. Comparison with verbs of saying. (from allege.01-v)</note>
      <note>ALLEGATION-N NOTES: Roleset based on verb entry allege.01, OntoNotes grouping allegation-n senses 1&amp; 2; maps to VN class say-37.7. Framed by Claire. (from allegation.01-n)</note>
      <roles>
        <note>Verb entry lacks arg3 "against" argument, but it seems useful in disambiguating from hearer, which is also potentially equivalent to an argm-GOL argument. (from allegation.01-n)</note>
        <role descr="speaker, alleger" f="pag" n="0">
          <vnrole vncls="37.7" vntheta="agent"/>
        </role>
        <role descr="utterance, allegation" f="ppt" n="1">
          <vnrole vncls="37.7" vntheta="topic"/>
        </role>
        <role descr="hearer" f="gol" n="2">
          <vnrole vncls="37.7" vntheta="recipient"/>
        </role>
        <role descr="person against whom something is alleged" f="vsp" n="3"/>
      </roles>
      <example name="no hearer" src="" type="">
        <inflection aspect="ns" form="full" person="third" tense="present" voice="active"/>
        <text>The complaint alleges that the price is ``unfair and grossly inadequate''</text>
        <arg f="" n="0">The complaint</arg>
        <rel f="">alleges</rel>
        <arg f="" n="1">that the price is ``unfair and grossly inadequate''</arg>
      </example>
      <example name="with hearer" src="" type="">
        <inflection aspect="ns" form="full" person="ns" tense="past" voice="active"/>
        <text>John alleged to Mary that he was wearing no underwear.</text>
        <arg f="" n="0">John</arg>
        <rel f="">alleged</rel>
        <arg f="" n="2">to Mary</arg>
        <arg f="" n="1">that he was wearing no underwear</arg>
      </example>
      <example name="NP only, Args 0 &amp; 1" src="NomBank Frames" type="">
        <text>their allegations of the war 's `` immorality</text>
        <arg f="" n="0">their</arg>
        <rel f="">allegations</rel>
        <arg f="" n="1">of the war 's `` immorality</arg>
      </example>
      <example name="Arg 1 only" src="NomBank Frames" type="">
        <text>A separate inquiry by Chemical cleared Mr. Edelson of allegationsthat he had been lavishly entertained by a New York money broker.</text>
        <rel f="">allegations</rel>
        <arg f="" n="1">that he had been lavishly entertained by a New York money broker</arg>
      </example>
      <example name="Args 1, 3, and MNR" src="ON sense 1" type="">
        <inflection aspect="ns" form="ns" person="ns" tense="ns" voice="ns"/>
        <text>The congressional committee has not yet made formal allegations of corruption against the senator.</text>
        <arg f="mnr" n="m">formal</arg>
        <rel f="">allegations</rel>
        <arg f="" n="1">of corruption</arg>
        <arg f="" n="3">against the senator</arg>
      </example>
      <example name="Args 0, 1, MNR" src="ON sense 2" type="">
        <inflection aspect="ns" form="ns" person="ns" tense="ns" voice="ns"/>
        <text>There were vague allegations of misconduct by some member of his staff.</text>
        <arg f="mnr" n="m">vague</arg>
        <rel f="">allegations</rel>
        <arg f="" n="1">of misconduct</arg>
        <arg f="" n="0">by some member of his staff</arg>
      </example>
      <example name="Args 0 &amp; 2" src="web" type="">
        <inflection aspect="ns" form="ns" person="ns" tense="ns" voice="ns"/>
        <text>The "victim" officially recanted (took back) her allegation to the Sheriff's Department, saying she made the whole thing up.</text>
        <arg f="" n="0">her</arg>
        <rel f="">allegation</rel>
        <arg f="" n="2">to the Sheriff's Department</arg>
      </example>
    </roleset>
  </predicate>
</frameset>
