<!DOCTYPE frameset SYSTEM "frameset.dtd">
<frameset>
  <predicate lemma="alleviate">
    <roleset id="alleviate.01" name="to make (pain, problems) less severe, making some problem less severe">
      <aliases>
        <alias framenet="" pos="n" verbnet="">alleviation</alias>
        <alias framenet="Cure" pos="v" verbnet="">alleviate</alias>
      </aliases>
      <note>ALLEVIATE-V NOTES: Member of Vncls free-80. (from alleviate.01-v)</note>
      <note>ALLEVIATION-N NOTES: (from alleviation.01-n)</note>
      <roles>
        <role descr="agent, causer" f="CAU" n="0">
          <vnrole vncls="80" vntheta="Cause"/>
        </role>
        <role descr="problems" f="PPT" n="1">
          <vnrole vncls="80" vntheta="Theme"/>
        </role>
      </roles>
      <example name="inanimate causer" src="" type="">
        <inflection aspect="ns" form="full" person="ns" tense="present" voice="active"/>
        <text>Barge rates on the Mississippi River sank yesterday on speculation that widespread rain [*ICH*-3] this week in the Midwest might temporarily alleviate the situation .</text>
        <arg f="" n="0">widespread rain [*ICH*-3]</arg>
        <arg f="tmp" n="m">this week</arg>
        <arg f="loc" n="m">in the Midwest</arg>
        <arg f="mod" n="m">might</arg>
        <arg f="tmp" n="m">temporarily</arg>
        <rel f="">alleviate</rel>
        <arg f="" n="1">the situation</arg>
      </example>
      <example name="agentive" src="" type="">
        <inflection aspect="ns" form="infinitive" person="ns" tense="ns" voice="active"/>
        <text>[American Telephone&amp; Telegraph Co. , MCI Communications Inc. and United Telecommunications ' U S Sprint unit]*-1 were blocking phone calls into the Bay area [*-1] to alleviate congestion .</text>
        <arg f="" n="0">[*-1]</arg>
        <rel f="">alleviate</rel>
        <arg f="" n="1">congestion</arg>
      </example>
    </roleset>
  </predicate>
</frameset>
