<!DOCTYPE frameset SYSTEM "frameset.dtd">
<frameset>
  <predicate lemma="alligator">
    <roleset id="alligator.01" name="make rough (to resemble the hide of an alligator)">
      <aliases>
        <alias framenet="" pos="v" verbnet="">alligator</alias>
      </aliases>
      <note>ALLIGATOR-V NOTES: Framed by Neville. (from alligator.01-v)</note>
      <roles>
        <role descr="alligatorer, Agent" f="PAG" n="0"/>
        <role descr="thing made scaly, Patient" f="PPT" n="1"/>
      </roles>
      <example name="past participal used in adjectival sense" src="" type="">
        <inflection aspect="ns" form="participle" person="ns" tense="past" voice="ns"/>
        <text>The wood was old, [the paint]-1 alligatored *trace*-1.</text>
        <rel f="">alligatored</rel>
        <arg f="" n="1">*trace*-1 (= the paint)</arg>
      </example>
    </roleset>
  </predicate>
</frameset>
