<!DOCTYPE frameset SYSTEM "frameset.dtd">
<frameset>
  <predicate lemma="allocate">
    <roleset id="allocate.01" name="give to, donate">
      <aliases>
        <alias framenet="" pos="n" verbnet="">allocation</alias>
        <alias framenet="" pos="v" verbnet="">allocate</alias>
      </aliases>
      <note>ALLOCATE-V NOTES: Frames file for 'allocate' based on sentence in financial subcorpus. Verbnet class future_having-13.3, other framed members include 'grant' and 'yield'. (from allocate.01-v predicate notes)</note>
      <note>ALLOCATION-N NOTES: Roleset based on verb entry allocate.01, OntoNotes grouping allocation-n senses 1,2&amp; 3; maps to VN class future_having-13.3. Framed by Claire. (from allocation.01-n)</note>
      <roles>
        <role descr="granter" f="PAG" n="0">
          <vnrole vncls="13.3" vntheta="Agent"/>
        </role>
        <role descr="thing granted" f="PPT" n="1">
          <vnrole vncls="13.3" vntheta="Theme"/>
        </role>
        <role descr="benefactive, granted-to" f="GOL" n="2">
          <vnrole vncls="13.3" vntheta="Goal"/>
        </role>
      </roles>
      <example name="passivized" src="" type="">
        <text>[About $490 million of that]-1 would be *trace*-1 allocated to the buy-back, leaving about $130 million, he said.</text>
        <arg f="mod" n="m">would</arg>
        <rel f="">allocated</rel>
        <arg f="" n="1">*trace*-1</arg>
        <arg f="" n="2">to the buy-back</arg>
        <arg f="adv" n="m">leaving about $ 130 million</arg>
      </example>
      <example name="NP only, all arguments" src="NomBank Frames" type="">
        <text>our asset allocation in foreign equities</text>
        <arg f="" n="0">our</arg>
        <arg f="" n="1">asset</arg>
        <rel f="">allocation</rel>
        <arg f="" n="2">in foreign equities</arg>
      </example>
      <example name="NP only, Args 1 &amp; 2" src="NomBank Frames" type="">
        <text>credit allocations for the Federal Housing Administration</text>
        <arg f="" n="1">credit</arg>
        <rel f="">allocations</rel>
        <arg f="" n="2">for the Federal Housing Administration</arg>
      </example>
      <example name="Args 1 &amp; 2" src="ON sense 1" type="">
        <inflection aspect="ns" form="ns" person="ns" tense="ns" voice="ns"/>
        <text>Each family in need will receive their allocation of welfare funds.</text>
        <arg f="" n="2">their</arg>
        <rel f="">allocation</rel>
        <arg f="" n="1">of welfare funds</arg>
      </example>
      <example name="Args 1 &amp; 2" src="ON sense 2" type="">
        <inflection aspect="ns" form="ns" person="ns" tense="ns" voice="ns"/>
        <text>Within a few minutes, I had finished the allocation of resources among the Trustees.</text>
        <rel f="">allocation</rel>
        <arg f="" n="1">of resources</arg>
        <arg f="" n="2">among trustees</arg>
      </example>
    </roleset>
  </predicate>
</frameset>
