<!DOCTYPE frameset SYSTEM "frameset.dtd">
<frameset>
  <predicate lemma="allow">
    <roleset id="allow.01" name="let">
      <aliases>
        <alias framenet="Grant_permission Permitting" pos="v" verbnet="">allow</alias>
        <alias framenet="Grant_permission Permitting" pos="n" verbnet="">allowance</alias>
        <alias framenet="" pos="l" verbnet="">make_allowance</alias>
      </aliases>
      
      
      <roles>
        <role descr="allower" f="pag" n="0">
          <vnrole vncls="64.3" vntheta="agent"/>
          <vnrole vncls="64.1-1" vntheta="agent"/>
          
        </role>
        <role descr="action allowed" f="ppt" n="1">
          
          
          <vnrole vncls="64.1-1" vntheta="theme"/>
          <vnrole vncls="64.3" vntheta="theme"/>
          
        </role>
      </roles>
      <example name="allowed NP" src="" type="">
        <text>Two New England states will allow broader interstate banking.</text>
        <arg f="" n="0">Two New England states</arg>
        <arg f="mod" n="m">will</arg>
        <rel f="">allow</rel>
        <arg f="" n="1">broader interstate banking</arg>
      </example>
      <example name="allowed S" src="" type="">
        <text>The reforms allow the Big Board to halt trading for one hour.</text>
        <arg f="" n="0">The reforms</arg>
        <rel f="">allow</rel>
        <arg f="" n="1">the Big Board to halt trading for one hour</arg>
      </example>
      <example name="allowed S with passive-extraction, with concatenation" src="" type="">
        <text>[Brazilian growers]-1 won't be allowed *trace*-1 to export sugar during the current 1989-1990 season.</text>
        <arg f="mod" n="m">wo</arg>
        <arg f="neg" n="m">n't</arg>
        <rel f="">allowed</rel>
        <arg f="" n="1">[Brazilian growers]-1 [*trace*-1 to export sugar during the current 1989-1990 season.]</arg>
      </example>
      <example name="allowed for NP" src="" type="">
        <text>Depreciation would allow for the gradual wearing our of french friers.</text>
        <arg f="" n="0">Depreciation</arg>
        <arg f="mod" n="m">would</arg>
        <rel f="">allow</rel>
        <arg f="" n="1">for the gradual wearing out of french friers</arg>
      </example>
      <example name="Within LVC" src="nouns-lv" type="">
        <text>You-1 have to *-1 make allowance for the weather.</text>
        <arg f="" n="0">*-1</arg>
        <arg f="lvb" n="m">make</arg>
        <rel f="">allowance</rel>
        <arg f="" n="1">for the weather</arg>
      </example>
    
<note>ALLOW-V NOTES: VN updated by Julia. Member of Vncls admit-64.3, allow-64-1-1 (from allow.01-v)

ALLOWANCE-N NOTES: Roleset based on instances in nouns-lv. Framed by Claire. Based on verb frame allow.01. (from allowance.01-n)</note>
</roleset>
    <roleset id="allow.02" name="allocate">
      <aliases>
        <alias framenet="" pos="v" verbnet="13.3-1">allow</alias>
        <alias framenet="-" pos="n" verbnet="-">allowance</alias>
      </aliases>
      
      <roles>
        <role descr="allocator" f="pag" n="0">
<vnrole vncls="13.3-1" vntheta="agent"/>
</role>
        <role descr="thing allocated (us. time)" f="ppt" n="1">
<vnrole vncls="13.3-1" vntheta="theme"/>
</role>
        <role descr="to some task" f="gol" n="2">
<vnrole vncls="13.3-1" vntheta="goal"/>
<vnrole vncls="13.3-1" vntheta="beneficiary"/>
</role>
      </roles>
      <example name="thrash out, man" src="" type="">
        <inflection aspect="perfect" form="participle" person="third" tense="present" voice="active"/>
        <text>So far, neither the Bush administration nor arms-control experts in Congress seem moved by arguments that these problems may take [ more time]-2 *trace* to thrash out than President Bush has allowed *trace*-2.</text>
        <arg f="" n="0">President Bush</arg>
        <rel f="">allowed</rel>
        <arg f="" n="1">*trace*-2</arg>
      </example>
      <example name="all args, with additional benefactive" src="internet" type="-">
        <inflection aspect="perfect" form="participle" person="third" tense="past" voice="active"/>
        <text>The courts had allowed him three hours *trace* to photograph the reconstructed plane and other debris from the crash</text>
        <arg f="" n="0">The courts</arg>
        <rel f="">allowed</rel>
        <arg f="gol" n="m">him</arg>
        <arg f="" n="1">three hours</arg>
        <arg f="" n="2">*trace* to photograph the reconstructed plane and other debris from the crash</arg>
      </example>
    
<note>ALLOW-V NOTES: VN updated by Julia. No VNcls. (from allow.02-v)</note>
</roleset>
    <roleset id="allow.03" name="admit truth of proposition">
      <aliases>
        <alias framenet="" pos="v" verbnet="">allow</alias>
      </aliases>
      
      <roles>
        <role descr="admitter" f="pag" n="0">
          <vnrole vncls="29.5-1" vntheta="agent"/>
        </role>
        <role descr="true proposition" f="ppt" n="1">
          <vnrole vncls="29.5-1" vntheta="theme"/>
          <vnrole vncls="29.5-1" vntheta="predicate"/>
        </role>
      </roles>
      <example name="allowed S-BAR, essentially agree or say" src="" type="">
        <text>Editorials in the Greenville newspaper allowed that Mrs. Yeargin was wrong.</text>
        <arg f="" n="0">Editorials in the Greenville newspaper</arg>
        <rel f="">allowed</rel>
        <arg f="" n="1">that Mrs. Yeargin was wrong.</arg>
      </example>
    
<note>ALLOW-V NOTES: VN updated by Julia. Member of Vncls conjecture-29.5-1. (from allow.03-v)</note>
</roleset>
  </predicate>
  <predicate lemma="allowable">
    <roleset id="allowable.04" name="permissable">
      <aliases>
        <alias framenet="" pos="j" verbnet="">allowable</alias>
      </aliases>
      
      <roles>
        <role descr="allower" f="pag" n="0"/>
        <role descr="action allowed (may require concatenation)" f="ppt" n="1"/>
      </roles>
      <example name="concatenated arg1" src="BOLT-7" type="">
        <inflection aspect="ns" form="ns" person="ns" tense="ns" voice="ns"/>
        <text>Yesterday , an athlete wrote in his microblog : " today the State Administration of Sports released a notice forbidding athletes to eat pork ; even mutton and beef were not allowable to eat outside -- only chicken and fish are okay to eat .</text>
        <arg f="" n="1">[even mutton and beef] [to eat outside]</arg>
        <arg f="neg" n="m">not</arg>
        <rel f="">allowable</rel>
      </example>
    
<note>ALLOWABLE-J NOTES: Added by Julia based on BOLT-7. Relation to 'allow.01'. (from allowable.01-j)</note>
</roleset>
  </predicate>
</frameset>
