<!DOCTYPE frameset SYSTEM "frameset.dtd">
<frameset>
  <predicate lemma="allot">
    <roleset id="allot.01" name="give to, allow to have">
      <aliases>
        <alias framenet="" pos="n" verbnet="">allotment</alias>
        <alias framenet="" pos="v" verbnet="">allot</alias>
      </aliases>
      <note>ALLOT-V NOTES: Frame created by Arrick (from allot.01-v)</note>
      <note>ALLOTMENT-N NOTES: Automatically created by Julia as an alias file for unification. (from allotment.01-n)</note>
      <roles>
        <role descr="giver" f="PAG" n="0">
          <vnrole vncls="13.3" vntheta="Agent"/>
        </role>
        <role descr="thing alloted" f="PPT" n="1">
          <vnrole vncls="13.3" vntheta="Theme"/>
        </role>
        <role descr="benefactive, allotted-to" f="GOL" n="2">
          <vnrole vncls="13.3" vntheta="Goal"/>
        </role>
      </roles>
      <example name="time" src="" type="">
        <text>In order * to fill up the growing time allotted to news in this new era, television stations have been raiding newspapers for employees.</text>
        <rel f="">allotted</rel>
        <arg f="" n="1">*trace* -&gt; the growing time</arg>
        <arg f="" n="2">to news crews</arg>
        <arg f="TMP" n="M">in this news era</arg>
      </example>
    </roleset>
  </predicate>
</frameset>
