<!DOCTYPE frameset SYSTEM "frameset.dtd">
<frameset>
  <predicate lemma="allude">
    <roleset id="allude.01" name="to make an indirect reference">
      <aliases>
        <alias framenet="" pos="v" verbnet="">allude</alias>
      </aliases>
      <note>ALLUDE-V NOTES: Frames file for 'allude' based on survey of sentences in the WSJ corpus. (from allude.01-v predicate notes)</note>
      <roles>
        <role descr="alluder, agent" f="PAG" n="0"/>
        <role descr="entity alluded to" f="PPT" n="1"/>
      </roles>
      <example name="with adverbials" src="" type="">
        <inflection aspect="ns" form="full" person="ns" tense="past" voice="active"/>
        <text>Mobil alluded to the work-force cuts last week when it took a $ 40 million [*U*] charge as part of its third-quarter earnings and attributed it to a restructuring .</text>
        <arg f="" n="0">Mobil</arg>
        <rel f="">alluded</rel>
        <arg f="" n="1">to the work-force cuts</arg>
        <arg f="TMP" n="M">last week</arg>
        <arg f="TMP" n="M">when it took a $ 40 million [*U*] charge as part of its third-quarter earnings and attributed it to a restructuring</arg>
      </example>
    </roleset>
  </predicate>
</frameset>
