<!DOCTYPE frameset SYSTEM "frameset.dtd">
<frameset>
  <predicate lemma="allure">
    <roleset id="allure.01" name="to attract or tempt by something flattering   or desirable">
      <aliases>
        <alias framenet="" pos="v" verbnet="">allure</alias>
      </aliases>
      <note>ALLURE-V NOTES: Based on ditionary.com. Frame by Perryn. Member of Vncls force-59-1. (from allure.01-v)</note>
      <roles>
        <role descr="allurer, agent" f="PAG" n="0">
          <vnrole vncls="59-1" vntheta="Agent"/>
        </role>
        <role descr="allured thing(s) or person" f="PPT" n="1">
          <vnrole vncls="59-1" vntheta="Patient"/>
        </role>
        <role descr="allured with, behavior or thing" f="PRD" n="2">
          <vnrole vncls="59-1" vntheta="Result"/>
        </role>
      </roles>
      <example name="come hither" src="" type="">
        <text>Mary allured John with her famous chocolate cake.</text>
        <arg f="" n="0">Mary</arg>
        <rel f="">alllured</rel>
        <arg f="" n="1">John</arg>
        <arg f="" n="2">with her famous chocolate cake</arg>
      </example>
    </roleset>
  </predicate>
</frameset>
