<!DOCTYPE frameset SYSTEM "frameset.dtd">
<frameset>
  <predicate lemma="ally">
    <roleset id="ally.01" name="to unite or connect, ">
      <aliases>
        <alias framenet="" pos="v" verbnet="">ally</alias>
        <alias framenet="" pos="n" verbnet="">alliance</alias>
      </aliases>
      <note>ALLY-V NOTES: Frames file for 'ally' based on survey of sentences in the WSJ corpus. (from ally.01-v predicate notes)</note>
      <note>ALLIANCE-N NOTES: (from alliance.01-n)</note>
      <roles>
        <role descr="agent, causer" f="PAG" n="0">
          <vnrole vncls="71" vntheta="Agent"/>
        </role>
        <role descr="entity united" f="PPT" n="1"/>
        <role descr="entity united with" f="COM" n="2">
          <vnrole vncls="71" vntheta="co-agent"/>
        </role>
      </roles>
      <example name="all arguments" src="" type="">
        <inflection aspect="ns" form="full" person="ns" tense="present" voice="active"/>
        <text>Perhaps even more offensive is [*T*-1] the statement , `` It is surprising that George Bush and the White House inner circle would ally themselves with this crabby philosophy . ''</text>
        <arg f="" n="0">George Bush and the White House inner circle</arg>
        <arg f="mod" n="m">would</arg>
        <rel f="">ally</rel>
        <arg f="" n="1">themselves</arg>
        <arg f="" n="2">with this crabby philosophy</arg>
      </example>
    </roleset>
  </predicate>
</frameset>
