<!DOCTYPE frameset SYSTEM "frameset.dtd">
<frameset>
  <predicate lemma="alone">
    <roleset id="alone.01" name="isolated, unaccompanied, unique">
      <aliases>
        <alias framenet="Accompaniment" pos="j" verbnet="">alone</alias>
      </aliases>
      <note>ALONE-J NOTES: Added by Julia based on BOLT-4,5. (from alone.01-j)</note>
      <roles>
        <role descr="loner" f="pag" n="1"/>
        <role descr="domain in which arg1 is unique" f="ppt" n="2"/>
      </roles>
      <example name="alone-j: both args" src="BOLT-4,5" type="">
        <inflection aspect="ns" form="ns" person="ns" tense="ns" voice="ns"/>
        <text>It 's frustrating , you 're not alone in feeling the way you do .</text>
        <arg f="" n="1">you</arg>
        <arg f="neg" n="m">not</arg>
        <rel f="">alone</rel>
        <arg f="" n="2">in feeling the way you do</arg>
      </example>
    </roleset>
  </predicate>
</frameset>
