<!DOCTYPE frameset SYSTEM "frameset.dtd">
<frameset>
  <predicate lemma="alright">
    <roleset id="alright.01" name="ok">
      <aliases>
        <alias framenet="" pos="j" verbnet="">alright</alias>
      </aliases>
      <note>ALRIGHT-J NOTES: Added by Julia based on BOLT-6, ok.01. (from alright.01-j)</note>
      <roles>
        <role descr="entity deeming it 'alright'" f="pag" n="0"/>
        <role descr="thing that is alright" f="ppt" n="1"/>
        <role descr="who it is alright for" f="gol" n="2"/>
      </roles>
      <example name="args 0, 1" src="internet" type="">
        <inflection aspect="ns" form="ns" person="ns" tense="ns" voice="ns"/>
        <text>being a pirate is alright with me</text>
        <arg f="" n="1">being a pirate</arg>
        <rel f="">alright</rel>
        <arg f="" n="0">with me</arg>
      </example>
      <example name="args 1, 2" src="internet" type="">
        <inflection aspect="ns" form="ns" person="ns" tense="ns" voice="ns"/>
        <text>And I have some reasons why-1 dating is alright for high school students [*-1]</text>
        <arg f="" n="1">dating</arg>
        <rel f="">alright</rel>
        <arg f="" n="2">for high school students</arg>
        <arg f="cau" n="m">[*-1]</arg>
      </example>
    </roleset>
  </predicate>
</frameset>
