<!DOCTYPE frameset SYSTEM "frameset.dtd">
<frameset>
  <predicate lemma="alternate">
    <roleset id="alternate.01" name="switch between   two possibilities">
      <aliases>
        <alias framenet="" pos="v" verbnet="">alternate</alias>
        <alias framenet="" pos="n" verbnet="">alternation</alias>
      </aliases>
      <note>ALTERNATE-V NOTES: Based on WSJ. VN updated by Julia. Member of VNcls amalgamate-22.2-2-1, correlate-86.1. (from alternate.01-v)</note>
      <note>ALTERNATION-N NOTES: (from alternation.01-n)</note>
      <roles>
        <role descr="causer of switch" f="PAG" n="0">
          <vnrole vncls="22.2-2-1" vntheta="Agent"/>
          <vnrole vncls="86.1" vntheta="Agent"/>
        </role>
        <role descr="first or all things switching" f="ppt" n="1">
          <vnrole vncls="22.2-2-1" vntheta="Patient"/>
          <vnrole vncls="86.1" vntheta="Theme"/>
        </role>
        <role descr="secondary possibilities" f="ppt" n="2">
          <vnrole vncls="22.2-2-1" vntheta="co-patient"/>
          <vnrole vncls="86.1" vntheta="co-theme"/>
        </role>
      </roles>
      <example name="agentive, merged possibilities" src="" type="">
        <inflection aspect="progressive" form="participle" person="ns" tense="ns" voice="active"/>
        <text>[The two leaders]-1 will meet on Dec. 2 and 3, *trace*-1 alternating the two days of meetings between a U.S. and a Soviet naval vessel in the Mediterranean Sea.</text>
        <arg f="" n="0">*trace*-1</arg>
        <rel f="">alternating</rel>
        <arg f="" n="1">the two days of meetings</arg>
        <arg f="" n="2">between a U.S. and a Soviet naval vessel in the Mediterranean Sea</arg>
      </example>
      <example name="this isn't even a verb!" src="" type="">
        <inflection aspect="ns" form="gerund" person="ns" tense="present" voice="active"/>
        <text>``Communism will reach its final stage of development in a feckless Russo -- corporation-socialist in form, nationalistic in content and Oriental in style -- that will puzzle the world with alternating feats of realism and recklessness...''</text>
        <rel f="">alternating</rel>
        <arg f="" n="1">feats of realism and recklessness</arg>
      </example>
      <example name="Arg0,1" src="" type="">
        <inflection aspect="ns" form="ns" person="ns" tense="ns" voice="ns"/>
        <text>The Strongyloides life cycle is more complex than that of most nematodes with its alternation between free-living and parasitic cycles, and its potential for autoinfection and mulitplication within the host.</text>
        <arg f="" n="0">its</arg>
        <rel f="">alternation</rel>
        <arg f="" n="1">between free-living and parasitic life cycles</arg>
      </example>
    </roleset>
  </predicate>
</frameset>
