<!DOCTYPE frameset SYSTEM "frameset.dtd">
<frameset>
  <predicate lemma="alter">
    <roleset id="alter.01" name="transform">
      <aliases>
        <alias framenet="Cause_change" pos="v" verbnet="">alter</alias>
        <alias framenet="" pos="n" verbnet="">alteration</alias>
      </aliases>
      <note>ALTER-V NOTES: Verbnet entries other_cos-45.4 turn-26.6.1, other framed members include decrease, halt, narrow, shut, slow, sweeten, weaken; convert. Comparison to 'change'. (from alter.01-v)</note>
      <note>ALTERATION-N NOTES: (from alteration.01-n)</note>
      <roles>
        <note>I actually doubt start and end points will occur, but there they are anyway. (from alter.01-v)</note>
        <role descr="causer of transformation" f="PAG" n="0">
          <vnrole vncls="26.6.1" vntheta="Agent"/>
          <vnrole vncls="45.4" vntheta="Agent"/>
        </role>
        <role descr="thing changing" f="PPT" n="1">
          <vnrole vncls="26.6.1" vntheta="Patient"/>
          <vnrole vncls="45.4" vntheta="Patient"/>
        </role>
        <role descr="end state" f="PRD" n="2">
          <vnrole vncls="26.6.1" vntheta="Result"/>
        </role>
        <role descr="start state" f="VSP" n="3">
          <vnrole vncls="26.6.1" vntheta="Material"/>
        </role>
      </roles>
      <example name="just transitive" src="" type="">
        <text>But although the golden share has been waived, [a hostile bidder for Jaguar]-1 would still have *trace*-1 to alter the British concern's articles of association which ban shareholdings of more than 15%.</text>
        <arg f="" n="0">*trace*-1</arg>
        <rel f="">alter</rel>
        <arg f="" n="1">the British concern's articles of association which ban shareholdings of more than 15%</arg>
      </example>
      <example name="with start and end points" src="" type="">
        <text>John's dismal performance on the spelling exam altered him from a happy-go-lucky student to a bitter enraged punk.</text>
        <arg f="" n="0">John's dismal performance on the spelling exam</arg>
        <rel f="">altered</rel>
        <arg f="" n="1">him</arg>
        <arg f="" n="3">from a happy-go-lucky student</arg>
        <arg f="" n="2">to a bitter enraged punk</arg>
      </example>
      <example name="Arg0,1" src="" type="">
        <inflection aspect="ns" form="ns" person="ns" tense="ns" voice="ns"/>
        <text>His alteration of the will is invalid but what effect does it have?</text>
        <arg f="" n="0">His</arg>
        <rel f="">alteration</rel>
        <arg f="" n="1">of the will</arg>
      </example>
    </roleset>
  </predicate>
</frameset>
