<!DOCTYPE frameset SYSTEM "frameset.dtd">
<frameset>
  <predicate lemma="altercation">
    <roleset id="altercation.01" name="hostile encounter, quarrel">
      <aliases>
        <alias framenet="Hostile_encounter Quarreling" pos="n" verbnet="">altercation</alias>
      </aliases>
      <note>ALTERCATION-N NOTES: Added by Julia based on BOLT-6, comparison with 'battle'. (from altercation.01-n)</note>
      <roles>
        <role descr="first participant" f="pag" n="0"/>
        <role descr="second participant" f="com" n="1"/>
        <role descr="spoils, over what?" f="ppt" n="2"/>
      </roles>
      <example name="args 0, 1" src="internet" type="">
        <inflection aspect="ns" form="ns" person="ns" tense="ns" voice="ns"/>
        <text>Ramos claims that his altercation with Yeezy left him on crutches for two weeks.</text>
        <arg f="" n="0">his</arg>
        <rel f="">altercation</rel>
        <arg f="" n="1">with Yeezy</arg>
      </example>
    </roleset>
  </predicate>
</frameset>
