<!DOCTYPE frameset SYSTEM "frameset.dtd">
<frameset>
  <predicate lemma="amalgamate">
    <roleset id="amalgamate.01" name="mix, combine">
      <aliases>
        <alias framenet="Cause_to_amalgamate Amalgamation" pos="v" verbnet="">amalgamate</alias>
        <alias framenet="" pos="n" verbnet="">amalgamation</alias>
      </aliases>
      <note>AMALGAMATE-V NOTES: Member of Vncls amalgamate-22.2-1-1, mix-22.1-1-1. (from amalgamate.01-v)</note>
      <note>AMALGAMATION-N NOTES: Roleset based on instances in BOLT-P01, nouns parts 1&amp; 2. Maps to verb amalgamate.01, which is member of Vncls amalgamate-22.2-1-1, mix-22.1-1-1. Noun has no FN entry. (from amalgamation.01-n)</note>
      <roles>
        <role descr="mixer, agent" f="PAG" n="0">
          <vnrole vncls="22.2-1-1" vntheta="Agent"/>
          <vnrole vncls="22.1-1-1" vntheta="Agent"/>
        </role>
        <role descr="ingredient(s)" f="PPT" n="1">
          <vnrole vncls="22.2-1-1" vntheta="Patient"/>
          <vnrole vncls="22.1-1-1" vntheta="Patient"/>
        </role>
      </roles>
      <example name="big verb, little example" src="" type="">
        <inflection aspect="ns" form="infinitive" person="ns" tense="ns" voice="ns"/>
        <text>Northgate Exploration Ltd. said [it]*-1 is proposing [*-1]to amalgamate four of its associated companies.</text>
        <arg f="" n="0">[*-1]</arg>
        <rel f="">amalgamate</rel>
        <arg f="" n="1">four of its associated companies</arg>
      </example>
      <example name="Arg1 only" src="BOLT-P01-parts 1 &amp; 2" type="">
        <inflection aspect="ns" form="infinitive" person="ns" tense="ns" voice="ns"/>
        <text>The Scots themselves are an amalgamation of different peoples , Picts , Britons , Gaels , Norse and even Anglo - Saxons .</text>
        <rel f="">amalgamation</rel>
        <arg f="" n="1">of different peoples, Picts , Britons , Gaels , Norse and even Anglo - Saxons .</arg>
      </example>
      <example name="Both args" src="web" type="">
        <inflection aspect="ns" form="ns" person="ns" tense="ns" voice="ns"/>
        <text>The women of Luscious Jackson hope that this time around, the time is right for their amalgamation of pop sounds.</text>
        <arg f="" n="0">their</arg>
        <rel f="">amalgamation</rel>
        <arg f="" n="1">of pop sounds</arg>
      </example>
    </roleset>
  </predicate>
</frameset>
