<!DOCTYPE frameset SYSTEM "frameset.dtd">
<frameset>
  <predicate lemma="amass">
    <roleset id="amass.01" name="accumulate">
      <aliases>
        <alias framenet="Amassing Gathering_up" pos="v" verbnet="">amass</alias>
      </aliases>
      <note>AMASS-V NOTES: Member of Vncls herd-47.5.2. (from amass.01-v)</note>
      <roles>
        <note>If other purchase args show up (seller, etc) cf the purchase verb frame. (from amass.01-v)</note>
        <role descr="entity accumulating something" f="pag" n="0">
          <vnrole vncls="47.5.2" vntheta="agent"/>
        </role>
        <role descr="thing/stuff accumulated" f="ppt" n="1">
          <vnrole vncls="47.5.2" vntheta="theme"/>
        </role>
        <role descr="price" f="vsp" n="3"/>
      </roles>
      <example name="typical usage" src="" type="">
        <text>Even with mutual funds, the little investor continues to tolerate high fees, high commissions and poor performance, while index-fund managers slowly amass a better record with lower fees, lower commissions and less risk.</text>
        <arg f="" n="0">index-fund managers</arg>
        <arg f="mnr" n="m">slowly</arg>
        <rel f="">amass</rel>
        <arg f="" n="1">a better record with lower fees, lower commissions and less risk</arg>
      </example>
      <example name="atypical usage: purchase" src="" type="">
        <text>In an international buying spree that began barely two years ago, Mr. Paul amassed a collection of about 30 pre-18th-century works, including the Preti, at a total cost of $28 million.</text>
        <arg f="loc" n="m">In an international buying spree that began barely two years ago</arg>
        <arg f="" n="0">Mr. Paul</arg>
        <rel f="">amassed</rel>
        <arg f="" n="1">a collection of about 30 pre-18th-century works, including the Preti</arg>
        <arg f="" n="3">at a total cost of $28 million</arg>
      </example>
    </roleset>
  </predicate>
</frameset>
