<!DOCTYPE frameset SYSTEM "frameset.dtd">
<frameset>
  <predicate lemma="amaze">
    <roleset id="amaze.01" name="cause astonishment">
      <aliases>
        <alias framenet="Experiencer_obj" pos="j" verbnet="">amazing</alias>
        <alias framenet="Experiencer_obj" pos="v" verbnet="">amaze</alias>
        <alias framenet="Experiencer_obj" pos="j" verbnet="">amazed</alias>
      </aliases>
      <note>AMAZE-V NOTES: Member of Vncls amuse-31.1. cf frustrate. (from amaze.01-v)</note>
      <note>AMAZING-J NOTES: Roleset based on instances in BOLT P01, parts 2,3, amaze-v.01. Framed by Claire. Member of Vncls amuse-31.1. cf frustrate. (from amazing.01-j)</note>
      <note>AMAZED-J NOTES: Roleset based on instances in BOLT P01, parts 2,3, amaze-v.01. Framed by Claire. Member of Vncls amuse-31.1. cf frustrate. (from amazed.01-j)</note>
      <roles>
        <role descr="causer of amazement" f="pag" n="0">
          <vnrole vncls="31.1" vntheta="stimulus"/>
        </role>
        <role descr="amazed entity" f="ppt" n="1">
          <vnrole vncls="31.1" vntheta="experiencer"/>
        </role>
      </roles>
      <example name="nice easy transitive" src="" type="">
        <inflection aspect="ns" form="infinitive" person="ns" tense="ns" voice="ns"/>
        <text>Then [the Gutfreunds]-1 determined to put up a 22-foot Christmas tree, weighing a quarter of a ton, *trace*-1 to amaze their holiday guests.</text>
        <arg f="" n="0">*trace*-1</arg>
        <rel f="">amaze</rel>
        <arg f="" n="1">their holiday guests</arg>
      </example>
      <example name="it-cleft" src="" type="">
        <inflection aspect="ns" form="infinitive" person="ns" tense="ns" voice="ns"/>
        <text>It never ceases *trace*-2 to amaze me [how the business world continues to trivialize the world's environmental problems]-2 (``Is Science, or Private Gain, Driving Ozone Policy?'' by George Melloan, Business World, Oct. 24).</text>
        <arg f="" n="0">*trace*-2</arg>
        <rel f="">amaze</rel>
        <arg f="" n="1">me</arg>
      </example>
      <example name="predicative agent?" src="" type="">
        <inflection aspect="ns" form="participle" person="third" tense="past" voice="passive"/>
        <text>As a Channel Islander, I-1 was amazed *trace*-1 to see my birthplace listed as one of ``86 countries with an income tax.''</text>
        <arg f="prd" n="m">As a Channel Islander</arg>
        <rel f="">amazed</rel>
        <arg f="" n="1">*trace*-1 (= I)</arg>
        <arg f="" n="0">to see my birthplace listed as one of ``86 countries with an income tax</arg>
      </example>
      <example name="with target" src="" type="">
        <inflection aspect="ns" form="participle" person="third" tense="past" voice="passive"/>
        <text>[Mary]-1 was amazed *trace*-1 at how long John could hold his breath.</text>
        <rel f="">amazed</rel>
        <arg f="" n="1">*trace*-1</arg>
        <arg f="" n="0">at how long John could hold his breath</arg>
      </example>
      <example name="Arg0 only" src="BOLT P01, parts 2,3." type="">
        <inflection aspect="ns" form="infinitive" person="ns" tense="ns" voice="ns"/>
        <text>This is amazing , the student government in my university -LRB- I m British -RRB- basically has control over things that you simply WOULD NT change .</text>
        <arg f="" n="0">This</arg>
        <rel f="">amazing</rel>
      </example>
      <example name="Extraposed subject" src="" type="">
        <inflection aspect="ns" form="infinitive" person="ns" tense="ns" voice="ns"/>
        <text>She was amazing to watch.</text>
        <arg f="" n="0">[She] , [to watch]</arg>
        <rel f="">amazing</rel>
      </example>
      <example name="With amazed entity" src="web" type="">
        <inflection aspect="ns" form="participle" person="third" tense="past" voice="passive"/>
        <text>The swallow holes story was amazing to our son.</text>
        <arg f="" n="0">The swallow holes story</arg>
        <rel f="">amazing</rel>
        <arg f="" n="1">to our son</arg>
      </example>
      <example name="It extraposition" src="" type="">
        <inflection aspect="ns" form="ns" person="ns" tense="ns" voice="ns"/>
        <text>It was amazing to watch her.</text>
        <rel f="">amazing</rel>
        <arg f="" n="0">to watch her</arg>
      </example>
      <example name="It EXP" src="BOLT P01, parts 2,3" type="">
        <inflection aspect="ns" form="infinitive" person="ns" tense="ns" voice="ns"/>
        <text>Count me in as another person who-1 *T*-1 is simply amazed that there is a student union out there with any sort of power at all .</text>
        <arg f="" n="1">*trace*-1</arg>
        <rel f="">amazed</rel>
        <arg f="" n="0">that there is a student union out there with any sort of power at all .</arg>
      </example>
    </roleset>
  </predicate>
</frameset>
