<!DOCTYPE frameset SYSTEM "frameset.dtd">
<frameset>
  <predicate lemma="ambitious">
    <roleset id="ambitious.01" name="having big plans for great success">
      <aliases>
        <alias framenet="" pos="j" verbnet="">ambitious</alias>
      </aliases>
      <note>AMBITIOUS-J NOTES: Added by Julia based on SMS. (from ambitious.01-j)</note>
      <roles>
        <role descr="entity with ambition" f="pag" n="0"/>
        <role descr="the ambition" f="ppt" n="1"/>
      </roles>
      <example name="arg1" src="SMS" type="">
        <inflection aspect="ns" form="ns" person="ns" tense="ns" voice="ns"/>
        <text>No running . It might be ambitious given the time . It 's two miles from your place</text>
        <arg f="" n="1">It</arg>
        <arg f="mod" n="m">might</arg>
        <rel f="">ambitious</rel>
        <arg f="adv" n="m">given the time</arg>
      </example>
      <example name="both args" src="internet" type="">
        <inflection aspect="ns" form="ns" person="ns" tense="ns" voice="ns"/>
        <text>...he was ambitious about using his knowledge, experience and high-status to help his homeland Ethiopia...</text>
        <arg f="" n="0">he</arg>
        <rel f="">ambitious</rel>
        <arg f="" n="1">about using his knowledge, experience and high-status to help his homeland Ethiopia</arg>
      </example>
    </roleset>
  </predicate>
</frameset>
