<!DOCTYPE frameset SYSTEM "frameset.dtd">
<frameset>
  <predicate lemma="ambiguous">
    <roleset id="ambiguous.01" name="unclear as to meaning, unspecific">
      <aliases>
        <alias framenet="Linguistic_meaning" pos="j" verbnet="">ambiguous</alias>
      </aliases>
      <note>AMBIGUOUS-J NOTES: Added by Julia based on BOLT-6 (from ambiguous.01-j)</note>
      <roles>
        <role descr="agent of evasive, ambiguous action" f="pag" n="0"/>
        <role descr="ambiuous action, thing" f="ppt" n="1"/>
        <role descr="target of ambiguous behavior" f="gol" n="2"/>
      </roles>
      <example name="arg0, PRP" src="internet" type="">
        <inflection aspect="ns" form="ns" person="ns" tense="ns" voice="ns"/>
        <text>But other fans were convinced he was being ambiguous to trick his followers.</text>
        <arg f="" n="0">he</arg>
        <rel f="">ambiguous</rel>
        <arg f="prp" n="m">to trick his followers</arg>
      </example>
      <example name="args 0, 1" src="BOLT-6" type="">
        <inflection aspect="ns" form="ns" person="ns" tense="ns" voice="ns"/>
        <text>However , with regards to the facts that Vice-Mayor Gao Yong and another six people approved the construction of residential buildings for the County Public Health Bureau without authorization or any examination and approval on the use of land , and in violation of the overall planning for urban construction , the statement in the document was vague and ambiguous . It seemed to be trying to cover it up .</text>
        <arg f="dis" n="m">However</arg>
        <arg f="ppt" n="1">with regards to the facts that Vice-Mayor Gao Yong and another six people approved the construction of residential buildings for the County Public Health Bureau without authorization or any examination and approval on the use of land , and in violation of the overall planning for urban construction</arg>
        <arg f="" n="0">the statement in the document</arg>
        <rel f="">ambiguous</rel>
      </example>
      <example name="args 0, 1" src="internet" type="">
        <inflection aspect="ns" form="ns" person="ns" tense="ns" voice="ns"/>
        <text>the Council was being ambiguous as to how much evidence was ?enough? and what evidence it had that the redundant loop was actually needed.</text>
        <arg f="" n="0">the Council</arg>
        <rel f="">ambiguous</rel>
        <arg f="" n="1">as to how much evidence was ?enough? and what evidence it had that the redundant loop was actually needed</arg>
      </example>
    </roleset>
  </predicate>
</frameset>
