<!DOCTYPE frameset SYSTEM "frameset.dtd">
<frameset>
  <predicate lemma="amble">
    <roleset id="amble.01" name="to walk leisurely">
      <aliases>
        <alias framenet="Self_motion" pos="v" verbnet="">amble</alias>
      </aliases>
      <note>AMBLE-V NOTES: Frames file for 'amble' based on survey of sentences in the WSJ corpus. (from amble.01-v predicate notes)</note>
      <roles>
        <role descr="walker, agent" f="PPT" n="0">
          <vnrole vncls="51.3.2" vntheta="Theme"/>
        </role>
      </roles>
      <example name="intransitive" src="" type="">
        <inflection aspect="ns" form="full" person="ns" tense="present" voice="active"/>
        <text>After long stretches of this attendant ground activity came 20 or so lovely minutes of [*] drifting above the Vosges [*-1]watching the silver mists rise off the river and the French cows amble about the fields .</text>
        <arg f="" n="0">the French cows</arg>
        <rel f="">amble</rel>
        <arg f="loc" n="m">about the fields</arg>
      </example>
    </roleset>
  </predicate>
</frameset>
