<!DOCTYPE frameset SYSTEM "frameset.dtd">
<frameset>
  <predicate lemma="ambulate">
    <roleset id="ambulate.01" name="to walk, walking around, walking">
      <aliases>
        <alias framenet="" pos="n" verbnet="">ambulation</alias>
        <alias framenet="" pos="v" verbnet="">ambulate</alias>
      </aliases>
      <note>AMBULATE-V NOTES: (from ambulate.01-v)</note>
      <note>AMBULATION-N NOTES: (from ambulation.01-n)</note>
      <roles>
        <role descr="Walker" f="PAG" n="0">
          <vnrole vncls="51.3.2" vntheta="Agent"/>
        </role>
        <role descr="Path walked, not DIR" f="LOC" n="1">
          <vnrole vncls="51.3.2" vntheta="Location"/>
        </role>
      </roles>
      <example name="Arg0" src="" type="">
        <inflection aspect="ns" form="ns" person="ns" tense="ns" voice="ns"/>
        <text>He ambulates with a cane, but needs to use a walker after hospitalizations for a period of time.</text>
        <arg f="" n="0">He</arg>
        <rel f="">ambulates</rel>
        <arg f="mnr" n="m">with a cane</arg>
      </example>
      <example name="Arg1, 3" src="" type="">
        <inflection aspect="ns" form="ns" person="ns" tense="ns" voice="ns"/>
        <text>He uses a walker to assist in his ambulation to the bathroom.</text>
        <arg f="" n="0">his</arg>
        <rel f="">ambulation</rel>
        <arg f="" n="1">to the bathroom</arg>
      </example>
    </roleset>
  </predicate>
  <predicate lemma="ambulatory">
    <roleset id="ambulatory.02" name="to walk, walking around, walking">
      <aliases>
        <alias framenet="" pos="j" verbnet="">ambulatory</alias>
      </aliases>
      <note>AMBULATORY-J NOTES: (from ambulatory.01-j)</note>
      <roles>
        <role descr="Walker" f="PAG" n="0">
          <vnrole vncls="51.3.2" vntheta="Agent"/>
        </role>
        <role descr="Path walked, not DIR" f="LOC" n="1">
          <vnrole vncls="51.3.2" vntheta="Location"/>
        </role>
      </roles>
      <example name="arg0" src="medi-tmprl" type="">
        <inflection aspect="ns" form="ns" person="ns" tense="ns" voice="ns"/>
        <text>Mrs. Duran typically can only stand briefly for transfers and is generally not ambulatory .</text>
        <arg f="" n="0">Mrs. Duran</arg>
        <arg f="adv" n="m">generally</arg>
        <arg f="neg" n="m">not</arg>
        <rel f="">ambulatory</rel>
      </example>
    </roleset>
  </predicate>
</frameset>
