<!DOCTYPE frameset SYSTEM "frameset.dtd">
<frameset>
  <predicate lemma="ambush">
    <roleset id="ambush.01" name="to attack">
      <aliases>
        <alias framenet="" pos="n" verbnet="">ambush</alias>
        <alias framenet="Attack" pos="v" verbnet="">ambush</alias>
      </aliases>
      <note>AMBUSH-V NOTES: No Vncls. (from ambush.01-v)</note>
      <note>AMBUSH-N NOTES: Automatically created by Julia as an alias file for unification. (from ambush.01-n)</note>
      <roles>
        <role descr="ambusher, agent" f="PAG" n="0"/>
        <role descr="entity ambushed" f="PPT" n="1"/>
      </roles>
      <example name="transitive" src="" type="">
        <inflection aspect="ns" form="full" person="ns" tense="past" voice="active"/>
        <text>Nicaragua 's Defense Ministry said [0] a group of Contra rebels ambushed two trucks carrying troops in northern Nicaragua , [*-1]killing 18 of the soldiers .</text>
        <arg f="" n="0">a group of Contra rebels</arg>
        <rel f="">ambushed</rel>
        <arg f="" n="1">two trucks carrying troops</arg>
        <arg f="loc" n="m">in northern Nicaragua</arg>
        <arg f="adv" n="m">[*-1] killing 18 of the soldiers</arg>
      </example>
    </roleset>
  </predicate>
</frameset>
