<!DOCTYPE frameset SYSTEM "frameset.dtd">
<frameset>
  <predicate lemma="ameliorate">
    <roleset id="ameliorate.01" name="(cause to) be better, improved">
      <aliases>
        <alias framenet="" pos="v" verbnet="">ameliorate</alias>
      </aliases>
      <note>AMELIORATE-V NOTES: Frame by Claire (from ameliorate.01-v)</note>
      <roles>
        <role descr="cause of improvement, agent" f="PAG" n="0">
          <vnrole vncls="45.4" vntheta="Agent"/>
        </role>
        <role descr="entity becoming better" f="PPT" n="1">
          <vnrole vncls="45.4" vntheta="Patient"/>
        </role>
        <role descr="instrument, if separate from agent" f="MNR" n="2">
          <vnrole vncls="45.4" vntheta="Instrument"/>
        </role>
      </roles>
      <example name="Macaulay" src="" type="">
        <text>In every human being there is a wish *PRO* to ameliorate his own condition.</text>
        <arg f="" n="0">*PRO* --&gt; every human being</arg>
        <rel f="">ameliorate</rel>
        <arg f="" n="1">his own condition</arg>
      </example>
      <example name="Wine, with instrument" src="" type="">
        <text>Wine ameliorates by age</text>
        <arg f="" n="1">Wine</arg>
        <rel f="">ameliorates</rel>
        <arg f="" n="2">by age</arg>
      </example>
    </roleset>
  </predicate>
</frameset>
