<!DOCTYPE frameset SYSTEM "frameset.dtd">
<frameset>
  <predicate lemma="amenable">
    <roleset id="amenable.01" name="open to being acted upon in a certain way">
      <aliases>
        <alias framenet="" pos="j" verbnet="">amenable</alias>
      </aliases>
      <note>AMENABLE-J NOTES: Based on Sharp data. Many verbs consulted, no direct comparison. Framed by Katie. (from amenable.01-j)</note>
      <roles>
        <role descr="acceptor" f="pag" n="0"/>
        <role descr="amenable to; thing tried" f="ppt" n="1"/>
      </roles>
      <example name="Both args" src="" type="">
        <inflection aspect="ns" form="ns" person="ns" tense="ns" voice="ns"/>
        <text>This mass would be amenable to CT guided biopsy</text>
        <arg f="" n="0">This mass</arg>
        <arg f="mod" n="m">would</arg>
        <rel f="">amenable</rel>
        <arg f="" n="1">to CT guided biopsy</arg>
      </example>
      <example name="One more with both" src="" type="">
        <inflection aspect="ns" form="ns" person="ns" tense="ns" voice="ns"/>
        <text>This occulsion was amenable to further percutaneous therapy</text>
        <arg f="" n="0">This occulsion</arg>
        <rel f="">amenable</rel>
        <arg f="" n="1">to furth percutaneous therapy</arg>
      </example>
    </roleset>
  </predicate>
</frameset>
