<!DOCTYPE frameset SYSTEM "frameset.dtd">
<frameset>
  <predicate lemma="amend">
    <roleset id="amend.01" name="add to or correct, adding to, correcting">
      <aliases>
        <alias framenet="" pos="v" verbnet="">amend</alias>
        <alias framenet="" pos="n" verbnet="">amendment</alias>
      </aliases>
      <note>AMEND-V NOTES: Frames file for 'amend' based on sentences in financial subcorpus. No Verbnet entry, no Framenet entry. (from amend.01-v predicate notes)</note>
      <note>AMENDMENT-N NOTES: Added by Julia based on WN eventive nouns, amend.01. No VNcls. (from amendment.01-n)</note>
      <roles>
        <note>Be careful-- if it's refering to a specific Amendment (proper noun), it's refering to that particular idea, not the act of amending, and is not eventive. (from amendment.01-n)</note>
        <role descr="amender, corrector" f="PAG" n="0"/>
        <role descr="thing amended" f="PPT" n="1"/>
        <role descr="secondary predication on arg1" f="prd" n="2"/>
      </roles>
      <example name="just transitive" src="" type="">
        <inflection aspect="ns" form="full" person="ns" tense="past" voice="active"/>
        <text>The company said it amended its shareholder rights plan by reducing to 10% from 20% the level of ownership by an outsider that would trigger the issuance to other holders of rights to buy additional shares of Nashua common at half price.</text>
        <arg f="" n="0">it</arg>
        <rel f="">amended</rel>
        <arg f="" n="1">its shareholder rights plan</arg>
        <arg f="mnr" n="m">by reducing to 10% from 20% the level of ownership by an outsider that would trigger the issuance to other holders of rights to buy additional shares of Nashua common at half price</arg>
      </example>
      <example name="with secondary predication" src="" type="">
        <inflection aspect="ns" form="full" person="ns" tense="past" voice="active"/>
        <text>PS of New Hampshire amended its plan to call for two years of 5.5% rate increases followed by five years of 4.5% increases.</text>
        <arg f="" n="0">PS of New Hampshire</arg>
        <rel f="">amended</rel>
        <arg f="" n="1">its plan</arg>
        <arg f="" n="2">to call for two years of 5.5% rate increases followed by five years of 4.5% increases</arg>
      </example>
      <example name="args 0, 1" src="internet" type="">
        <inflection aspect="ns" form="ns" person="ns" tense="ns" voice="ns"/>
        <text>First of all. as I take it from his amendment of S. 7, he wants the words "anywhere within Kenya" deleted and the words "within the district or area in which he is appointed" inserted in the place thereof.</text>
        <arg f="" n="0">his</arg>
        <rel f="">amendment</rel>
        <arg f="" n="1">of S. 7</arg>
      </example>
    </roleset>
  </predicate>
  <predicate lemma="amendable">
    <roleset id="amendable.02" name="able to be added to, edited">
      <aliases>
        <alias framenet="" pos="j" verbnet="">amendable</alias>
      </aliases>
      <note>AMENDABLE-J NOTES: Added by Julia based on medi-tmprl1to8. Relation to 'amend.01'. (from amendable.01-j)</note>
      <roles>
        <role descr="amender, corrector" f="pag" n="0"/>
        <role descr="thing amended" f="ppt" n="1"/>
        <role descr="secondary predication on arg1" f="prd" n="2"/>
      </roles>
      <example name="arg1, MNR" src="medi-tmprl" type="">
        <inflection aspect="ns" form="ns" person="ns" tense="ns" voice="ns"/>
        <text>The tumor was not amendable to resection endoscopically .</text>
        <arg f="" n="1">The tumor</arg>
        <arg f="neg" n="m">not</arg>
        <rel f="">amendable</rel>
        <arg f="mnr" n="m">to resection endoscopically</arg>
      </example>
    </roleset>
  </predicate>
</frameset>
