<!DOCTYPE frameset SYSTEM "frameset.dtd">
<frameset>
  <predicate lemma="americanize">
    <roleset id="americanize.01" name="make more american">
      <aliases>
        <alias framenet="" pos="v" verbnet="">americanize</alias>
      </aliases>
      <note>AMERICANIZE-V NOTES: Frames file for 'americanize' based on sentences in wsj. Verbnet entry 45.4. (from americanize.01-v predicate notes)</note>
      <roles>
        <role descr="causer, agent" f="PAG" n="0">
          <vnrole vncls="45.4" vntheta="Agent"/>
        </role>
        <role descr="victim" f="PPT" n="1">
          <vnrole vncls="45.4" vntheta="Patient"/>
        </role>
        <role descr="instrument" f="MNR" n="2">
          <vnrole vncls="45.4" vntheta="Instrument"/>
        </role>
      </roles>
      <example name="the one example" src="" type="">
        <inflection aspect="ns" form="full" person="ns" tense="past" voice="active"/>
        <text>Mr. Falls kept the form, but Americanized it with Mr. Bartlett's further help.</text>
        <arg f="" n="0">Mr. Falls</arg>
        <rel f="">Americanized</rel>
        <arg f="" n="1">it</arg>
        <arg f="" n="2">with Mr. Bartlett's further help</arg>
      </example>
    </roleset>
  </predicate>
  <predicate lemma="american">
    <roleset id="american.02" name="or origin in america">
      <aliases>
        <alias framenet="" pos="j" verbnet="">american</alias>
      </aliases>
      <note>AMERICAN-J NOTES: Added automatically by Julia. Related to unamerican-j africanamerican-j americanize-v nonafricanamerican-j (from american.01-j)</note>
      <roles>
        <role descr="American entity" f="ppt" n="1"/>
      </roles>
      <example name="" src="" type="">
        <text>Violence is as American as cherry pie</text>
        <arg f="" n="1">Violence</arg>
	<rel f="">American</rel>
        <arg f="CXN" n="m">as ...as cherry pie</arg>
      </example>
    </roleset>
  </predicate>
</frameset>
