<!DOCTYPE frameset SYSTEM "frameset.dtd">
<frameset>
  <predicate lemma="amicable">
    <roleset id="amicable.01" name="characterized by friendship">
      <aliases>
        <alias framenet="" pos="j" verbnet="">amicable</alias>
      </aliases>
      <note>AMICABLE-J NOTES: Roleset based on instances in BOLT P01, parts 2,3. (from amicable.01-j)</note>
      <roles>
        <role descr="amicable thing" f="ppt" n="1"/>
        <role descr="amicable to whom?" f="gol" n="2"/>
      </roles>
      <example name="Arg1 only" src="BOLT P01, parts 2,3" type="">
        <inflection aspect="ns" form="ns" person="ns" tense="ns" voice="ns"/>
        <text>hmmmm - I could understand it if the break up had been amicable and they remained good friends...</text>
        <arg f="" n="1">the break up</arg>
        <rel f="">amicable</rel>
      </example>
      <example name="All args" src="web" type="">
        <inflection aspect="ns" form="ns" person="ns" tense="ns" voice="ns"/>
        <text>We settled on a 50% exchange rate which-1 *T*-1 was amicable to me.</text>
        <arg f="" n="1">*T*-1</arg>
        <rel f="">amicable</rel>
        <arg f="" n="2">to me</arg>
      </example>
    </roleset>
  </predicate>
</frameset>
