<!DOCTYPE frameset SYSTEM "frameset.dtd">
<frameset>
  <predicate lemma="aminate">
    <roleset id="aminate.01" name="add an amino group to a compound">
      <aliases>
        <alias framenet="" pos="v" verbnet="">aminate</alias>
        <alias framenet="" pos="n" verbnet="">amination</alias>
      </aliases>
      <note>AMINATE-V NOTES: Created for Bio-AMR annotations.</note>
      <roles>
        <role descr="agent of amination (e.g. scientist)" f="pag" n="0"></role>
        <role descr="thing aminated" f="ppt" n="1"></role>
        <role descr="instrument" f="mnr" n="2"></role>
        <role descr="product of amination" f="prd" n="3"></role>
      </roles>
      <example name="aminate-v: active use" src="" type="">
        <text>Here, we aminated silica nanoparticles as an example.</text>
        <arg f="dis" n="m">here</arg>
        <arg f="" n="0">we</arg>
        <rel f="">aminated</rel>
        <arg f="" n="1">silica nanoparticles</arg>
        <arg f="prp" n="m">as an example</arg>
      </example>
      <example name="aminate-v: passive use, with result" src="" type="">
        <text>In Step 3, [5-amino-1-naphthol]-1 is aminated *-1 to produce 1,5-diaminonaphthalene.</text>
        <arg f="loc" n="m">In Step 3</arg>
        <rel f="">aminated</rel>
        <arg f="" n="1">*-1</arg>
        <arg f="" n="3">to produce 1,5-diaminonaphthalene</arg>
      </example>
      <example name="aminate-v: passive use, with instrument" src="" type="">
        <text>[]The carbohydrate components]-1 were re-N-acetylated and then reductively aminated *-1 with 2-aminopyridine.</text>
        <arg f="tmp" n="m">then</arg>
        <arg f="mnr" n="m">reductively</arg>
        <rel f="">aminated</rel>
        <arg f="" n="1">*-1</arg>
        <arg f="" n="2">with 2-aminopyridine</arg>
      </example>
      <example name="amination-n" src="" type="">
        <text>Sodium triacetoxyborohydride is presented as a general reducing agent for the reductive amination of aldehydes and ketones. </text>
        <arg f="mnr" n="m">reductive</arg>
        <rel f="">amination</rel>
        <arg f="" n="1">of aldehydes and ketones</arg>
      </example>
    </roleset>
  </predicate>
</frameset>
