<!DOCTYPE frameset SYSTEM "frameset.dtd">
<frameset>
  <predicate lemma="amnesty">
    <roleset id="amnesty.01" name="official pardoning">
      <aliases>
        <alias framenet="" pos="n" verbnet="">amnesty</alias>
      </aliases>
      <note>AMNESTY-N NOTES: (from amnesty.01-n)</note>
      <roles>
        <role descr="forgiver, granter of pardon" f="PAG" n="0"/>
        <role descr="pardoned entity" f="PPT" n="1"/>
        <role descr="forgiven acts" f="vsp" n="2"/>
      </roles>
      <example name="amnesty-n" src="" type="">
        <text>That fine, I note, is five times the amount [the alien]-1 is able to post, $2,000, *-1 to get his amnesty from his illegal acts.</text>
        <arg f="" n="0">[*-1]</arg>
        <arg f="lvb" n="m">get</arg>
        <rel f="">amnesty</rel>
        <arg f="" n="2">for his illegal acts</arg>
      </example>
    </roleset>
  </predicate>
</frameset>
