<!DOCTYPE frameset SYSTEM "frameset.dtd">
<frameset>
  <predicate lemma="amortize">
    <roleset id="amortize.01" name="spread out burden temporally">
      <aliases>
        <alias framenet="" pos="v" verbnet="">amortize</alias>
      </aliases>
      <note>AMORTIZE-V NOTES: Frames file for 'amortize' based on sentences in wsj. No Verbnet entry. (from amortize.01-v predicate notes)</note>
      <roles>
        <role descr="spreader of burden, agent" f="pag" n="0"/>
        <role descr="burden (us. cost, debt)" f="ppt" n="1"/>
        <role descr="spread over what" f="tmp" n="2"/>
      </roles>
      <example name="no arg2" src="" type="">
        <inflection aspect="ns" form="infinitive" person="ns" tense="ns" voice="ns"/>
        <text>[The Turner move]-1 is in line with a cable-TV trend toward more original programming -- and toward finding more ways *trace*-1 to amortize the high cost of producing films.</text>
        <arg f="" n="0">*trace*-1</arg>
        <rel f="">amortize</rel>
        <arg f="" n="1">the high cost of producing films</arg>
      </example>
      <example name="all args" src="" type="">
        <inflection aspect="ns" form="infinitive" person="ns" tense="ns" voice="ns"/>
        <text>As a U.S.-based company, [Blue Arrow]-1 would have [*-1]to amortize the good will over as many as 40 years, creating a continuing drag on reported earnings.</text>
        <arg f="" n="0">[*-1]</arg>
        <rel f="">amortize</rel>
        <arg f="" n="1">the good will</arg>
        <arg f="" n="2">over as many as 40 years</arg>
      </example>
    </roleset>
  </predicate>
</frameset>
