<!DOCTYPE frameset SYSTEM "frameset.dtd">
<frameset>
  <predicate lemma="amorous">
    <roleset id="amorous.01" name="expressing love, probably physically">
      <aliases>
        <alias framenet="" pos="j" verbnet="">amorous</alias>
      </aliases>
      <note>AMOROUS-J NOTES: Added by Julia based on SMS. (from amorous.01-j)</note>
      <roles>
        <role descr="first lover" f="pag" n="0"/>
        <role descr="subsequent lover(s)" f="ppt" n="1"/>
      </roles>
      <example name="arg0" src="SMS" type="">
        <inflection aspect="ns" form="ns" person="ns" tense="ns" voice="ns"/>
        <text>We were .... ummm ... amorous .</text>
        <arg f="" n="0">We</arg>
        <arg f="dis" n="m">ummmm</arg>
        <rel f="">amorous</rel>
      </example>
    </roleset>
  </predicate>
</frameset>
