<!DOCTYPE frameset SYSTEM "frameset.dtd">
<frameset>
  <predicate lemma="amount">
    <roleset id="amount.01" name="sums to">
      <aliases>
        <alias framenet="Amounting_to" pos="v" verbnet="">amount</alias>
      </aliases>
      <note>AMOUNT-V NOTES: Frames file for 'amount' based on sentences in financial subcorpus. No verbnet entry. Comparison with 'total'. (from amount.01-v predicate notes)</note>
      <roles>
        <role descr="thing(s) being counted" f="ppt" n="1"/>
        <role descr="count, total" f="prd" n="2"/>
      </roles>
      <example name="add it up" src="" type="">
        <text>Big Board volume amounted to 154,240,000 shares, down from 176.1 million Tuesday.</text>
        <arg f="" n="1">Big Board volume</arg>
        <rel f="">amounted</rel>
        <arg f="to" n="2">to 154,240,000 shares , down from 176.1 million Tuesday</arg>
      </example>
    </roleset>
    <roleset id="amount.02" name="is equivalent to">
      <aliases>
        <alias framenet="" pos="v" verbnet="">amount</alias>
      </aliases>
      <note>AMOUNT-V NOTES: Really the second roleset id="amount.02" is just a metaphorical extension of thefirst, but the distinction is pretty clear. (from amount.02-v)</note>
      <roles>
        <role descr="focus" f="ppt" n="1"/>
        <role descr="ground, introduced by 'to'" f="prd" n="2"/>
      </roles>
      <example name="separate but not equal" src="" type="">
        <text>But in 1986, program traders received [what]-1 *trace*-1 amounted to an exemption from the uptick rule in certain situations, to make it easier to link the stock and futures markets.</text>
        <arg f="" n="1">*trace*-</arg>
        <rel f="">amounted</rel>
        <arg f="" n="2">to an exemption from the uptick rule in certain situations</arg>
      </example>
    </roleset>
  </predicate>
</frameset>
