<!DOCTYPE frameset SYSTEM "frameset.dtd">
<frameset>
  <predicate lemma="amplify">
    <roleset id="amplify.01" name="make louder or greater">
      <aliases>
        <alias framenet="" pos="n" verbnet="">amplification</alias>
        <alias framenet="" pos="j" verbnet="">amplified</alias>
        <alias framenet="" pos="v" verbnet="">amplify</alias>
      </aliases>
      <note>AMPLIFY-V NOTES: Frames file for 'amplify' based on sentences in financial subcorpus; adjectival 'amplified' based on BOLT-4,5. Member of Vncls overstate-37.12, other_cos-45.4. (from amplify.01-v)</note>
      <note>AMPLIFICATION-N NOTES: Corresponds with frame for amplify.01. Framed by anwen april 2011 (from amplification.01-n)</note>
      <note>AMPLIFIED-J NOTES: Automatically created by Julia as an alias file for unification. (from amplified.01-j)</note>
      <roles>
        <role descr="causer of becoming louder" f="pag" n="0">
          <vnrole vncls="45.4" vntheta="agent"/>
          <vnrole vncls="37.12" vntheta="agent"/>
        </role>
        <role descr="thing becoming louder" f="ppt" n="1">
          <vnrole vncls="45.4" vntheta="patient"/>
          <vnrole vncls="37.12" vntheta="theme"/>
        </role>
        <role descr="instrument, if separate from arg0" f="mnr" n="2">
          <vnrole vncls="45.4" vntheta="instrument"/>
        </role>
      </roles>
      <example name="transitive, passivized" src="" type="">
        <inflection aspect="ns" form="participle" person="ns" tense="present" voice="passive"/>
        <text>Moreover, [the price volatility]-3 that *trace* is amplified *trace*-3 by program trading is undercutting efforts to woo individual investors back to an OTC market that sorely misses them.</text>
        <rel f="">amplified</rel>
        <arg f="" n="1">*trace*-3 (= *trace* = that)</arg>
        <arg f="slc" n="m">that -&gt; the price volatility</arg>
        <arg f="" n="0">by program trading</arg>
      </example>
      <example name="amplify-v: with instrument" src="" type="">
        <inflection aspect="ns" form="full" person="ns" tense="past" voice="active"/>
        <text>John amplified his voice with a rolled-up piece of newspaper.</text>
        <arg f="" n="0">John</arg>
        <rel f="">amplified</rel>
        <arg f="" n="1">his voice</arg>
        <arg f="" n="2">with a rolled-up piece of newspaper</arg>
      </example>
      <example name="amplified-j" src="BOLT-4,5" type="">
        <inflection aspect="ns" form="ns" person="ns" tense="ns" voice="ns"/>
        <text>GEM and GFS however are much less amplified with the cold shot going further east .</text>
        <arg f="" n="1">GEM and GFS</arg>
        <arg f="dis" n="m">however</arg>
        <arg f="ext" n="m">much less</arg>
        <rel f="">amplified</rel>
        <arg f="adv" n="m">with the cold shot going further east</arg>
      </example>
      <example name="amplification-n: All Args" src="" type="">
        <inflection aspect="ns" form="ns" person="ns" tense="ns" voice="ns"/>
        <text>Dr. Bridget's amplification of the heartbeat using the EKG machine allowed the patient to understand the issue.</text>
        <arg f="" n="0">Dr. Bridget's</arg>
        <rel f="">amplification</rel>
        <arg f="" n="1">of the heartbeat</arg>
        <arg f="" n="2">using the EKG machine</arg>
      </example>
    </roleset>
  </predicate>
</frameset>
