<!DOCTYPE frameset SYSTEM "frameset.dtd">
<frameset>
  <predicate lemma="amputate">
    <roleset id="amputate.01" name="amputate, removal of a part of an entity/body">
      <aliases>
        <alias framenet="" pos="n" verbnet="">amputation</alias>
        <alias framenet="" pos="v" verbnet="">amputate</alias>
      </aliases>
      <note>AMPUTATE-V NOTES: frame by Perryn (from amputate.01-v)</note>
      <note>AMPUTATION-N NOTES: Corresponds with amputate.01. Framed by anwen april 2011 (from amputation.01-n)</note>
      <roles>
        <role descr="amputator, agent" f="PAG" n="0"/>
        <role descr="part of body amputated" f="PPT" n="1"/>
      </roles>
      <example name="ouch" src="" type="">
        <text>A brother and sister had to have [parts of their legs and feet]-2 amputated *-2.</text>
        <rel f="">amputated</rel>
        <arg f="" n="1">-- parts of their legs and feet</arg>
      </example>
      <example name="Both Args" src="" type="">
        <inflection aspect="ns" form="ns" person="ns" tense="ns" voice="ns"/>
        <text>Dr.Carlton's amputation of Ravi's foot probably saved his life.</text>
        <arg f="" n="0">Dr.Carlton's</arg>
        <rel f="">amputation</rel>
        <arg f="" n="1">of Ravi's foot</arg>
      </example>
    </roleset>
  </predicate>
</frameset>
