<!DOCTYPE frameset SYSTEM "frameset.dtd">
<frameset>
  <predicate lemma="amuse">
    <roleset id="amuse.01" name="cause mirth">
      <aliases>
        <alias framenet="Cause_to_experience Emotion_directed" pos="v" verbnet="">amuse</alias>
        <alias framenet="" pos="n" verbnet="">amusement</alias>
        <alias framenet="" pos="j" verbnet="">amusing</alias>
      </aliases>
      <note>AMUSE-V NOTES: Frames file for 'amuse' based on wsj; adjectival 'amusing' based on BOLT-4,5. Member of VNcls amuse-31.1. (from amuse.01-v)</note>
      <note>AMUSEMENT-N NOTES: Roleset based on verb entry amuse.01, OntoNotes grouping amusement-n senses 1&amp; 2; maps to VN class amuse-31.1. Framed by Claire. (from amusement.01-n)</note>
      <note>AMUSING-J NOTES: Automatically created by Julia as an alias file for unification. (from amusing.01-j)</note>
      <roles>
        <role descr="causer of mirth" f="pag" n="0">
          <vnrole vncls="31.1" vntheta="stimulus"/>
        </role>
        <role descr="mirthful entity" f="ppt" n="1">
          <vnrole vncls="31.1" vntheta="experiencer"/>
        </role>
        <role descr="instrument" f="mnr" n="2"/>
      </roles>
      <example name="amuse-v: intransitive" src="" type="">
        <inflection aspect="ns" form="full" person="ns" tense="present" voice="active"/>
        <text>Better to look in the corners for performances that [*T*-1] inspire or amuse.</text>
        <arg f="slc" n="m">that -&gt; performances</arg>
        <arg f="" n="0">[*T*-1] (= that)</arg>
        <rel f="">amuse</rel>
      </example>
      <example name="amuse-v: arg0 as SBAR" src="" type="">
        <inflection aspect="ns" form="full" person="ns" tense="past" voice="active"/>
        <text>I-2 was amused *trace*-2 [*-2] to read your recent news stories on the banking industry's reserve additions and concomitant threats to cease making new loans to less-developed countries.</text>
        <rel f="">amused</rel>
        <arg f="" n="1">*trace*-2 (= I)</arg>
        <arg f="" n="0">[*-2] to read your recent news stories on the banking industry's reserve additions and concomitant threats to cease making new loans to less-developed countries</arg>
      </example>
      <example name="amuse-v: all args" src="" type="">
        <inflection aspect="ns" form="full" person="ns" tense="ns" voice="active"/>
        <text>John can amuse himself for hours with a piece of yarn.</text>
        <arg f="" n="0">John</arg>
        <arg f="mod" n="m">can</arg>
        <rel f="">amuse</rel>
        <arg f="rec" n="1">himself</arg>
        <arg f="tmp" n="m">for hours</arg>
        <arg f="" n="2">with a piece of yarn</arg>
      </example>
      <example name="amusing-j" src="BOLT-4,5" type="">
        <inflection aspect="ns" form="ns" person="ns" tense="ns" voice="ns"/>
        <text>Michael Atherton is a superb commentator as he is articulate , amusing and very knowledgeable and I wish that they would make him the front man and pension off Mr Gower .</text>
        <arg f="" n="0">he</arg>
        <rel f="">amusing</rel>
      </example>
      <example name="amusement-n: Args 0 &amp; 1" src="ON sense 1" type="">
        <inflection aspect="ns" form="full" person="ns" tense="present" voice="active"/>
        <text>We could not hide our amusement at John's phony French accent.</text>
        <arg f="" n="1">our</arg>
        <rel f="">amusement</rel>
        <arg f="" n="0">at John's phony French accent.</arg>
      </example>
      <example name="amusement-n: Arg 1 only" src="ON sense 2" type="">
        <inflection aspect="ns" form="full" person="ns" tense="past" voice="active"/>
        <text>Bob plays the piano just for his own amusement.</text>
        <arg f="" n="1">his</arg>
        <rel f="">amusement</rel>
      </example>
      <example name="amusement-n: With instrument" src="web" type="">
        <inflection aspect="ns" form="full" person="ns" tense="ns" voice="active"/>
        <text>John's amusement of the crowd with singing and jokes was a big hit.</text>
        <arg f="" n="0">John's</arg>
        <rel f="">amusement</rel>
        <arg f="" n="1">of the crowd</arg>
        <arg f="" n="2">with singing and jokes</arg>
      </example>
    </roleset>
  </predicate>
</frameset>
