<!DOCTYPE frameset SYSTEM "frameset.dtd">
<frameset>
  <predicate lemma="anachronistic">
    <roleset id="anachronistic.01" name="characteristic of another time">
      <aliases>
        <alias framenet="" pos="j" verbnet="">anachronistic</alias>
      </aliases>
      <note>ANACHRONISTIC-J NOTES: Added by Julia based on BOLT-7. (from anachronistic.01-j)</note>
      <roles>
        <role descr="entity/action with characteristics of another time" f="ppt" n="1"/>
      </roles>
      <example name="arg1" src="BOLT-7" type="">
        <inflection aspect="ns" form="ns" person="ns" tense="ns" voice="ns"/>
        <text>The stagnant argument of sticking to the beaten track and be self - complacent , the conservative claim of maintaining the status quo , the metaphysics of either this or that , = all these are forces of convention that can not meet the needs of the times . All these are anachronistic and ossified .</text>
        <arg f="" n="1">All these</arg>
        <rel f="">anachronistic</rel>
      </example>
    </roleset>
  </predicate>
</frameset>
