<!DOCTYPE frameset SYSTEM "frameset.dtd">
<frameset>
  <predicate lemma="analyze">
    <roleset id="analyze.01" name="investigate, figure out">
      <aliases>
        <alias framenet="" pos="n" verbnet="">analysis</alias>
        <alias framenet="" pos="n" verbnet="">analyze</alias>
        <alias framenet="" pos="v" verbnet="">analyze</alias>
      </aliases>
      <note>ANALYZE-V NOTES: A singular lack of decent examples for this verb. (from analyze.01-v)</note>
      <note>ANALYSIS-N NOTES: Roleset based on verb entry analyze.01, OntoNotes grouping analysis-n senses 1, 3,&amp; 4; maps to VN class assessment-34.1. Framed by Claire. (from analysis.01-n)</note>
      <note>ANALYZE-N NOTES: Based on sentences in nouns-9998. Comparison to anaylze.01-v. VN class assessment-34.1. Framed by Katie. (from analyze.01-n)</note>
      <roles>
        <role descr="student" f="PAG" n="0">
          <vnrole vncls="34.1" vntheta="Agent"/>
        </role>
        <role descr="subject" f="PPT" n="1">
          <vnrole vncls="34.1" vntheta="Theme"/>
        </role>
      </roles>
      <example name="analyze this!" src="" type="">
        <inflection aspect="ns" form="infinitive" person="ns" tense="ns" voice="active"/>
        <text>Mr. Phelan said, [0] ``It [*EXP*-2]will take another day or two'' [*] to analyze who [*T*-1] was buying and selling Friday.</text>
        <arg f="" n="0">[*]</arg>
        <rel f="">analyze</rel>
        <arg f="" n="1">who [*T*-1] was buying and selling Friday</arg>
      </example>
      <example name="NP only, all arguments" src="NomBank Frames" type="">
        <text>Mr. Laband 's analysis of time values</text>
        <arg f="" n="0">Mr. Laband 's</arg>
        <rel f="">analysis</rel>
        <arg f="" n="1">of time values</arg>
      </example>
      <example name="Arg 0 and MNR" src="ON sense 1" type="">
        <text>His clever analysis proved that the painting was a fraud.</text>
        <arg f="" n="0">His</arg>
        <arg f="mnr" n="m">clever</arg>
        <rel f="">analysis</rel>
      </example>
      <example name="All arguments" src="ON sense 4" type="">
        <inflection aspect="ns" form="ns" person="ns" tense="ns" voice="ns"/>
        <text>My analysis of Conrad's 'Heart of Darkness' was published.</text>
	<arg f="" n="0">My</arg>
	<rel f="">analysis</rel>
	<arg f="" n="1">of Conrad's 'Heart of Darkness'</arg>
      </example>
      <example name="both args" src="" type="">
        <inflection aspect="ns" form="ns" person="ns" tense="ns" voice="ns"/>
        <text>His analysis of executive power</text>
        <arg f="" n="0">His</arg>
        <rel f="">analysis</rel>
        <arg f="" n="1">of executive power</arg>
      </example>
      <example name="one more with both args" src="" type="">
        <inflection aspect="ns" form="ns" person="ns" tense="ns" voice="ns"/>
        <text>His analysis of the voting behavior of his fellow New Yorkers</text>
        <arg f="" n="0">His</arg>
        <rel f="">analysis</rel>
        <arg f="" n="1">of the voting behavior of his fellow New Yorkers</arg>
      </example>
    </roleset>
  </predicate>
</frameset>
