<!DOCTYPE frameset SYSTEM "frameset.dtd">
<frameset>
  <predicate lemma="anastomose">
    <roleset id="anastomose.01" name="cause interconnection/flow between 2 branching networks, having branched systems that connect, allowing flow between them">
      <aliases>
        <alias framenet="" pos="v" verbnet="">anastomose</alias>
        <alias framenet="" pos="j" verbnet="">anastomotic</alias>
      </aliases>
      <note>ANASTOMOSE-V NOTES: (from anastomose.01-v)</note>
      <note>ANASTOMOTIC-J NOTES: Added by Julia based on medi-tmprl1to8. (from anastomotic.01-j)</note>
      <roles>
        <role descr="agent, surgeon, drug" f="pag" n="0"/>
        <role descr="first entity connected" f="ppt" n="1"/>
        <role descr="entity arg1 is being connected to" f="ppt" n="2"/>
      </roles>
      <example name="with arg1, arg2" src="" type="">
        <inflection aspect="ns" form="ns" person="ns" tense="ns" voice="ns"/>
        <text>The lower end of the biliopancreatic limb is then anastomosed to the terminal ileum.</text>
        <arg f="" n="1">The lower end of the biliopancreatic limb</arg>
        <arg f="tmp" n="m">then</arg>
        <rel f="">anastomosed</rel>
        <arg f="" n="2">to the terminal ileum</arg>
      </example>
      <example name="arg1" src="medi-tmprl" type="">
        <inflection aspect="ns" form="ns" person="ns" tense="ns" voice="ns"/>
        <text>In the meantime , we have a known recurrence in the pelvis that-1 *-1 is anastomotic as best we can tell .</text>
        <arg f="" n="1">*-1</arg>
        <rel f="">anastomotic</rel>
        <arg f="adv" n="m">as best we can tell</arg>
      </example>
    </roleset>
  </predicate>
</frameset>
