<!DOCTYPE frameset SYSTEM "frameset.dtd">
<frameset>
  <predicate lemma="anchor">
    <roleset id="anchor.01" name="to hold by or as if by an anchor or to form an anchor store">
      <aliases>
        <alias framenet="Attaching" pos="v" verbnet="">anchor</alias>
      </aliases>
      <note>ANCHOR-V NOTES: Member of Vncls tape-22.4. (from anchor.01-v)</note>
      <roles>
        <role descr="causer of anchorment, agent" f="PAG" n="0">
          <vnrole vncls="22.4" vntheta="Agent"/>
        </role>
        <role descr="thing anchored" f="PPT" n="1">
          <vnrole vncls="22.4" vntheta="Patient"/>
        </role>
      </roles>
      <example name="transitive" src="" type="">
        <inflection aspect="ns" form="infinitive" person="ns" tense="ns" voice="active"/>
        <text>As there is an effort [*] to `` anchor the dollar '' either to gold or other currencies , the dispute is worth [*]examining [*-1] .</text>
        <arg f="" n="0">[*]</arg>
        <rel f="">anchor</rel>
        <arg f="" n="1">the dollar</arg>
        <arg f="mnr" n="m">either to gold or other currencies</arg>
      </example>
      <example name="passive" src="" type="">
        <inflection aspect="ns" form="participle" person="ns" tense="present" voice="passive"/>
        <text>[Most]*-1 are anchored [*-1]by a K mart store .</text>
        <rel f="">anchored</rel>
        <arg f="" n="1">[*-1]</arg>
        <arg f="" n="0">by a K mart store</arg>
      </example>
    </roleset>
  </predicate>
</frameset>
