<!DOCTYPE frameset SYSTEM "frameset.dtd">
<frameset>
  <predicate lemma="anemic">
    <roleset id="anemic.01" name="lacking iron or other nutrient">
      <aliases>
        <alias framenet="" pos="j" verbnet="">anemic</alias>
      </aliases>
      <note>ANEMIC-J NOTES: Added by Julia based on medi-tmprl1to8. (from anemic.01-j)</note>
      <roles>
        <role descr="anemic entity" f="pag" n="1"/>
        <role descr="measurement/nutrient (often hemoglobin)" f="ppt" n="2"/>
      </roles>
      <example name="both args" src="medi-tmprl" type="">
        <inflection aspect="ns" form="ns" person="ns" tense="ns" voice="ns"/>
        <text>He was seen by his local physician and found to be anemic with a hemoglobin below 8 .</text>
        <arg f="" n="1">she</arg>
        <rel f="">anemic</rel>
        <arg f="" n="2">with a hemoglobin below 8</arg>
      </example>
    </roleset>
  </predicate>
</frameset>
