<!DOCTYPE frameset SYSTEM "frameset.dtd">
<frameset>
  <predicate lemma="anephric">
    <roleset id="anephric.01" name="without functioning kidneys">
      <aliases>
        <alias framenet="" pos="j" verbnet="">anephric</alias>
      </aliases>
      <note>ANEPHRIC-J NOTES: Added by Julia based on medi-tmprl1to8. (from anephric.01-j)</note>
      <roles>
        <role descr="entity without functioning kidneys" f="pag" n="1"/>
      </roles>
      <example name="arg1" src="medi-tmprl" type="">
        <inflection aspect="ns" form="ns" person="ns" tense="ns" voice="ns"/>
        <text>Patient is anephric , and now dialysis - dependent .</text>
        <arg f="" n="1">patient</arg>
        <rel f="">anephric</rel>
      </example>
    </roleset>
  </predicate>
</frameset>
