<!DOCTYPE frameset SYSTEM "frameset.dtd">
<frameset>
  <predicate lemma="anesthetize">
    <roleset id="anesthetize.01" name="render insensible with anesthetic">
      <aliases>
        <alias framenet="" pos="v" verbnet="">anesthetize</alias>
      </aliases>
      <note>ANESTHETIZE-V NOTES: Frame file created by Claire (from anesthetize.01-v)</note>
      <roles>
        <role descr="agent, doctor" f="PAG" n="0">
          <vnrole vncls="45.4" vntheta="Agent"/>
        </role>
        <role descr="patient, patient" f="PPT" n="1">
          <vnrole vncls="45.4" vntheta="Patient"/>
        </role>
        <role descr="anesthetic, instrument separate from arg 0" f="MNR" n="2">
          <vnrole vncls="45.4" vntheta="Instrument"/>
        </role>
      </roles>
      <example name="Passive" src="" type="">
        <text>[The patient]-1 must be anesthetized *-1 by a doctor before the operation.</text>
        <arg f="MOD" n="M">must</arg>
        <rel f="">anesthetized</rel>
        <arg f="" n="1">*-1</arg>
        <arg f="" n="0">by a doctor</arg>
        <arg f="TMP" n="M">before the operation</arg>
      </example>
    </roleset>
  </predicate>
</frameset>
