<!DOCTYPE frameset SYSTEM "frameset.dtd">
<frameset>
  <predicate lemma="aneurysmal">
    <roleset id="aneurysmal.01" name="relating to an aneurysm">
      <aliases>
        <alias framenet="" pos="j" verbnet="">aneurysmal</alias>
      </aliases>
      <note>ANEURYSMAL-J NOTES: Added automatically by Julia. (from aneurysmal.01-j)</note>
      <roles>
        <role descr="aneurysmal entity" f="ppt" n="1"/>
      </roles>
      <example name="" src="" type="">
        <text>On doing which, it became clear that the tumor was aneurysmal, and that the disease had returned.</text>
      </example>
    </roleset>
  </predicate>
</frameset>
