<!DOCTYPE frameset SYSTEM "frameset.dtd">
<frameset>
  <predicate lemma="anger">
    <roleset id="anger.01" name="to make angry, mad">
      <aliases>
        <alias framenet="Experiencer_obj" pos="v" verbnet="">anger</alias>
        <alias framenet="Emotion_directed" pos="j" verbnet="">angry</alias>
      </aliases>
      <note>ANGER-V NOTES: Based on WSJ. Member of Vncls amuse-31.1, marvel-31.3-8. (from anger.01-v)</note>
      <note>ANGRY-J NOTES: Added by Julia based on BOLT-1, anger-v.01. Corresponds to Vncls amuse-31.1, marvel-31.3-8. (from angry.01-j)</note>
      <roles>
        <role descr="cause of anger" f="PAG" n="0">
          <vnrole vncls="31.1" vntheta="Stimulus"/>
          <vnrole vncls="31.3-8" vntheta="Stimulus"/>
        </role>
        <role descr="experiencer" f="PPT" n="1">
          <vnrole vncls="31.1" vntheta="Experiencer"/>
          <vnrole vncls="31.3-8" vntheta="Experiencer"/>
        </role>
      </roles>
      <example name="inanimate causer" src="" type="">
        <inflection aspect="ns" form="full" person="ns" tense="past" voice="active"/>
        <text>The statement angered Chairman Greenspan , but it was greeted [*-1] with applause by the Bush administration and the financial markets .</text>
        <arg f="" n="0">The statement</arg>
        <rel f="">angered</rel>
        <arg f="" n="1">Chairman Greenspan</arg>
      </example>
      <example name="animate causer" src="" type="">
        <inflection aspect="ns" form="full" person="ns" tense="past" voice="active"/>
        <text>Mr. Smith angered Federal 's pilots , too .</text>
        <arg f="" n="0">Mr. Smith</arg>
        <rel f="">angered</rel>
        <arg f="" n="1">Federal 's pilots</arg>
        <arg f="dis" n="m">too</arg>
      </example>
      <example name="intransitive" src="" type="">
        <inflection aspect="ns" form="full" person="ns" tense="past" voice="active"/>
        <text>Often the genteel , conservative , long-term-oriented investment bankers were displaced [*-1] by crude traders : `` When [*]angered [*-2] [*T*-3] , [he]*-2 cursed so forcefully that his face reddened and his pale-blue eyes narrowed into tiny slits , '' the authors say [*T*-4] of Lehman 's Lewis Glucksman .</text>
        <rel f="">angered</rel>
        <arg f="" n="1">[*-2]</arg>
        <arg f="tmp" n="m">When</arg>
      </example>
      <example name="passive" src="" type="">
        <inflection aspect="ns" form="participle" person="ns" tense="past" voice="passive"/>
        <text>Observers said [0] it appeared that [British Air]*-1 was angered [*-1] at the way [0] the bid has degenerated into confusion [*T*-3] , as well as by the banks ' effort [0] [*T*-4] to round up financing for what one called [*T*-5] `` a deal that [*T*-2] is n't a deal . ''</text>
        <rel f="">angered</rel>
        <arg f="" n="1">[*-1]</arg>
        <arg f="" n="0">at the way [0] the bid has degenerated into confusion [*T*-3], as well as by the banks ' effort [0] [*T*-4] to round up financing for what one called [*T*-5] `` a deal that [*T*-2] is n't a deal</arg>
      </example>
      <example name="both args" src="BOLT" type="">
        <inflection aspect="ns" form="ns" person="ns" tense="ns" voice="ns"/>
        <text>I was really angry at that because I identify far more as English than I do as British .</text>
        <arg f="" n="1">I</arg>
        <arg f="ext" n="m">really</arg>
        <rel f="">angry</rel>
        <arg f="" n="0">at that</arg>
        <arg f="cau" n="m">because I identify far more as English than I do as British.</arg>
      </example>
    </roleset>
  </predicate>
</frameset>
