<!DOCTYPE frameset SYSTEM "frameset.dtd">
<frameset>
  <predicate lemma="angioplasty">
    <roleset id="angioplasty.01" name="mechanically widening a narrowed or obstructed blood vessel">
      <aliases>
        <alias framenet="" pos="v" verbnet="">angioplasty</alias>
      </aliases>
      <note>ANGIOPLASTY-V NOTES: (from angioplasty.01-v)</note>
      <roles>
        <role descr="Agent, surgeon" f="PAG" n="0"/>
        <role descr="Angioplastied entity (patient or blood vessel)" f="PPT" n="1"/>
      </roles>
      <example name="angioplasty-n: LVC" src="" type="">
        <text>So he did angioplasty on my legs - first he did the right leg and, two months later, he did the left leg.</text>
        <arg f="dis" n="m">SO</arg>
        <arg f="" n="0">he</arg>
        <arg f="lvb" n="m">did</arg>
        <rel f="">angioplasty</rel>
        <arg f="" n="1">on my legs</arg>
      </example>
    </roleset>
  </predicate>
</frameset>
