<!DOCTYPE frameset SYSTEM "frameset.dtd">
<frameset>
  <predicate lemma="angle">
    <roleset id="angle.01" name="move on an angled trajectory">
      <aliases>
        <alias framenet="" pos="v" verbnet="">angle</alias>
      </aliases>
      <note>ANGLE-V NOTES: Created by Claire (from angle.01-v)</note>
      <roles>
        <role descr="entity in motion" f="ppt" n="0">
          <vnrole vncls="47.7" vntheta="theme"/>
        </role>
        <role descr="description of path" f="loc" n="1">
          <vnrole vncls="47.7" vntheta="location"/>
        </role>
      </roles>
      <example name="Impolite visitors" src="Impolite visitors" type="Impolite visitors">
        <text>[His visitors]-1 had crawled through the south fence and were crossing the meadow *PRO*-1 angling toward the house.</text>
        <arg f="" n="0">*PRO*-1</arg>
        <rel f="">angling</rel>
        <arg f="" n="1">toward the house</arg>
      </example>
    </roleset>
    <roleset id="angle.02" name="cause to be/move in an angular fashion">
      <aliases>
        <alias framenet="" pos="v" verbnet="">angle</alias>
      </aliases>
      <note>ANGLE-V NOTES: Created by Claire (from angle.02-v)</note>
      <roles>
        <role descr="Agent, cause" f="pag" n="0"/>
        <role descr="Entity now in an angled position/path of motion" f="ppt" n="1"/>
        <role descr="Description of position/path" f="dir" n="2"/>
      </roles>
      <example name="All Arguments" src="All Arguments" type="All Arguments">
        <inflection aspect="ns" form="ns" person="ns" tense="ns" voice="ns"/>
        <text>She angled her lens out of the bushes so that she could get a shot of him.</text>
        <arg f="" n="0">She</arg>
        <rel f="">angled</rel>
        <arg f="" n="1">her lens</arg>
        <arg f="" n="2">out of the bushes</arg>
        <arg f="prp" n="m">so that she could get a shot of him</arg>
      </example>
    </roleset>
  </predicate>
</frameset>
