<!DOCTYPE frameset SYSTEM "frameset.dtd">
<frameset>
  <predicate lemma="anglicize">
    <roleset id="anglicize.01" name="(cause to) become english in form or character">
      <aliases>
        <alias framenet="" pos="v" verbnet="">anglicize</alias>
      </aliases>
      <note>ANGLICIZE-V NOTES: Frameset by Claire (from anglicize.01-v)</note>
      <roles>
        <role descr="causer, agent" f="PAG" n="0">
          <vnrole vncls="45.4" vntheta="Agent"/>
        </role>
        <role descr="entity anglicized" f="PPT" n="1">
          <vnrole vncls="45.4" vntheta="Patient"/>
        </role>
        <role descr="instrument" f="MNR" n="2">
          <vnrole vncls="45.4" vntheta="Instrument"/>
        </role>
      </roles>
      <example name="Immigrants" src="" type="">
        <text>Some immigrants anglicize their names when they move to the U.S.</text>
        <arg f="" n="0">Some immigrants</arg>
        <rel f="">anglicize</rel>
        <arg f="" n="1">their names</arg>
        <arg f="TMP" n="M">when they move to the U.S.</arg>
      </example>
    </roleset>
  </predicate>
</frameset>
