<!DOCTYPE frameset SYSTEM "frameset.dtd">
<frameset>
  <predicate lemma="angulate">
    <roleset id="angulate.01" name="hold or distort something so as to form angles, formation of angles">
      <aliases>
        <alias framenet="" pos="v" verbnet="">angulate</alias>
        <alias framenet="" pos="n" verbnet="">angulation</alias>
        <alias framenet="" pos="j" verbnet="">angulated</alias>
      </aliases>
      <note>ANGULATE-V NOTES: (from angulate.01-v)</note>
      <note>ANGULATION-N NOTES: (from angulation.01-n)</note>
      <roles>
        <role descr="agent, person distorting arg1" f="pag" n="0"/>
        <role descr="entity being angulated" f="ppt" n="1"/>
        <role descr="angle, degrees if explicit" f="prd" n="2"/>
      </roles>
      <example name="angulate-v" src="" type="">
        <text>The operation angulates the duct and duodenum, causing strain on the suture line.</text>
        <arg f="" n="0">The operation</arg>
        <rel f="">angulates</rel>
        <arg f="" n="1">the duct and duodenum</arg>
        <arg f="adv" n="m">causing strain on the suture line</arg>
      </example>
      <example name="angulation-n" src="" type="">
        <text>The fracture on the left has resulted in angulation of the distal component; </text>
        <rel f="">angulation</rel>
        <arg f="" n="1">of the distal component</arg>
      </example>
      <example name="angulation-n: with arg2" src="" type="">
        <text>Consider reduction even for less than 40 degree angulation;</text>
        <arg f="" n="2">less than 40 degree</arg>
        <rel f="">angulation</rel>
      </example>
      <example name="angulated-j:" src="" type="">
        <text>The lack of accessory cell will distinguish it at once from all the other genera of larger insects in which the wings are not angulated. </text>
        <arg f="" n="1">the wings</arg>
        <arg f="neg" n="m">not</arg>
        <rel f="">angulated</rel>
      </example>
    </roleset>
  </predicate>
</frameset>
