<!DOCTYPE frameset SYSTEM "frameset.dtd">
<frameset>
  <predicate lemma="anguish">
    <roleset id="anguish.01" name="worry; be tormented">
      <aliases>
        <alias framenet="" pos="v" verbnet="">anguish</alias>
      </aliases>
      <note>ANGUISH-V NOTES: created by Jena. Member of Vncls marvel-31.3-8. (from anguish.01-v)</note>
      <roles>
        <role descr="anguished one" f="PPT" n="0">
          <vnrole vncls="31.3-8" vntheta="Experiencer"/>
        </role>
        <role descr="cause for anguish" f="PAG" n="1">
          <vnrole vncls="31.3-8" vntheta="Stimulus"/>
        </role>
      </roles>
      <example name="anguish over" src="" type="">
        <text>He anguished over her imprisonment.</text>
        <arg f="" n="0">he</arg>
        <rel f="">anguished</rel>
        <arg f="" n="1">over her imprisonment</arg>
      </example>
    </roleset>
  </predicate>
</frameset>
