<!DOCTYPE frameset SYSTEM "frameset.dtd">
<frameset>
  <predicate lemma="anicteric">
    <roleset id="anicteric.01" name="without jaundice">
      <aliases>
        <alias framenet="" pos="j" verbnet="">anicteric</alias>
      </aliases>
      <note>ANICTERIC-J NOTES: Added by Julia based on medi-tmprl1to8. (from anicteric.01-j)</note>
      <roles>
        <role descr="entity without jaundice" f="ppt" n="1"/>
      </roles>
      <example name="arg1" src="medi-tmprl" type="">
        <inflection aspect="ns" form="ns" person="ns" tense="ns" voice="ns"/>
        <text>Eyes : Sclerae are anicteric .</text>
        <arg f="" n="1">Sclerae</arg>
        <rel f="">anicteric</rel>
      </example>
    </roleset>
  </predicate>
</frameset>
