<!DOCTYPE frameset SYSTEM "frameset.dtd">
<frameset>
  <predicate lemma="animalize">
    <roleset id="animalize.01" name="cause to be or seem to be an animal, dehumanize">
      <aliases>
        <alias framenet="" pos="v" verbnet="">animalize</alias>
      </aliases>
      <note>ANIMALIZE-V NOTES: Roleset based upon parallel expansion to VerbNet, PropBank, and sense groupings. Framed by Claire. (from animalize.01-v)</note>
      <roles>
        <role descr="Agent, cause of animalization" f="PAG" n="0"/>
        <role descr="Entity made beast" f="PPT" n="1"/>
      </roles>
      <example name="The only example I could find..." src="The only example I could find..." type="The only example I could find...">
        <inflection aspect="ns" form="ns" person="ns" tense="ns" voice="ns"/>
        <text>Rather than imposing human consciousness upon animal behaviors, he animalized consciousness in general.</text>
        <arg f="adv" n="m">Rather than imposing human consciousness upon animal behaviors</arg>
        <arg f="" n="0">he</arg>
        <rel f="">animalized</rel>
        <arg f="" n="1">consciousness</arg>
        <arg f="adv" n="m">in general</arg>
      </example>
    </roleset>
  </predicate>
</frameset>
