<!DOCTYPE frameset SYSTEM "frameset.dtd">
<frameset>
  <predicate lemma="animate">
    <roleset id="animate.01" name="cartoons">
      <aliases>
        <alias framenet="" pos="v" verbnet="">animate</alias>
        <alias framenet="" pos="n" verbnet="">animation</alias>
      </aliases>
      <note>ANIMATE-V NOTES: Member of Vncls other_cos-45.4. (from animate.01-v)</note>
      <note>ANIMATION-N NOTES: Added by Julia based on BOLT. (from animation.01-n)</note>
      <roles>
        <role descr="animator (prob. rare)" f="PAG" n="0">
          <vnrole vncls="45.4" vntheta="Agent"/>
        </role>
        <role descr="cartoon" f="PPT" n="1">
          <vnrole vncls="45.4" vntheta="Patient"/>
        </role>
      </roles>
      <example name="adjectival" src="" type="">
        <inflection aspect="ns" form="participle" person="ns" tense="ns" voice="passive"/>
        <text>The days may be numbered for animated shows featuring Alf, the Karate Kid and the Chipmunks.</text>
        <rel f="">animated</rel>
        <arg f="" n="1">shows</arg>
      </example>
      <example name="both args" src="internet" type="-">
        <inflection aspect="ns" form="participle" person="third" tense="past" voice="active"/>
        <text>He animated Monstro the whale in Pinocchio.</text>
        <arg f="" n="0">he</arg>
        <rel f="">animated</rel>
        <arg f="" n="1">monstro the whale in Pinocchio</arg>
      </example>
    </roleset>
    <roleset id="animate.02" name="be lively">
      <aliases>
        <alias framenet="" pos="v" verbnet="">animate</alias>
      </aliases>
      <note>ANIMATE-V NOTES: No Vncls. (from animate.02-v)</note>
      <roles>
        <role descr="cause, emotion" f="PAG" n="0"/>
        <role descr="lively thing" f="PPT" n="1"/>
      </roles>
      <example name="verbal" src="" type="">
        <inflection aspect="ns" form="full" person="third" tense="present" voice="active"/>
        <text>A lively intellect animates John's features.</text>
        <arg f="" n="0">A lively intellect</arg>
        <rel f="">animates</rel>
        <arg f="" n="1">John's features</arg>
      </example>
    </roleset>
  </predicate>
</frameset>
