<!DOCTYPE frameset SYSTEM "frameset.dtd">
<frameset>
  <predicate lemma="ankylose">
    <roleset id="ankylose.01" name="to fuse or stiffen by ankylosis">
      <aliases>
        <alias framenet="" pos="n" verbnet="">ankylosing</alias>
        <alias framenet="" pos="v" verbnet="">ankylose</alias>
      </aliases>
      <note>ANKYLOSE-V NOTES: Based on data in Clinical Notes corpus. Framed by Anwen Feb 2011. (from ankylose.01-v predicate notes)</note>
      <note>ANKYLOSING-N NOTES: ankylose.01 (from ankylosing.01-n)</note>
      <roles>
        <role descr="Cause of fusing" f="pag" n="0"/>
        <role descr="Entity being fused/suffering from ankylosis" f="ppt" n="1"/>
      </roles>
      <example name="Adjectival Usage--Do Not Tag!" src="" type="">
        <inflection aspect="ns" form="ns" person="ns" tense="ns" voice="ns"/>
        <text>The patient was suffering from ankylosing spondylitis.</text>
        <rel f="">ankylosing</rel>
      </example>
      <example name="Transitive/ Args 0 and 1" src="" type="">
        <inflection aspect="ns" form="ns" person="ns" tense="ns" voice="ns"/>
        <text>The disease had ankylosed his hips, reducing his mobility.</text>
        <arg f="" n="0">The disease</arg>
        <rel f="">ankylosed</rel>
        <arg f="" n="1">his hips</arg>
      </example>
      <example name="Intransitive/ Arg1 only" src="" type="">
        <inflection aspect="ns" form="ns" person="ns" tense="ns" voice="ns"/>
        <text>The patient's shoulder has ankylosed, and he no longer has free mobility in that joint.</text>
        <arg f="" n="1">The patient's shoulder</arg>
        <rel f="">ankylosed</rel>
      </example>
      <example name="Adjectival usage: DO NOT TAG!" src="" type="">
        <inflection aspect="ns" form="ns" person="ns" tense="ns" voice="ns"/>
        <text>He suffered from ankylosing spondylitis.</text>
      </example>
      <example name="Both args" src="" type="">
        <inflection aspect="ns" form="ns" person="ns" tense="ns" voice="ns"/>
        <text>For example, ankylosing of the spine from rheumatoid arthritis would be rated as 5002-5240.</text>
        <rel f="">ankylosing</rel>
        <arg f="" n="1">of the spine</arg>
        <arg f="" n="0">from rheumatoid arthritis</arg>
      </example>
    </roleset>
  </predicate>
</frameset>
