<!DOCTYPE frameset SYSTEM "frameset.dtd">
<frameset>
  <predicate lemma="annex">
    <roleset id="annex.01" name="to take or appropriate, especially without permission">
      <aliases>
        <alias framenet="" pos="v" verbnet="">annex</alias>
        <alias framenet="" pos="n" verbnet="">annexation</alias>
      </aliases>
      <note>ANNEX-V NOTES: Frames file for 'annex' based on dictionary.com. Verbnet entry 10.5 (from annex.01-v predicate notes)</note>
      <roles>
        <role descr="annexer, agent" f="PAG" n="0">
          <vnrole vncls="10.5" vntheta="Agent"/>
        </role>
        <role descr="thing annexed" f="PPT" n="1">
          <vnrole vncls="10.5" vntheta="Theme"/>
        </role>
        <role descr="annexed from" f="DIR" n="2">
          <vnrole vncls="10.5" vntheta="Source"/>
        </role>
      </roles>
      <example name="Germany" src="" type="">
        <text>Germany annexed part of Czechoslovakia.</text>
        <arg f="" n="0">Germany</arg>
        <rel f="">annexed</rel>
        <arg f="" n="1">part</arg>
        <arg f="" n="2">Czechoslovakia</arg>
      </example>
    </roleset>
  </predicate>
</frameset>
