<!DOCTYPE frameset SYSTEM "frameset.dtd">
<frameset>
  <predicate lemma="anniversary">
    <roleset id="anniversary.01" name="honor with memorial, be a memorial">
      <aliases>
        <alias framenet="" pos="n" verbnet="">anniversary</alias>
      </aliases>
      <note>ANNIVERSARY-N NOTES: Based on sentences in nouns-9998. Comparison to commemorate.01-v. No VN or FN classes. Framed by Katie. (from anniversary.01-n)</note>
      <roles>
        <role descr="agent, honorer" f="pag" n="0"/>
        <role descr="thing remembered" f="ppt" n="1"/>
        <role descr="times celebrated" f="tmp" n="2"/>
      </roles>
      <example name="anniversary-n: with args 1 and 2" src="" type="">
        <text>Investors celebrated the second anniversary of Black Monday with a buying spree in both stocks and bonds .</text>
        <arg f="" n="2">second</arg>
        <rel f="">anniversary</rel>
        <arg f="" n="1">of Black Monday</arg>
      </example>
      <example name="anniversary-n: with args 1 and 2 again" src="" type="">
        <text>photography 's 150th anniversary</text>
        <arg f="" n="1">photography 's</arg>
        <arg f="" n="2">150th</arg>
        <rel f="">anniversary</rel>
      </example>
      <example name="anniversary-n: Finally, an arg 0" src="" type="">
        <inflection aspect="ns" form="ns" person="ns" tense="ns" voice="ns"/>
        <text>The organization's 20th anniversary</text>
        <arg f="" n="0">The organization's</arg>
        <arg f="" n="2">20th</arg>
        <rel f="">anniversary</rel>
      </example>
    </roleset>
  </predicate>
</frameset>
