<!DOCTYPE frameset SYSTEM "frameset.dtd">
<frameset>
  <predicate lemma="annihilate">
    <roleset id="annihilate.01" name="destroy utterly">
      <aliases>
        <alias framenet="Destroying Killing" pos="n" verbnet="">annihilation</alias>
        <alias framenet="Destroying Killing" pos="v" verbnet="">annihilate</alias>
      </aliases>
      <note>ANNIHILATE-V NOTES: VN updated by Julia. Member of Vncls destroy-44, murder-42.1. (from annihilate.01-v)</note>
      <note>ANNIHILATION-N NOTES: Roleset based on instances in BOLT-P01, nouns parts 1&amp; 2. Maps to verb annihilate.01, which is member of Vncls destroy-44, murder-42.1. (from annihilation.01-n)</note>
      <roles>
        <role descr="destroyer" f="PAG" n="0">
          <vnrole vncls="44" vntheta="Agent"/>
          <vnrole vncls="42.1" vntheta="Agent"/>
        </role>
        <role descr="thing destroyed" f="PPT" n="1">
          <vnrole vncls="44" vntheta="Patient"/>
          <vnrole vncls="42.1" vntheta="Patient"/>
        </role>
        <role descr="instrument of destruction" f="MNR" n="2">
          <vnrole vncls="44" vntheta="Instrument"/>
          <vnrole vncls="42.1" vntheta="Instrument"/>
        </role>
      </roles>
      <example name="military" src="" type="">
        <text>The army annihilated the small city with a few well-placed bombs.</text>
        <arg f="" n="0">The army</arg>
        <rel f="">annihilate</rel>
        <arg f="" n="1">the small city</arg>
        <arg f="" n="2">a few well-placed bombs</arg>
      </example>
      <example name="With ext only" src="BOLT-P01, parts 1 &amp; 2" type="">
        <text>Israel is Western , civilized , the progenitors of the first Christian community , and facing total annihilation every day of its life , thanks to being surrounded by psycopathic states .</text>
        <rel f="">annihilation</rel>
        <arg f="ext" n="m">total</arg>
      </example>
      <example name="Args 0 &amp; 1" src="web" type="">
        <inflection aspect="ns" form="ns" person="ns" tense="ns" voice="ns"/>
        <text>...fighting lasted until around 10 August as U.S. troops continued their annihilation of the Japanese force.</text>
        <arg f="" n="0">their</arg>
        <rel f="">annihilation</rel>
        <arg f="" n="1">of the Japanese force</arg>
      </example>
    </roleset>
  </predicate>
</frameset>
