<!DOCTYPE frameset SYSTEM "frameset.dtd">
<frameset>
  <predicate lemma="annoy">
    <roleset id="annoy.01" name="annoy, causing bother, bothered by something">
      <aliases>
        <alias framenet="Stimulus_focus" pos="j" verbnet="">annoying</alias>
        <alias framenet="Experiencer_obj" pos="v" verbnet="">annoy</alias>
        <alias framenet="Annoyance" pos="j" verbnet="">annoyed</alias>
      </aliases>
      <note>ANNOY-V NOTES: Based on WSJ. Member of Vncls amuse-31.1, force-59-1 (from annoy.01-v)</note>
      <note>ANNOYING-J NOTES: Added by Julia based on BOLT-1, annoy-v.01. Corresponds to Vncls amuse-31.1, force-59-1. (from annoying.01-j)</note>
      <note>ANNOYED-J NOTES: Added by Julia based on BOLT-1, annoy-v.01. Corresponds to VNcls amuse-31.1, force-59-1. (from annoyed.01-j)</note>
      <roles>
        <role descr="annoyer" f="pag" n="0">
          <vnrole vncls="31.1" vntheta="stimulus"/>
          <vnrole vncls="59-1" vntheta="agent"/>
        </role>
        <role descr="annoyed" f="ppt" n="1">
          <vnrole vncls="31.1" vntheta="experiencer"/>
          <vnrole vncls="59-1" vntheta="patient"/>
        </role>
        <role descr="instrument, if separate from arg0" f="prd" n="2">
          <vnrole vncls="59-1" vntheta="result"/>
        </role>
      </roles>
      <example name="boring transitive" src="" type="">
        <inflection aspect="ns" form="full" person="ns" tense="past" voice="active"/>
        <text>That response annoyed Rep. Markey, House aides said, and the congressman snapped back that there had been enough studies of the issue and that it was time for action on the matter.</text>
        <arg f="" n="0">That response</arg>
        <rel f="">annoyed</rel>
        <arg f="" n="1">Rep. Markey</arg>
      </example>
      <example name="passive with sentential 'agent'" src="" type="">
        <inflection aspect="ns" form="infinitive" person="ns" tense="ns" voice="passive"/>
        <text>The 79-year-old Mississippian takes a more orthodox, entrenched view of agriculture policy than those in the movement to reduce chemical use, but as a master of pork-barrel politics, [he]-1 is believed to be annoyed *trace*-1 as well that the project moved to Arkansas from a Tennessee center near Memphis and the northern Mississippi border.</text>
        <rel f="">annoyed</rel>
        <arg f="" n="1">*trace*-1</arg>
        <arg f="dis" n="m">as well</arg>
        <arg f="" n="0">that the project moved to Arkansas from a Tennessee center near Memphis and the northern Mississippi border</arg>
      </example>
      <example name="with instrument. There's a fish in the percolator" src="" type="">
        <inflection aspect="ns" form="full" person="ns" tense="past" voice="active"/>
        <text>John annoyed Mary by straining her coffee through his dirty socks.</text>
        <arg f="" n="0">John</arg>
        <rel f="">annoyed</rel>
        <arg f="" n="1">Mary</arg>
        <arg f="" n="2">by straining her coffee through his dirty socks</arg>
      </example>
      <example name="both args, concatenation" src="web" type="">
        <inflection aspect="ns" form="ns" person="ns" tense="ns" voice="ns"/>
        <text>To me, he was annoying to play against.</text>
        <arg f="" n="2">to me</arg>
        <arg f="" n="1">[he][to play against]</arg>
        <rel f="">annoying</rel>
      </example>
      <example name="TMP, EXT, arg0" src="BOLT" type="">
        <inflection aspect="ns" form="ns" person="ns" tense="ns" voice="ns"/>
        <text>None , when I was in Cyprus the heat was too annoying , so I 'd rather not reside in that region .</text>
        <arg f="tmp" n="m">when I was in Cyprus</arg>
        <arg f="" n="1">the heat</arg>
        <arg f="ext" n="m">too</arg>
        <rel f="">annoying</rel>
      </example>
      <example name="args 0, 2" src="internet" type="">
        <inflection aspect="ns" form="ns" person="ns" tense="ns" voice="ns"/>
        <text>Daniel Smith as Mike was annoying with his wrestling antics;</text>
        <arg f="" n="0">Daniel Smith as Mike</arg>
        <rel f="">annoying</rel>
        <arg f="" n="2">with his wresting antics</arg>
      </example>
      <example name="explosive anger" src="web" type="">
        <inflection aspect="ns" form="ns" person="ns" tense="ns" voice="ns"/>
        <text>The New Mexico teenager accused of fatally shooting his parents and three younger siblings told authorities he was annoyed with his mother.</text>
        <arg f="" n="1">he</arg>
        <rel f="">annoyed</rel>
        <arg f="" n="0">with his mother</arg>
      </example>
      <example name="all args, CAU" src="internet" type="">
        <inflection aspect="ns" form="ns" person="ns" tense="ns" voice="ns"/>
        <text>I was annoyed at her for flaking on me seeing as she was not even that hot</text>
        <arg f="" n="1">I</arg>
        <rel f="">annoyed</rel>
        <arg f="" n="0">at her</arg>
        <arg f="" n="2">for flaking on me</arg>
        <arg f="cau" n="m">seeing as she was not even that hot</arg>
      </example>
    </roleset>
  </predicate>
</frameset>
