<!DOCTYPE frameset SYSTEM "frameset.dtd">
<frameset>
  <predicate lemma="annotate">
    <roleset id="annotate.01" name="to supply with notes, comment upon">
      <aliases>
        <alias framenet="" pos="v" verbnet="">annotate</alias>
        <alias framenet="" pos="n" verbnet="">annotation</alias>
      </aliases>
      <note>ANNOTATE-V NOTES: Member of Vncls image_impression-25.1. (from annotate.01-v)</note>
      <roles>
        <role descr="commentor" f="PAG" n="0">
          <vnrole vncls="25.1" vntheta="Agent"/>
        </role>
        <role descr="thing commented on" f="PPT" n="1">
          <vnrole vncls="25.1" vntheta="Theme"/>
        </role>
      </roles>
      <example name="trusty annotators" src="" type="">
        <text>The students annotate verbs all day, every day.</text>
        <arg f="" n="0">The students</arg>
        <rel f="">annotate</rel>
        <arg f="" n="1">verbs</arg>
        <arg f="tmp" n="m">all day</arg>
        <arg f="tmp" n="m">every day</arg>
      </example>
    </roleset>
  </predicate>
</frameset>
