<!DOCTYPE frameset SYSTEM "frameset.dtd">
<frameset>
  <predicate lemma="announce">
    <roleset id="announce.01" name="say for all to hear">
      <aliases>
        <alias framenet="Omen Statement" pos="v" verbnet="">announce</alias>
        <alias framenet="" pos="n" verbnet="">announcement</alias>
        <alias framenet="" pos="l" verbnet="">make_announcement</alias>
      </aliases>
      <note>ANNOUNCE-V NOTES: Based on Big Corpus, comparison to 'say'. Member of Vncls reflexive_appearance-48.1.2, say-37.7-1 (from announce.01-v)</note>
      <note>ANNOUNCEMENT-N NOTES: Roleset based on verb announce.01, OntoNotes grouping announcement-n senses 1&amp; 2; Maps to VN classes reflexive_appearance-48.1.2 and say-37.7-1. (from announcement.01-n)</note>
      <roles>
        <role descr="announcer" f="PAG" n="0">
          <vnrole vncls="37.7-1" vntheta="Agent"/>
          <vnrole vncls="48.1.2" vntheta="Agent"/>
        </role>
        <role descr="utterance" f="ppt" n="1">
          <vnrole vncls="37.7-1" vntheta="Topic"/>
          <vnrole vncls="48.1.2" vntheta="Theme"/>
        </role>
        <role descr="hearer" f="gol" n="2">
          <vnrole vncls="37.7-1" vntheta="Recipient"/>
          <vnrole vncls="48.1.2" vntheta="Recipient"/>
        </role>
        <role descr="attribute of arg1" f="vsp" n="3"/>
      </roles>
      <example name="transitive" src="" type="">
        <text>A Lorillard spokeswoman announced "This is an old story."</text>
        <arg f="" n="0">A Lorillard spokeswoman</arg>
        <rel f="">announced</rel>
        <arg f="" n="1">"This is an old story."</arg>
      </example>
      <example name="fronted" src="" type="">
        <text>[Kent cigarettes were sold]-1, the company announced *Trace*-1</text>
        <arg f="" n="0">the company</arg>
        <rel f="">announced</rel>
        <arg f="" n="1">*Trace*</arg>
      </example>
      <example name="Inverted" src="" type="">
        <text>What matters is what advertisers will pay, announced *T* Newsweek's chairman</text>
        <rel f="">announced</rel>
        <arg f="" n="1">*T*</arg>
        <arg f="" n="0">Newsweek's chairman</arg>
      </example>
      <example name="split (theoretically possible, but odd)" src="" type="">
        <text>["What you have to understand," announced John *trace*-1, "is that Philly stinks."]-1</text>
	<rel f="">announced</rel>
        <arg f="" n="0">John</arg>
        <arg f="" n="1">*trace*-1 (= "What you have to understand," announced John *trace*-1, "is that Philly literally stinks."</arg>
      </example>
      <example name="with listener" src="" type="">
        <text>John announced to Mary: "you're an idiot."</text>
        <arg f="" n="0">John</arg>
        <rel f="">announced</rel>
        <arg f="2" n="2">to Mary</arg>
        <arg f="" n="1">"you're an idiot."</arg>
      </example>
      <example name="weird, attributive usage: (theoretically possible, but odd)" src="" type="">
        <text>"Well that's odd," announced John of the disappearance of his nose.</text>
        <arg f="" n="1">"Well that's odd,"</arg>
        <rel f="">announced</rel>
        <arg f="" n="0">John</arg>
        <arg f="of" n="3">of the disappearance of his nose.</arg>
      </example>
      <example name="split utterance" src="" type="">
        <text>John-1 was announced *trace*-1 to be an idiot.</text>
        <rel f="">announced</rel>
        <arg f="" n="1">[John-1] [*trace*-1 to be an idiot]</arg>
      </example>
      <example name="Fragment, args 0 &amp; 1" src="NomBank Frames" type="">
        <text>a vitriolic U.S. response to Sony Corp. 's announcement of itspurchase of Columbia Pictures Entertainment Inc.</text>
        <arg f="" n="0">Sony Corp. 's</arg>
        <rel f="">announcement</rel>
        <arg f="" n="1">of its purchase of Columbia Pictures Entertainment Inc.</arg>
      </example>
      <example name="NP only, Args 0 &amp; 1" src="NomBank Frames" type="">
        <text>his withdrawal announcement</text>
        <arg f="" n="0">his</arg>
        <arg f="" n="1">withdrawal</arg>
        <rel f="">announcement</rel>
      </example>
      <example name="Arg 1 only" src="ON sense 1" type="">
        <inflection aspect="ns" form="ns" person="ns" tense="ns" voice="ns"/>
        <text>Announcements of local births, deaths and weddings can be found in the daily newspaper.</text>
        <rel f="">Announcements</rel>
        <arg f="" n="1">of births, deats, and weddings</arg>
      </example>
      <example name="All arguments, referring to babies" src="web" type="">
        <inflection aspect="ns" form="ns" person="ns" tense="ns" voice="ns"/>
        <text>Doing your best to keep him or her occupied and busy in your lap is the most effective way to minimize his or her announcement of discomfort to everyone.</text>
        <arg f="" n="0">his or her</arg>
        <rel f="">announcement</rel>
        <arg f="" n="1">of discomfort</arg>
        <arg f="" n="2">to everyone</arg>
      </example>
    </roleset>
  </predicate>
</frameset>
