<!DOCTYPE frameset SYSTEM "frameset.dtd">
<frameset>
  <predicate lemma="annualize">
    <roleset id="annualize.01" name="convert to a yearly basis">
      <aliases>
        <alias framenet="" pos="v" verbnet="">annualize</alias>
      </aliases>
      <note>ANNUALIZE-V NOTES: Added by Julia based on Newswire. No VNcls. (from annualize.01-v)</note>
      <roles>
        <role descr="agent" f="PAG" n="0"/>
        <role descr="thing annualized" f="ppt" n="1"/>
        <role descr="term, length of time annualized over" f="tmp" n="2"/>
      </roles>
      <example name="Args 0 and 1" src="" type="">
        <inflection aspect="ns" form="ns" person="ns" tense="ns" voice="ns"/>
        <text>So when you hear people throwing around numbers, it's useful *pro* to annualize them -- to think of them in terms of what they'd mean for a normal, full-year budget.</text>
        <arg f="" n="0">*pro*</arg>
        <rel f="">annualize</rel>
        <arg f="" n="1">them</arg>
      </example>
      <example name="args 1 and 2" src="" type="">
        <inflection aspect="ns" form="ns" person="ns" tense="ns" voice="ns"/>
        <text>[Self-Employment income]-1 must be annualized *trace*-1 over a twelve month period even if received over a shorter period of time if it represents the household's annual income.</text>
        <arg f="mod" n="m">must</arg>
        <rel f="">annualized</rel>
        <arg f="" n="1">*trace*-1</arg>
        <arg f="" n="2">over a twelve month period</arg>
        <arg f="adv" n="m">even if received over a shorter period of time if it represents the household's annual income.</arg>
      </example>
    </roleset>
  </predicate>
</frameset>
