<!DOCTYPE frameset SYSTEM "frameset.dtd">
<frameset>
  <predicate lemma="annul">
    <roleset id="annul.01" name="to make void or null">
      <aliases>
        <alias framenet="" pos="v" verbnet="">annul</alias>
      </aliases>
      <note>ANNUL-V NOTES: Based on dictionary.com. Member of VNcls void-106. (from annul.01-v)</note>
      <roles>
        <role descr="entity making void or null" f="PAG" n="0">
          <vnrole vncls="106" vntheta="Agent"/>
        </role>
        <role descr="thing made void" f="PPT" n="1">
          <vnrole vncls="106" vntheta="Patient"/>
        </role>
      </roles>
      <example name="failed marriage" src="" type="">
        <text>The judge annuled the marriage.</text>
        <arg f="" n="0">The judge</arg>
        <rel f="">annuled</rel>
        <arg f="" n="1">the marriage</arg>
      </example>
    </roleset>
  </predicate>
</frameset>
