<!DOCTYPE frameset SYSTEM "frameset.dtd">
<frameset>
  <predicate lemma="anoint">
    <roleset id="anoint.01" name="to apply  oil or similar substance">
      <aliases>
        <alias framenet="" pos="v" verbnet="">anoint</alias>
      </aliases>
      <note>ANOINT-V NOTES: Frames file for 'anoint' based on survey of sentences in the WSJ corpus. (from anoint.01-v predicate notes)</note>
      <roles>
        <role descr="anointer, agent" f="PAG" n="0">
          <vnrole vncls="9.8" vntheta="Agent"/>
        </role>
        <role descr="entity anointed" f="GOL" n="1">
          <vnrole vncls="9.8" vntheta="Destination"/>
        </role>
      </roles>
      <example name="transitive" src="" type="">
        <inflection aspect="ns" form="participle" person="ns" tense="ns" voice="active"/>
        <text>For one thing , there is an old master [*ICH*-1] on the wall -- `` Samuel Anointing David , '' a big baroque canvas painted [*]by Mattia Preti , a 17th-century Neapolitan .</text>
        <arg f="" n="0">Samuel</arg>
        <rel f="">Anointing</rel>
        <arg f="" n="1">David</arg>
      </example>
    </roleset>
  </predicate>
</frameset>
