<!DOCTYPE frameset SYSTEM "frameset.dtd">
<frameset>
  <predicate lemma="anonymous">
    <roleset id="anonymous.01" name="unattributed, nameless">
      <aliases>
        <alias framenet="" pos="j" verbnet="">anonymous</alias>
      </aliases>
      <note>ANONYMOUS-J NOTES: Added automatically by Julia. (from anonymous.01-j)</note>
      <roles>
        <role descr="anonymous entity" f="ppt" n="1"/>
      </roles>
      <example name="" src="" type="">
        <text>User is logged in, but log says the order was anonymous.</text>
      </example>
    </roleset>
  </predicate>
</frameset>
