<!DOCTYPE frameset SYSTEM "frameset.dtd">
<frameset>
  <predicate lemma="anovulation">
    <roleset id="anovulation.01" name="lack ovulation due to a menstural cycle in which ovaries fo not release an oocyte  lack ovulation due to a menstural cycle in which ovaries fo not release an oocyte  lack ovulation due to a menstural cycle in which ovaries fo not release an oocyte  lack ovulation due to a menstural cycle in which ovaries fo not release an oocyte  lack ovulation due to a menstural cycle in which ovaries fo not release an oocyte  lack ovulation due to a menstural cycle in which ovaries fo not release an oocyte  lack ovulation due to a menstural cycle in which ovaries fo not release an oocyte  lack ovulation due to a menstural cycle in which ovaries fo not release an oocyte  lack ovulation due to a menstural cycle in which ovaries fo not release an oocyte  lack ovulation due to a menstural cycle in which ovaries fo not release an oocyte  lack ovulation due to a menstural cycle in which ovaries fo not release an oocyte  lack ovulation due to a menstural cycle in which ovaries fo not release an oocyte  lack ovulation due to a menstural cycle in which ovaries fo not release an oocyte  lack ovulation due to a menstural cycle in which ovaries fo not release an oocyte  lack ovulation due to a menstural cycle in which ovaries fo not release an oocyte  lack ovulation due to a menstural cycle in which ovaries fo not release an oocyte  lack ovulation due to lack ovulation due to a menstural cycle in which the ovaries do not release an oocyte">
      <aliases>
        <alias framenet="" pos="n" verbnet="">anovulation</alias>
      </aliases>
      <note>ANOVULATION-N NOTES: Based on Sharp data. No Comparison. No VN or FN classes. Framed by Katie. (from anovulation.01-n)</note>
      <roles>
        <role descr="cause" f="pag" n="0"/>
        <role descr="entity not emitting an egg" f="ppt" n="1"/>
      </roles>
      <example name="arg 0 only" src="" type="">
        <inflection aspect="ns" form="ns" person="ns" tense="ns" voice="ns"/>
        <text>Anovulation due to PCOS.</text>
        <rel f="">Anovulation</rel>
        <arg f="" n="0">due to PCOS.</arg>
      </example>
    </roleset>
  </predicate>
</frameset>
