<!DOCTYPE frameset SYSTEM "frameset.dtd">
<frameset>
  <predicate lemma="antagonize">
    <roleset id="antagonize.01" name="be hostile towards, inciting hostility in the target">
      <aliases>
        <alias framenet="Experiencer_obj" pos="v" verbnet="">antagonize</alias>
        <alias framenet="" pos="j" verbnet="">antagonistic</alias>
      </aliases>
      <note>ANTAGONIZE-V NOTES: Member of Vncls amuse-31.1. (from antagonize.01-v)</note>
      <note>ANTAGONISTIC-J NOTES: Roleset based on BOLT P01. Comparison toantagonize.01, which maps to VN class 31.1. (from antagonistic.01-j)</note>
      <roles>
        <role descr="hostile entity" f="PAG" n="0">
          <vnrole vncls="31.1" vntheta="Stimulus"/>
        </role>
        <role descr="entity antagonized" f="PPT" n="1">
          <vnrole vncls="31.1" vntheta="Experiencer"/>
        </role>
      </roles>
      <example name="transitive" src="" type="">
        <inflection aspect="ns" form="full" person="ns" tense="present" voice="active"/>
        <text>Whatever the outcome of a test case [*T*-4] , President Bushwould have [*-2]to move cautiously becase the very attempt would ``antagonize not just Democrats but Republicans , '' says [*T*-3] Louis Fisher , a scholar at the Congressional Research Service who[*T*-1] specializes in executive-legislative relations .</text>
        <arg f="" n="0">the very attempt</arg>
        <arg f="mod" n="m">would</arg>
        <rel f="">antagonize</rel>
        <arg f="" n="1">not just Democrats but Republicans</arg>
      </example>
      <example name="All args" src="BOLT P01" type="">
        <inflection aspect="ns" form="ns" person="ns" tense="ns" voice="ns"/>
        <text>If elections were held their , or if there was a struggle for power , the regime that would arise would be friendly with Iran andextremely antagonistic to the U.S. : quite understandably I mightadd .</text>
        <arg f="adv" n="m">If elections were held their , or if there was a struggle for power ,</arg>
        <arg f="" n="0">the regime that would arise</arg>
        <arg f="mod" n="m">would</arg>
        <arg f="ext" n="m">extremely</arg>
        <rel f="">antagonistic</rel>
        <arg f="" n="1">to the U.S.</arg>
      </example>
    </roleset>
    <roleset id="antagonize.02" name="diametrically oppose, neutralizing each other's effect">
      <aliases>
        <alias framenet="" pos="v" verbnet="">antagonize</alias>
        <alias framenet="" pos="j" verbnet="">antagonistic</alias>
      </aliases>
      <note>ANTAGONIZE-V NOTES: ANTAGONISTIC-J NOTES:This lemma has been reframed following negotiations betweenMartha, Julia, Tim, Katie and Ulf. The former frame contained asingle roleset for all usages. The new frame splits volitional fromnon-volitional subjects, and experiencer from non-experiencing objects</note>
      <roles>
        <role descr="neutralizing, opposing entity" f="ppt" n="1"/>
        <role descr="neutralized, opposed entity" f="PPT" n="2"/>
      </roles>
      <example name="antagonize-v: both args" src="" type="">
        <inflection aspect="ns" form="ns" person="ns" tense="ns" voice="ns"/>
        <text>Sodium selenite antagonizes sodium arsenite-induced chromosomal aberrations and sister chromosome exchanges in humanlymphocytes.</text>
        <arg f="" n="1">Sodium selenite</arg>
        <rel f="">antagonizes</rel>
        <arg f="" n="2">sodium arsenite-induced chromosomal aberrations and sister chromosome exchanges</arg>
        <arg f="loc" n="m">in human lymphocytes</arg>
      </example>
      <example name="antagonistic-j: both args" src="" type="">
        <inflection aspect="ns" form="ns" person="ns" tense="ns" voice="ns"/>
        <text>To achieve the project objective, it is vital to find a way to isolate and estimate the functional group that-1 *T*-1 is antagonistic toR. solani AG 1.</text>
        <arg f="" n="1">*T*-1</arg>
        <rel f="">antagonistic</rel>
        <arg f="" n="2">to R. solani AG 1</arg>
      </example>
    </roleset>
  </predicate>
</frameset>
