<!DOCTYPE frameset SYSTEM "frameset.dtd">
<frameset>
  <predicate lemma="anterior">
    <roleset id="anterior.01" name="be towards the front plane of the body">
      <aliases>
        <alias framenet="" pos="j" verbnet="">anterior</alias>
      </aliases>
      <note>ANTERIOR-J NOTES: Based on Sharp data. Referenced border.01. Framed by Katie. (from anterior.01-j)</note>
      <roles>
        <role descr="thing that is more forward" f="ppt" n="1"/>
        <role descr="in reference to what" f="ppt" n="2"/>
      </roles>
      <example name="With a degree construction, a numbered argument trumps the construction!" src="" type="">
        <inflection aspect="ns" form="ns" person="ns" tense="ns" voice="ns"/>
        <text>Site 2 is more anterior than site 1</text>
        <arg f="" n="1">Site 2</arg>
        <arg f="ext" n="m">more</arg>
        <rel f="">anterior</rel>
        <arg f="" n="2">than site 1</arg>
      </example>
      <example name="Easier example - in relation to a fixed location" src="" type="">
        <inflection aspect="ns" form="ns" person="ns" tense="ns" voice="ns"/>
        <text>The DCIS is anterior to this site</text>
        <arg f="" n="1">The DCIS</arg>
        <rel f="">anterior</rel>
        <arg f="" n="2">to this site</arg>
      </example>
    </roleset>
  </predicate>
</frameset>
