<!DOCTYPE frameset SYSTEM "frameset.dtd">
<frameset>
  <predicate lemma="antedate">
    <roleset id="antedate.01" name="to precede, come before something else">
      <aliases>
        <alias framenet="" pos="v" verbnet="">antedate</alias>
      </aliases>
      <note>ANTEDATE-V NOTES: Roleset based on project ULA-MASC-1-rest. Comparison to 'precede', no VN entry. Framed by Claire. (from antedate.01-v)</note>
      <roles>
        <role descr="Preceder, thing antedating/coming before sth else" f="PAG" n="0"/>
        <role descr="Thing preceded, following arg0." f="ppt" n="1"/>
      </roles>
      <example name="All arguments" src="web" type="">
        <inflection aspect="ns" form="ns" person="ns" tense="ns" voice="ns"/>
        <text>The Peruvian empire antedates the Mexican empire.</text>
        <arg f="" n="0">The Peruvian empire</arg>
        <rel f="">antedates</rel>
        <arg f="" n="1">the Mexican empire</arg>
      </example>
    </roleset>
  </predicate>
</frameset>
