<!DOCTYPE frameset SYSTEM "frameset.dtd">
<frameset>
  <predicate lemma="antiassad">
    <roleset id="antiassad.01" name="politically opposed to bashar al-assad">
      <aliases>
        <alias framenet="" pos="j" verbnet="">antiassad</alias>
      </aliases>
      <note>ANTIASSAD-J NOTES: Added automatically by Julia. (from antiassad.01-j)</note>
      <roles>
        <role descr="entity opposed to Assad" f="ppt" n="1"/>
      </roles>
      <example name="" src="" type="">
        <text>The fool thought he could just walk around safely like a tourist in al-Qaeda controlled territory just because he was was anti-Assad.</text>
      </example>
    </roleset>
  </predicate>
</frameset>
