<!DOCTYPE frameset SYSTEM "frameset.dtd">
<frameset>
  <predicate lemma="anticorruption">
    <roleset id="anticorruption.01" name="combatting corruption">
      <aliases>
        <alias framenet="" pos="n" verbnet="">anticorruption</alias>
      </aliases>
      <note>ANTICORRUPTION-N NOTES: Added by Julia based on BOLT-6, relation to corrupt.01. (from anticorruption.01-n)</note>
      <roles>
        <role descr="entity combatting corruption" f="pag" n="0"/>
        <role descr="entity freed from corruption" f="ppt" n="1"/>
        <role descr="the corruption itself, which is removed" f="vsp" n="2"/>
      </roles>
      <example name="arg1" src="internet" type="">
        <inflection aspect="ns" form="ns" person="ns" tense="ns" voice="ns"/>
        <text>Research on the New Development in the Anticorruption of the Communist Party of China after the 17th National Congress.</text>
        <rel f="">anticorruption</rel>
        <arg f="" n="1">of the Communist Party of China</arg>
      </example>
      <example name="arg1" src="BOLT-6" type="">
        <inflection aspect="ns" form="ns" person="ns" tense="ns" voice="ns"/>
        <text>I suggest we create a thief group that specializes in anti-corruption among civil servants .</text>
        <rel f="">anticorruption</rel>
        <arg f="" n="1">among civil servants</arg>
      </example>
    </roleset>
  </predicate>
</frameset>
