<!DOCTYPE frameset SYSTEM "frameset.dtd">
<frameset>
  <predicate lemma="anticoagulate">
    <roleset id="anticoagulate.101" name="give a patient medication to interfere with normal clotting, having recieved blood thinning medication">
      <aliases>
        <alias framenet="" pos="n" verbnet="">anticoagulation</alias>
        <alias framenet="" pos="j" verbnet="">anticoagulated</alias>
        <alias framenet="" pos="v" verbnet="">anticoagulate</alias>
      </aliases>
      <note>ANTICOAGULATE-V NOTES: Based on data in medical QA corpus (Framed by Anwen 07/20/10) (from anticoagulate.101-v)</note>
      <note>ANTICOAGULATION-N NOTES: Roleset based on verb frame anticoagulate.101. Framed by Anwen Feb 2011 (from anticoagulation.01-n)</note>
      <note>ANTICOAGULATED-J NOTES: Added by Julia based on medi-tmprl1to8. (from anticoagulated.01-j)</note>
      <roles>
        <role descr="Doctor" f="pag" n="0"/>
        <role descr="Patient" f="ppt" n="1"/>
      </roles>
      <example name="Typical Transitive" src="" type="">
        <inflection aspect="ns" form="ns" person="ns" tense="ns" voice="ns"/>
        <text>Dr. John anticoagulated the patient using IV heparin.</text>
        <arg f="" n="0">Dr. John</arg>
        <rel f="">anticoagulated</rel>
        <arg f="" n="1">the patient</arg>
        <arg f="mnr" n="m">using IV heparin</arg>
      </example>
      <example name="Arg0 and Arg1" src="" type="">
        <inflection aspect="ns" form="ns" person="ns" tense="ns" voice="ns"/>
        <text>Dr. Suzy's anticoagulation of Patient Bob was successful.</text>
        <arg f="" n="0">Dr. Suzy's</arg>
        <rel f="">anticoagulation</rel>
        <arg f="" n="1">of Patient Bob</arg>
      </example>
      <example name="With drug" src="" type="">
        <inflection aspect="ns" form="ns" person="ns" tense="ns" voice="ns"/>
        <text>If no thrombus is evident, heparin anticoagulation may be initiated.</text>
        <arg f="mnr" n="m">heparin</arg>
        <rel f="">anticoagulation</rel>
      </example>
    </roleset>
  </predicate>
</frameset>
