<!DOCTYPE frameset SYSTEM "frameset.dtd">
<frameset>
  <predicate lemma="antiwar">
    <roleset id="antiwar.01" name="against the idea of war">
      <aliases>
        <alias framenet="" pos="j" verbnet="">antiwar</alias>
      </aliases>
      <note>ANTIWAR-J NOTES: Added automatically by Julia. Related to war-v warfare-n warmonger-v (from antiwar.01-j)</note>
      <roles>
        <role descr="antiwar entity" f="pag" n="1"/>
      </roles>
      <example name="" src="" type="">
        <text>From the outset, the NSL was antiwar, but it distinguished between imperalist wars and "progressive" wars (anti-imperialistic or class wars).</text>
      </example>
    </roleset>
  </predicate>
</frameset>
