<!DOCTYPE frameset SYSTEM "frameset.dtd">
<frameset>
  <predicate lemma="anticipate">
    <roleset id="anticipate.01" name="expect">
      <aliases>
        <alias framenet="" pos="n" verbnet="">anticipation</alias>
        <alias framenet="Expectation" pos="v" verbnet="">anticipate</alias>
      </aliases>
      <note>ANTICIPATE-V NOTES: No verbnet entry. Comparison with 'expect' (from anticipate.01-v)</note>
      <note>ANTICIPATION-N NOTES: Added due to expansion of Nombank. Comparison to 'anticipate.01' No Vn or Fn classes. Framed by Katie. (from anticipation.01-n)</note>
      <roles>
        <note>Sometimes also with an empty Arg1 (trace only) (from anticipate.01-v)</note>
        <role descr="anticipater" f="PAG" n="0"/>
        <role descr="thing anticipated" f="PPT" n="1"/>
      </roles>
      <example name="active, light S as object" src="" type="">
        <text>The documents also said that Cray Computer anticipates *trace* needing perhaps another $120 million in financing beginning next September.</text>
        <arg f="" n="0">Cray Computer</arg>
        <rel f="">anticipates</rel>
        <arg f="" n="1">*trace* needing perhaps another $120 million in financing beginning next September.</arg>
      </example>
      <example name="active, SBAR as object" src="" type="">
        <text>But [speculators]-2, *trace*-2 anticipating that Connecticut will approve a law permitting such interstate banking soon, immediately bid up shares of Connecticut banks on the news.</text>
        <arg f="" n="0">*trace*-2</arg>
        <rel f="">anticipating</rel>
        <arg f="" n="1">that Connecticut will approve a law permitting such interstate banking soon</arg>
      </example>
      <example name="passivized with extraction" src="" type="">
        <text>John is anticipated *trace* to win the Nobel Prize.</text>
        <rel f="">anticipated</rel>
        <arg f="" n="1">*trace* to win the Nobel Prize</arg>
      </example>
      <example name="with comparative" src="" type="">
        <text>``This is all emotion right now, and when emotion starts to run, it can run further than anyone anticipates,'' he said.</text>
        <arg f="" n="0">anyone</arg>
        <rel f="">anticipates</rel>
      </example>
      <example name="arg 1" src="" type="">
        <inflection aspect="ns" form="ns" person="ns" tense="ns" voice="ns"/>
        <text>gleeful anticipation of getting a share of this market</text>
        <arg f="mnr" n="m">gleeful</arg>
        <rel f="">anticipation</rel>
        <arg f="" n="1">of getting a share of this market.</arg>
      </example>
      <example name="Both args" src="" type="">
        <inflection aspect="ns" form="ns" person="ns" tense="ns" voice="ns"/>
        <text>His anticipation of the blow saved it from doing serious damage</text>
        <arg f="" n="0">His</arg>
        <rel f="">anticipation</rel>
        <arg f="" n="1">of the blow</arg>
      </example>
    </roleset>
    <roleset id="anticipate.02" name="come before">
      <aliases>
        <alias framenet="" pos="v" verbnet="">anticipate</alias>
      </aliases>
      <note>ANTICIPATE-V NOTES: These two senses are very close in meaning, but fortunately theframing is the same. (from anticipate.02-v)</note>
      <roles>
        <role descr="thing coming before" f="PAG" n="0"/>
        <role descr="thing coming after" f="PPT" n="1"/>
      </roles>
      <example name="active" src="" type="">
        <text>The downgrade anticipates completion of the IMA Holdings acquisition today, Moody's said.</text>
        <arg f="" n="0">The downgrade</arg>
        <rel f="">anticipates</rel>
        <arg f="" n="1">completion of the IMA Holdings acquisition today</arg>
      </example>
    </roleset>
  </predicate>
</frameset>
