<!DOCTYPE frameset SYSTEM "frameset.dtd">
<frameset>
  <predicate lemma="antique">
    <roleset id="antique.01" name="shop specifically for antiques">
      <aliases>
        <alias framenet="" pos="v" verbnet="">antique</alias>
      </aliases>
      <note>ANTIQUE-V NOTES: Frames file for 'antique' based on dictionary.com. Verbnet entry 13.7. frame by Perryn (from antique.01-v predicate notes)</note>
      <roles>
        <role descr="shopper" f="pag" n="0">
          <vnrole vncls="13.7" vntheta="agent"/>
        </role>
        <role descr="thing sought" f="ppt" n="1"/>
        <role descr="benefactive" f="gol" n="4"/>
      </roles>
      <example name="shop for old things" src="" type="">
        <text>Mary antiques along the East Coast, looking for good deals and fine pieces.</text>
        <arg f="" n="0">Mary</arg>
        <rel f="">antiques</rel>
        <arg f="" n="1">good deals and fine piecs</arg>
      </example>
    </roleset>
  </predicate>
</frameset>
