<!DOCTYPE frameset SYSTEM "frameset.dtd">
<frameset>
  <predicate lemma="antsy">
    <roleset id="antsy.01" name="experiencing nervousness, impatience">
      <aliases>
        <alias framenet="" pos="j" verbnet="">antsy</alias>
      </aliases>
      <note>ANTSY-J NOTES: Added by Julia based on SMS, comparison to 'anxious.01'. (from antsy.01-j)</note>
      <roles>
        <role descr="causer of anxiety, impatience" f="cau" n="0"/>
        <role descr="experiencer of anxiety, impatience" f="pag" n="1"/>
        <role descr="impatient to do what" f="ppt" n="2"/>
      </roles>
      <example name="arg 0, 1" src="SMS" type="">
        <inflection aspect="ns" form="ns" person="ns" tense="ns" voice="ns"/>
        <text>She 's asking me what y r txting , she does not miss a beat . I think she 's getting antsy living with a grandpa</text>
        <arg f="" n="1">she</arg>
        <rel f="">antsy</rel>
        <arg f="" n="0">living with grandpa</arg>
      </example>
      <example name="Me too!" src="internet" type="">
        <inflection aspect="ns" form="ns" person="ns" tense="ns" voice="ns"/>
        <text>She's antsy to get to boating this morning</text>
        <arg f="" n="1">She</arg>
        <rel f="">antsy</rel>
        <arg f="" n="2">to get to boating</arg>
        <arg f="tmp" n="m">this morning</arg>
      </example>
    </roleset>
  </predicate>
</frameset>
