<!DOCTYPE frameset SYSTEM "frameset.dtd">
<frameset>
  <predicate lemma="anuric">
    <roleset id="anuric.01" name="unable to urinate">
      <aliases>
        <alias framenet="" pos="j" verbnet="">anuric</alias>
      </aliases>
      <note>ANURIC-J NOTES: Added by Julia based on medi-tmprl1to8 (from anuric.01-j)</note>
      <roles>
        <role descr="entity who cannot unrinate" f="pag" n="1"/>
      </roles>
      <example name="arg1" src="medi-tmprl" type="">
        <inflection aspect="ns" form="ns" person="ns" tense="ns" voice="ns"/>
        <text>He is basically almost anuric .</text>
        <arg f="" n="1">he</arg>
        <arg f="adv" n="m">basically</arg>
        <arg f="ext" n="m">almost</arg>
        <rel f="">anuric</rel>
      </example>
    </roleset>
  </predicate>
</frameset>
