<!DOCTYPE frameset SYSTEM "frameset.dtd">
<frameset>
  <predicate lemma="anxious">
    <roleset id="anxious.01" name="experiencing nervousness">
      <aliases>
        <alias framenet="Emotion_directed" pos="j" verbnet="">anxious</alias>
      </aliases>
      <note>ANXIOUS-J NOTES: Roleset based on instances in BOLT P01. (from anxious.01-j)</note>
      <roles>
        <role descr="cause of anxiety -- anxious over/about what?" f="cau" n="0"/>
        <role descr="nervous entity" f="cau" n="1"/>
      </roles>
      <example name="All args" src="web" type="">
        <inflection aspect="ns" form="ns" person="ns" tense="ns" voice="ns"/>
        <text>Besides coping with the divorce, she was anxious over family crises including her mother's diagnosis with a serious lung disease.</text>
        <arg f="adv" n="m">Besides coping with the divorce,</arg>
        <arg f="" n="1">she</arg>
        <rel f="">anxious</rel>
        <arg f="" n="0">over family crises including her mother's diagnosis with a serious lung disease.</arg>
      </example>
    </roleset>
    <roleset id="anxious.02" name="antsy, impatient, eager to do something">
      <aliases>
        <alias framenet="" pos="j" verbnet="">anxious</alias>
      </aliases>
      <note>ANXIOUS-J NOTES: Added by Julia based on WordNet. (from anxious.02-j)</note>
      <roles>
        <role descr="impatient one" f="pag" n="1"/>
        <role descr="to do what" f="ppt" n="2"/>
      </roles>
      <example name="both args" src="internet" type="">
        <inflection aspect="ns" form="ns" person="ns" tense="ns" voice="ns"/>
        <text>She was anxious to finish school and get a job.</text>
        <arg f="" n="1">She</arg>
        <rel f="">anxious</rel>
        <arg f="" n="2">to finish school and get a job</arg>
      </example>
    </roleset>
  </predicate>
</frameset>
