<!DOCTYPE frameset SYSTEM "frameset.dtd">
<frameset>
  <predicate lemma="apartheidize">
    <roleset id="apartheidize.01" name="installing apartheid; segregating">
      <aliases>
        <alias framenet="" pos="v" verbnet="">apartheidize</alias>
        <alias framenet="" pos="n" verbnet="">apartheidization</alias>
      </aliases>
      <note>APARTHEIDIZATION-N NOTES: Added by Julia based on BOLT. No VNcls. (from apartheidization.01-n)</note>
      <note>APARTHEIDIZE-V NOTES: Automatically added alias.</note>
      <roles>
        <role descr="agent of apartheidization" f="PAG" n="0"/>
        <role descr="nation/region being inflicted with apartheid" f="ppt" n="1"/>
      </roles>
      <example name="arg1" src="BOLT" type="">
        <inflection aspect="ns" form="ns" person="ns" tense="ns" voice="ns"/>
        <text>Ultimately , the path the Republican Party is following will lead to the apartheidization of America .</text>
        <rel f="">apartheidization</rel>
        <arg f="" n="1">of America</arg>
      </example>
    </roleset>
  </predicate>
</frameset>
