<!DOCTYPE frameset SYSTEM "frameset.dtd">
<frameset>
  <predicate lemma="aphasic">
    <roleset id="aphasic.01" name="be affected by aphasia">
      <aliases>
        <alias framenet="" pos="j" verbnet="">aphasic</alias>
      </aliases>
      <note>APHASIC-J NOTES: Based on Thyme data. No comparison. No VN or FN classes. Framed by Katie. (from aphasic.01-j)</note>
      <roles>
        <role descr="cause" f="pag" n="0"/>
        <role descr="thing or aspect affected by aphasic (Ie speech)" f="ppt" n="1"/>
        <role descr="aphasia sufferer" f="gol" n="2"/>
      </roles>
      <example name="all args" src="" type="">
        <inflection aspect="ns" form="ns" person="ns" tense="ns" voice="ns"/>
        <text>her stroke-induced aphasic speech</text>
        <arg f="" n="2">her</arg>
        <arg f="" n="0">stroke-induced</arg>
        <rel f="">aphasic</rel>
        <arg f="" n="1">speech</arg>
      </example>
      <example name="arg 2 only" src="" type="">
        <inflection aspect="ns" form="ns" person="ns" tense="ns" voice="ns"/>
        <text>She remained aphasic for one day.</text>
        <arg f="" n="2">She</arg>
        <rel f="">aphasic</rel>
        <arg f="tmp" n="m">for one day.</arg>
      </example>
    </roleset>
  </predicate>
</frameset>
