<!DOCTYPE frameset SYSTEM "frameset.dtd">
<frameset>
  <predicate lemma="apologize">
    <roleset id="apologize.01" name="be contrite">
      <aliases>
        <alias framenet="" pos="v" verbnet="">apologize</alias>
        <alias framenet="" pos="n" verbnet="">apology</alias>
        <alias framenet="" pos="l" verbnet="">make_apology</alias>
      </aliases>
      <note>APOLOGIZE-V NOTES: Could also be a verb of saying:"'I'm sorry,' apologized Mary."butthis doesn't occur in wsj. (from apologize.01-v)</note>
      <note>APOLOGY-N NOTES: Roleset based on instances in nouns-lv and verb frame apologize.01. Framed by Claire. (from apology.01-n)</note>
      <roles>
        <note>Arg3 added by Julia based on BOLT instance. (from apology.01-n)</note>
        <role descr="apologist" f="pag" n="0"/>
        <role descr="apologize for" f="cau" n="1"/>
        <role descr="apologized to" f="gol" n="2"/>
        <role descr="utterance, the apology itself" f="ppt" n="3"/>
      </roles>
      <example name="intransitive" src="" type="">
        <inflection aspect="ns" form="full" person="ns" tense="past" voice="active"/>
        <text>The company later apologized and agreed to make $8 million in contributions to charities chosen by him.</text>
        <arg f="" n="0">The company</arg>
        <arg f="TMP" n="M">later</arg>
        <rel f="">apologized</rel>
      </example>
      <example name="transitive" src="" type="">
        <inflection aspect="ns" form="gerund" person="ns" tense="present" voice="active"/>
        <text>[Fujitsu Ltd.'s top executive]-1 took the unusual step of *trace*-1 publicly apologizing for his company's making bids of just one yen for several local government projects, while computer rival NEC Corp. made a written apology for indulging in the same practice.</text>
        <arg f="" n="0">*trace*-1</arg>
        <arg f="MNR" n="M">publicly</arg>
        <rel f="">apologizing</rel>
        <arg f="" n="1">for his company's making bids of just one yen for several local government projects</arg>
      </example>
      <example name="with apologized-to" src="" type="">
        <inflection aspect="ns" form="full" person="ns" tense="past" voice="active"/>
        <text>Mary always apologized to John after hitting him, but she kept doing it anyway.</text>
        <arg f="" n="0">Mary</arg>
        <arg f="TMP" n="m">always</arg>
        <rel f="">apologized</rel>
        <arg f="" n="2">to John</arg>
        <arg f="TMP" n="m">after hitting him</arg>
      </example>
      <example name="all args" src="web" type="">
        <inflection aspect="ns" form="full" person="ns" tense="past" voice="active"/>
        <text>Witherspoon wrote this as his apology to her for crossing that line.</text>
        <arg f="" n="0">his</arg>
        <rel f="">apology</rel>
        <arg f="" n="2">to her</arg>
        <arg f="" n="1">for crossing that line.</arg>
      </example>
      <example name="with arg3" src="BOLT" type="">
        <inflection aspect="ns" form="ns" person="ns" tense="ns" voice="ns"/>
        <text>I 've also had bids erased at the last second because the item is no longer available , and post auction apologies that when they came to pack it they could n't find it</text>
        <arg f="tmp" n="m">post auction</arg>
        <rel f="">apologies</rel>
        <arg f="" n="3">that when they came to pack it they couldn't find it</arg>
      </example>
    </roleset>
  </predicate>
</frameset>
