<!DOCTYPE frameset SYSTEM "frameset.dtd">
<frameset>
  <predicate lemma="apostatize">
    <roleset id="apostatize.01" name="sever or dissociate">
      <aliases>
        <alias framenet="" pos="v" verbnet="">apostatize</alias>
      </aliases>
      <note>APOSTATIZE-V NOTES: Edited by hwangd; Member of VNcls other_cos-45.4. also based on VN class 23.1 (but not currently a member). (from apostatize.01-v)</note>
      <roles>
        <role descr="agent; the one willfully dissociating" f="pag" n="0">
          <vnrole vncls="45.4" vntheta="agent"/>
        </role>
        <role descr="dissociated from" f="dir" n="1">
          <vnrole vncls="45.4" vntheta="patient"/>
        </role>
      </roles>
      <example name="Usual use" src="web usage" type="">
        <text>Have we apostatized from the principles of the Constitution?</text>
        <arg f="" n="0">we</arg>
        <rel f="">apostatized</rel>
        <arg f="" n="1">from the principles of the Constitution</arg>
      </example>
    </roleset>
  </predicate>
</frameset>
