<!DOCTYPE frameset SYSTEM "frameset.dtd">
<frameset>
  <predicate lemma="appall">
    <roleset id="appall.01" name="strike with disgust">
      <aliases>
        <alias framenet="Desirability Stimulus_focus" pos="j" verbnet="">appalling</alias>
        <alias framenet="Emotion_directed" pos="v" verbnet="">appall</alias>
        <alias framenet="" pos="j" verbnet="">appalled</alias>
      </aliases>
      <note>APPALL-V NOTES: Frames file for 'appall' based on wsj; adjectival 'appalled' based on BOLT-4,5. Member of VNcls amus-31.1. (from appall.01-v)</note>
      <note>APPALLING-J NOTES: Roleset based on instances in BOLT P01. (from appalling.01-j)</note>
      <note>APPALLED-J NOTES: Automatically created by Julia as an alias file for unification. (from appalled.01-j)</note>
      <roles>
        <role descr="Stimulus of appallment" f="pag" n="0">
          <vnrole vncls="31.1" vntheta="stimulus"/>
        </role>
        <role descr="appalled entity" f="ppt" n="1">
          <vnrole vncls="31.1" vntheta="experiencer"/>
        </role>
      </roles>
      <example name="infinitival cause" src="" type="">
        <inflection aspect="ns" form="participle" person="third" tense="past" voice="passive"/>
        <text>[I]*-1 was appalled [*-1][*-2] to read the misstatements of facts in your Oct. 13 editorial ``Colombia's Brave Publisher.''</text>
        <rel f="">appalled</rel>
        <arg f="" n="1">[*-1]</arg>
        <arg f="" n="0">[*-2] to read the misstatements of facts in your Oct. 13 editorial ``Colombia's Brave Publisher</arg>
      </example>
      <example name="nominal cause" src="" type="">
        <inflection aspect="ns" form="participle" person="ns" tense="past" voice="passive"/>
        <text>[Readers]*-1 were electrified by the paper's audacity and appalled [*-1]by the dark side of life it uncovered.</text>
        <rel f="">appalled</rel>
        <arg f="" n="1">[*-1]</arg>
        <arg f="" n="0">by the dark side of life it uncovered</arg>
      </example>
      <example name="sbar cause" src="" type="">
        <inflection aspect="ns" form="participle" person="ns" tense="past" voice="passive"/>
        <text>They were appalled, for instance, that he wanted to target more of the $3 billion Community Development Block Grant (CDBG) program to low-income projects and zero out the notorious ``discretionary'' funds that have allowed HUD officials to steer contracts to political cronies.</text>
        <arg f="" n="1">They</arg>
        <rel f="">appalled</rel>
        <arg f="" n="0">that he wanted to target more of the $3 billion Community Development Block Grant (CDBG) program to low-income projects and zero out the notorious ``discretionary'' funds that have allowed HUD officials to steer contracts to political cronies</arg>
      </example>
      <example name="both args with MNR" src="internet" type="">
        <inflection aspect="ns" form="ns" person="ns" tense="ns" voice="ns"/>
        <text>Joe the Plumber says the Republican presidential nominee "appalled" him with his answers on federal bailouts.</text>
        <arg f="" n="0">the Republican presidential nominee</arg>
        <rel f="">appalled</rel>
        <arg f="" n="1">him</arg>
        <arg f="mnr" n="m">with his answers on federal bailouts</arg>
      </example>
      <example name="All args" src="web" type="">
        <inflection aspect="ns" form="ns" person="ns" tense="ns" voice="ns"/>
        <text>At that time, the price was appalling to me.</text>
        <arg f="tmp" n="m">At that time</arg>
        <arg f="" n="0">the price</arg>
        <rel f="">appalling</rel>
        <arg f="" n="1">to me</arg>
      </example>
    </roleset>
  </predicate>
</frameset>
