<!DOCTYPE frameset SYSTEM "frameset.dtd">
<frameset>
  <predicate lemma="appear">
    <roleset id="appear.01" name="come to be visible">
      <aliases>
        <alias framenet="" pos="v" verbnet="">appear</alias>
        <alias framenet="" pos="n" verbnet="">appearance</alias>
        <alias framenet="" pos="l" verbnet="">make_appearance</alias>
      </aliases>
      <note>APPEAR-V NOTES: Member of VN class appear-48.1.1. (from appear.01-v)</note>
      <note>APPEARANCE-N NOTES: Roleset based on instances in nouns-lv and appear.01 roleset. Framed by Claire. (from appearance.01-n)</note>
      <roles>
        <role descr="thing appearing" f="ppt" n="1">
          <vnrole vncls="48.1.1" vntheta="Theme"/>
        </role>
      </roles>
      <example name="ergative" src="" type="">
        <text>The latest results appear in today's New England Journal of Medicine.</text>
        <arg f="" n="1">The latest results</arg>
        <rel f="">appear</rel>
        <arg f="loc" n="m">in today's New England Journal of Medicine</arg>
      </example>
      <example name="All (one) args" src="nouns-lv" type="">
        <text>His only major league appearance was a disappointment.</text>
        <arg f="" n="1">his</arg>
        <arg f="tmp" n="m">only</arg>
        <arg f="loc" n="m">major league</arg>
        <rel f="">appearance</rel>
      </example>
    </roleset>
    <roleset id="appear.02" name="seem, appear, be unmistakable (for/as)">
      <aliases>
        <alias framenet="" pos="j" verbnet="">apparent</alias>
        <alias framenet="" pos="j" verbnet="">appearing</alias>
        <alias framenet="" pos="v" verbnet="">appear</alias>
      </aliases>
      <note>APPEAR-V NOTES: Member of VN class seem-109. (from appear.02-v)</note>
      <note>APPARENT-J NOTES: Based on Sharp data. Comparison to appear.02. Appear.02 is a member of VN class appear-109. Framed by Katie. (from apparent.01-j)</note>
      <note>APPEARING-J NOTES: Based on Sharp data. Comparison to appear.02. Appear.02 is a member of Vncls seem-109. Framed by Katie. (from appearing.01-j)</note>
      <roles>
        <role descr="thing seeming, often requires concatenation" f="ppt" n="1">
          <vnrole vncls="109" vntheta="Theme"/>
          <vnrole vncls="109" vntheta="Attribute"/>
        </role>
        <role descr="viewer, to whom does it seem like that?" f="gol" n="2">
          <vnrole vncls="109" vntheta="Attribute"/>
        </role>
      </roles>
      <example name="Args 1, with concatenation" src="" type="">
        <text>[The percentage of lung cancer deaths among the workers at the West Groton MA paper factory]-1 appears *-1 to be the highest for any asbestos workers studied in Western industrialized countries.</text>
        <arg f="" n="1">[[The percentage of lung cancer deaths among the workers at the West Groton MA paper factory]-1], [*-1 to be the highest for any asbestos workers studied in Western industrialized countries]</arg>
        <rel f="">appears</rel>
      </example>
      <example name="Watch for dummy it, will bemarked EXP in TreeBank, otherwise referential" src="" type="">
        <text>It-1 appears *-1 to be the sort of situation where anything can happen.</text>
        <arg f="" n="1">[[It]-1], [*-1 to be the sort of situation where anything can happen]</arg>
        <rel f="">appears</rel>
      </example>
      <example name="Actual It *EXP*, no raised subject" src="" type="">
        <text>It *EXP* appears that British Airways was angry.</text>
        <rel f="">appears</rel>
        <arg f="" n="1">that British Airways was angry</arg>
      </example>
      <example name="with viewer" src="" type="">
        <text>To Mary, John-1 appears *-1 to be an idiot.</text>
        <arg f="" n="2">to Mary</arg>
        <arg f="" n="1">[[John-1] , [*-1 to be an idiot.]</arg>
        <rel f="">appears</rel>
      </example>
      <example name="Arg 1 only" src="" type="">
        <inflection aspect="ns" form="ns" person="ns" tense="ns" voice="ns"/>
        <text>Mitotic activity is readily apparent</text>
        <arg f="" n="1">Mitotic activity</arg>
        <arg f="adv" n="m">readily</arg>
        <rel f="">apparent</rel>
      </example>
      <example name="Both args" src="" type="">
        <inflection aspect="ns" form="ns" person="ns" tense="ns" voice="ns"/>
        <text>No microcalcifications apparent to me at this time.</text>
        <arg f="" n="1">No microcalcifications</arg>
        <rel f="">apparent</rel>
        <arg f="" n="2">to me</arg>
        <arg f="tmp" n="m">at this time</arg>
      </example>
      <example name="Requiring concatenation" src="" type="">
        <inflection aspect="ns" form="ns" person="ns" tense="ns" voice="ns"/>
        <text>She has been calmer apeparing in the past week.</text>
        <arg f="" n="1">[She] , [calmer]</arg>
        <rel f="">appearing</rel>
        <arg f="tmp" n="m">in the past week</arg>
      </example>
    </roleset>
  </predicate>
</frameset>
