<!DOCTYPE frameset SYSTEM "frameset.dtd">
<frameset>
  <predicate lemma="appellation">
    <roleset id="appellation.01" name="to name, call by a certain name">
      <aliases>
        <alias framenet="" pos="n" verbnet="">appellation</alias>
      </aliases>
      <note>APPELLATION-N NOTES: Roleset based on instances in BOLT-P01, nouns parts 1&amp; 2. Comparison to name.01. No FrameNet entry. (from appellation.01-n)</note>
      <roles>
        <role descr="namer, agent" f="pag" n="0"/>
        <role descr="thing being named" f="ppt" n="1"/>
        <role descr="name itself" f="prd" n="2"/>
      </roles>
      <example name="Arg2 only" src="BOLT-P01, parts 1 &amp; 2" type="">
        <inflection aspect="ns" form="ns" person="ns" tense="ns" voice="ns"/>
        <text>The appellation of ' rapist ' is stigmatising enough ; the scum who rape people clearly do n't care about the consequences .</text>
        <rel f="">appellation</rel>
        <arg f="" n="2">of 'rapist'</arg>
      </example>
      <example name="All arguments" src="web" type="">
        <inflection aspect="ns" form="ns" person="ns" tense="ns" voice="ns"/>
        <text>But I sense a tinge of underlying disrespect and arrogance toward Wone in her constant appellation of him as ?Bobo.?</text>
        <arg f="" n="0">her</arg>
        <arg f="tmp" n="m">constant</arg>
        <rel f="">appellation</rel>
        <arg f="" n="1">of him</arg>
        <arg f="" n="2">as "Bobo"</arg>
      </example>
    </roleset>
  </predicate>
</frameset>
