<!DOCTYPE frameset SYSTEM "frameset.dtd">
<frameset>
  <predicate lemma="appease">
    <roleset id="appease.01" name="to bring peace, quiet, or relieve">
      <aliases>
        <alias framenet="" pos="v" verbnet="">appease</alias>
      </aliases>
      <note>APPEASE-V NOTES: Frames file for 'appease' based on survey of sentences in the WSJ corpus. (from appease.01-v predicate notes)</note>
      <roles>
        <role descr="Stimulus, agent" f="PAG" n="0">
          <vnrole vncls="31.1" vntheta="Stimulus"/>
        </role>
        <role descr="entity appeased" f="PPT" n="1">
          <vnrole vncls="31.1" vntheta="Experiencer"/>
        </role>
      </roles>
      <example name="transitive" src="" type="">
        <inflection aspect="ns" form="full" person="ns" tense="past" voice="active"/>
        <text>After Mr. Sullivan waffled on abortion last year , the White House appeased right-to-lifers by [*-1] surrounding him with pro-life deputies .</text>
        <arg f="TMP" n="M">After Mr. Sullivan waffled on abortion last year</arg>
        <arg f="" n="0">the White House</arg>
        <rel f="">appeased</rel>
        <arg f="" n="1">right-to-lifers</arg>
        <arg f="MNR" n="M">by [*-1] surrounding him with pro-life deputies</arg>
      </example>
    </roleset>
  </predicate>
</frameset>
