<!DOCTYPE frameset SYSTEM "frameset.dtd">
<frameset>
  <predicate lemma="append">
    <roleset id="append.01" name="attach to">
      <aliases>
        <alias framenet="Attaching" pos="v" verbnet="">append</alias>
      </aliases>
      <note>APPEND-V NOTES: VN updated by Julia. No Vncls. (from append.01-v)</note>
      <roles>
        <role descr="attacher" f="pag" n="0"/>
        <role descr="attached" f="ppt" n="1"/>
        <role descr="attached to" f="gol" n="2"/>
      </roles>
      <example name="all args" src="" type="">
        <inflection aspect="ns" form="infinitive" person="ns" tense="ns" voice="ns"/>
        <text>The budget reconciliation had to be dealt with by the Oct. 15 deadline, and these Senate Democrats refused to agree to allow a vote [0] [*T*-5]to append capital gains to the budget bill, knowing it would pass.</text>
        <arg f="slc" n="m">[0] -&gt; a vote</arg>
        <arg f="" n="0">[*T*-5] (= [0])</arg>
        <rel f="">append</rel>
        <arg f="" n="1">capital gains</arg>
        <arg f="" n="2">to the budget bill</arg>
      </example>
    </roleset>
  </predicate>
</frameset>
