<!DOCTYPE frameset SYSTEM "frameset.dtd">
<frameset>
  <predicate lemma="appeal">
    <roleset id="appeal.01" name="legal transaction">
      <aliases>
        <alias framenet="Appeal" pos="n" verbnet="">appeal</alias>
        <alias framenet="Appeal" pos="v" verbnet="">appeal</alias>
      </aliases>
      <note>APPEAL-V NOTES: No Vncls. (from appeal.01-v)</note>
      <note>APPEAL-N NOTES: Roleset based on verb frame appeal.01 (from appeal.01-n)</note>
      <roles>
        <role descr="appealer" f="pag" n="0"/>
        <role descr="decision disagreed with" f="ppt" n="1"/>
        <role descr="appealed to" f="gol" n="2"/>
      </roles>
      <example name="no arg2" src="" type="">
        <text>Commonwealth Edison is already appealing the underlying commission order.</text>
        <arg f="" n="0">Commonwealth Edison</arg>
        <arg f="tmp" n="m">already</arg>
        <rel f="">appealing</rel>
        <arg f="" n="1">the underlying commission order</arg>
      </example>
      <example name="All args" src="web" type="">
        <text>They ordered Schwarzenegger to implement it pending the resolution of his appeal of the case to the Supreme Court.</text>
        <arg f="" n="0">his</arg>
        <rel f="">appeal</rel>
        <arg f="" n="1">of the case</arg>
        <arg f="" n="2">to the Supreme Court</arg>
      </example>
    </roleset>
    <roleset id="appeal.02" name="beg">
      <aliases>
        <alias framenet="" pos="v" verbnet="">appeal</alias>
        <alias framenet="" pos="n" verbnet="">appeal</alias>
      </aliases>
      <note>APPEAL-V NOTES: No Vncls. (from appeal.02-v)</note>
      <note>APPEAL-N NOTES: Roleset based on verb frame appeal.02. (from appeal.02-n)</note>
      <roles>
        <role descr="begger, appealer" f="pag" n="0"/>
        <role descr="appealed to, begged from" f="gol" n="1"/>
        <role descr="begged/appealed for" f="ppt" n="2"/>
      </roles>
      <example name="appeal to and for" src="" type="">
        <text>Jefferson appealed to the tribunal of the world for support of a revolution justified by the laws of nature and of nature's God.</text>
        <arg f="" n="0">Jefferson</arg>
        <rel f="">appealed</rel>
        <arg f="" n="1">to the tribunal of the world</arg>
        <arg f="" n="2">for support of a revolution justified by the laws of nature and of nature's God</arg>
      </example>
      <example name="appeal to and for" src="" type="">
        <text>Recently, her appeal to the King for clemency, which has been heard even though she was arrested more than a year after Sandra Gregory, resulted in her sentence being reduced to 10 years.</text>
        <arg f="" n="0">her</arg>
        <rel f="">appeal</rel>
        <arg f="" n="1">to the King</arg>
        <arg f="" n="2">for clemency</arg>
        <arg f="adj" n="m">which has been heard even though she was arrested more than a year after Sandra Gregory</arg>
      </example>
    </roleset>
    <roleset id="appeal.03" name="be attractive">
      <aliases>
        <alias framenet="" pos="n" verbnet="">appeal</alias>
        <alias framenet="" pos="l" verbnet="">have_appeal</alias>
        <alias framenet="" pos="j" verbnet="">appealing</alias>
        <alias framenet="" pos="v" verbnet="">appeal</alias>
      </aliases>
      <note>APPEAL-V NOTES: Member of Vncls appeal: appeal-31.4-3. (from appeal.03-v)</note>
      <note>APPEAL-N NOTES: Roleset based on verb appeal.03. Member of Vncls appeal: appeal-31.4-3. (from appeal.03-n)</note>
      <note>APPEALING-J NOTES: Based on BOLT P01. (from appealing.01-j)</note>
      <roles>
        <role descr="appealing thing" f="pag" n="0">
          <vnrole vncls="31.4-3" vntheta="stimulus"/>
        </role>
        <role descr="entity attracted" f="ppt" n="1">
          <vnrole vncls="31.4-3" vntheta="experiencer"/>
        </role>
      </roles>
      <example name="find attractive" src="" type="">
        <text>...an approach that *trace* has appealed to some choreographers...</text>
        <arg f="" n="0">*trace* (= that)</arg>
        <arg f="slc" n="m">that -&gt; an approach</arg>
        <rel f="">appealed</rel>
        <arg f="" n="1">to some choreographers</arg>
      </example>
      <example name="find attractive" src="web" type="">
        <text>His smile was part of his appeal to her.</text>
        <arg f="" n="0">his</arg>
        <rel f="">appeal</rel>
        <arg f="" n="1">to her</arg>
      </example>
      <example name="All args" src="web" type="">
        <inflection aspect="ns" form="ns" person="ns" tense="ns" voice="ns"/>
        <text>The title was appealing to me due to the fact that I had made a couple of stupid decisions as a team leader.</text>
        <arg f="" n="0">The title</arg>
        <rel f="">appealing</rel>
        <arg f="" n="1">to me</arg>
        <arg f="cau" n="m">due to the fact that I had made a couple of stupid decisions as a team leader.</arg>
      </example>
    </roleset>
  </predicate>
</frameset>
