<!DOCTYPE frameset SYSTEM "frameset.dtd">
<frameset>
  <predicate lemma="applique">
    <roleset id="applique.01" name="sew on as decoration">
      <aliases>
        <alias framenet="" pos="v" verbnet="">applique</alias>
      </aliases>
      <note>APPLIQUE-V NOTES: Frames file for 'applique' based on dictionary.com. Verbnet entry 25.1. (from applique.01-v predicate notes)</note>
      <roles>
        <role descr="decorator" f="PAG" n="0">
          <vnrole vncls="25.1" vntheta="Agent"/>
        </role>
        <role descr="thing decorated" f="GOL" n="1">
          <vnrole vncls="25.1" vntheta="Destination"/>
        </role>
        <role descr="image" f="PPT" n="2">
          <vnrole vncls="25.1" vntheta="Theme"/>
        </role>
      </roles>
      <example name="decorate" src="" type="">
        <text>Mary appliqued John's favorite jacked with teddy bears and balloons.</text>
        <arg f="" n="0">Mary</arg>
        <rel f="">appliqued</rel>
        <arg f="" n="1">John's favorite Jacket</arg>
        <arg f="" n="2">teddy bears and balloons</arg>
      </example>
    </roleset>
  </predicate>
</frameset>
