<!DOCTYPE frameset SYSTEM "frameset.dtd">
<frameset>
  <predicate lemma="applaud">
    <roleset id="applaud.01" name="clap, sometimes metaphorically">
      <aliases>
        <alias framenet="Judgment" pos="v" verbnet="33.3-1, 31.2">applaud</alias>
      </aliases>
      
      <roles>
        <role descr="clapper" f="pag" n="0">
          <vnrole vncls="33.1-1" vntheta="agent"/>
          <vnrole vncls="31.2" vntheta="experiencer"/>
        </role>
        <role descr="thing approved of" f="ppt" n="1">
          <vnrole vncls="33.1-1" vntheta="theme"/>
          <vnrole vncls="31.2" vntheta="stimulus"/>
        </role>
        <role descr="grounds, reason for approval" f="prd" n="2">
          <vnrole vncls="33" vntheta="attribute"/>
        </role>
      </roles>
      <example name="intransitive" src="" type="">
        <text>But some economists and government officials here aren't applauding.</text>
        <arg f="dis" n="m">But</arg>
        <arg f="" n="0">some economists and government officials here</arg>
        <arg f="neg" n="m">n't</arg>
        <rel f="">applauding</rel>
      </example>
      <example name="transitive, NP arg1" src="" type="">
        <text>Analysts said they expected the action, and investors applauded the move.</text>
        <arg f="" n="0">investors</arg>
        <rel f="">applauded</rel>
        <arg f="" n="1">the move</arg>
      </example>
      <example name="transitive, PP arg1" src="" type="">
        <text>John applauded wildly for Mary's performance of "Fox in Socks".</text>
        <arg f="" n="0">John</arg>
        <rel f="">applauded</rel>
        <arg f="mnr" n="m">wildly</arg>
        <arg f="" n="1">for Mary's performance of "Fox in Socks"</arg>
      </example>
      <example name="with grounds" src="" type="">
        <inflection aspect="ns" form="ns" person="ns" tense="ns" voice="ns"/>
        <text>He applauds Toyota and Nissan Motor Co. for creating separate divisions for their new luxury models, rather than simply adding more nameplates to their standard car lines.</text>
        <arg f="" n="0">He</arg>
        <rel f="">applauds</rel>
        <arg f="" n="1">Toyota and Nissan Motor Co.</arg>
        <arg f="" n="2">for creating separate divisions for their new luxury models, rather than simply adding more nameplates to their standard car lines</arg>
      </example>
    <note>APPLAUD-V NOTES: Member of Vncls admire-31.2, judgement-33. (from applaud.01-v)</note>
</roleset>
  </predicate>
</frameset>
