<!DOCTYPE frameset SYSTEM "frameset.dtd">
<frameset>
  <predicate lemma="apply">
    <roleset id="apply.01" name="ask for">
      <aliases>
        <alias framenet="" pos="v" verbnet="">apply</alias>
        <alias framenet="" pos="n" verbnet="">application</alias>
      </aliases>
      
      
      <roles>
        <role descr="applier" f="pag" n="0"/>
        <role descr="thing applied for" f="ppt" n="1"/>
        <role descr="entity applied to" f="gol" n="2"/>
      </roles>
      <example name="sentential arg1" src="" type="">
        <text>Cray Computer has applied *trace* to trade on Nasdaq.</text>
        <arg f="" n="0">Cray Computer</arg>
        <rel f="">applied</rel>
        <arg f="" n="1">*trace* to trade on Nasdaq</arg>
      </example>
      <example name="PP arg1" src="" type="">
        <text>Fireman 's Fund said it has applied for an exemption from these rate rollbacks.</text>
        <arg f="" n="0">it</arg>
        <rel f="">applied</rel>
        <arg f="" n="1">for an exemption from these rate rollbacks.</arg>
      </example>
      <example name="with applied-to" src="" type="">
        <text>John applied to the dean's office for an extension on his dissertation deadline.</text>
        <arg f="" n="0">John</arg>
        <rel f="">applied</rel>
        <arg f="" n="2">to the dean's office</arg>
        <arg f="" n="1">for an extension on his dissertation deadline.</arg>
      </example>
      <example name="autogen1" src="" type="">
        <text>Data submitted their original approval applications before theFDA .</text>
        <arg f="" n="0">their</arg>
        <arg f="tmp" n="m">original</arg>
        <arg f="" n="1">approval</arg>
        <rel f="">applications</rel>
        <arg f="" n="2">before the FDA</arg>
      </example>
      <example name="autogen2" src="" type="">
        <text>Larsen&amp; Toubro started accepting applications for its giantissue earlier this month</text>
        <rel f="">applications</rel>
        <arg f="" n="1">for its giant issue</arg>
      </example>
      <example name="with recipient only" src="" type="-">
        <inflection aspect="ns" form="ns" person="ns" tense="ns" voice="ns"/>
        <text>The collective name for the application to the World Heritage Committee is " China 's Danxia Landforms " .</text>
        <rel f="">application</rel>
        <arg f="" n="2">to the World Heritage Committee</arg>
      </example>
    <note>APPLY-V NOTES: Based on financial subcorpus, comparison with 'ask'. VN updated by Julia. No VNcls (although beg-58.2 is close). (from apply.01-v)

APPLICATION-N NOTES: Updated by Julia. (from application.01-n)</note>
</roleset>
    <roleset id="apply.02" name="associate with, work at or on">
      <aliases>
        <alias framenet="" pos="n" verbnet="">application</alias>
        <alias framenet="Using" pos="v" verbnet="105.1">apply</alias>
      </aliases>
      
      
      <roles>
        <role descr="applier" f="pag" n="0">
          <vnrole vncls="105.1" vntheta="agent"/>
        </role>
        <role descr="thing applied, associated, worked" f="ppt" n="1">
          <vnrole vncls="105.1" vntheta="theme"/>
        </role>
        <role descr="applied to" f="prd" n="2">
          <vnrole vncls="105.1" vntheta="predicate"/>
        </role>
      </roles>
      <example name="active, all args" src="" type="">
        <text>Mr. Bologna said the sale would allow Gen-Probe to speed up the development of new technology, and to more quickly apply existing technology to an array of diagnostic products.</text>
        <arg f="" n="0">Gen-Probe</arg>
        <arg f="tmp" n="m">more quickly</arg>
        <rel f="">apply</rel>
        <arg f="" n="1">existing technology</arg>
        <arg f="" n="2">to an array of diagnostic products</arg>
      </example>
      <example name="passivized" src="" type="">
        <text>The gains are to be applied *trace* to fourth quarter or first-quarter results.</text>
        <arg f="" n="1">*trace*=The gains</arg>
        <rel f="">applied</rel>
        <arg f="" n="2">to fourth quarter or first-quarter results.</arg>
      </example>
      <example name="ergative" src="" type="">
        <text>The cash dividend paid on the common stock also will apply to the new shares.</text>
        <arg f="" n="1">The cash dividend paid on the common stock</arg>
        <arg f="dis" n="m">also</arg>
        <arg f="mod" n="m">will</arg>
        <rel f="">apply</rel>
        <arg f="" n="2">to the new shares.</arg>
      </example>
      <example name="autogen1" src="" type="">
        <text>their application to a particular new financial product</text>
        <arg f="" n="1">their</arg>
        <rel f="">application</rel>
        <arg f="" n="2">to a particular new financial product</arg>
      </example>
      <example name="autogen2" src="" type="">
        <text>laser applications for military space</text>
        <arg f="" n="1">laser</arg>
        <rel f="">applications</rel>
        <arg f="" n="2">for military space</arg>
      </example>
      <example name="arg1" src="" type="-">
        <inflection aspect="ns" form="ns" person="ns" tense="ns" voice="ns"/>
        <text>The Board of Governors of the International Atomic Energy Agency is meeting today to examine the Iranian request for help in the nuclear project as one application of a recommendation presented at a meeting of the Technical Affairs Committee of the International Atomic Energy Agency to the head of the Agency .</text>
        <rel f="">application</rel>
        <arg f="" n="1">of a recommendation presented at a meeting of the Technical Affairs Committee of the International Atomic Energy Agency to the head of the Agency</arg>
      </example>
      <example name="with some argMs" src="-" type="-">
        <inflection aspect="ns" form="ns" person="ns" tense="ns" voice="ns"/>
        <text>It hurts to think of how many wonderful people in Iraq would now be alive , who have been horribly murdered and tortured and reduced to misery since by a half application of violence through sanctions and overflights .</text>
        <arg f="ext" n="m">half</arg>
        <rel f="">application</rel>
        <arg f="" n="1">of violence</arg>
        <arg f="mnr" n="m">through sanctions and overflights</arg>
      </example>
      <example name="all args" src="-" type="-">
        <inflection aspect="ns" form="ns" person="ns" tense="ns" voice="ns"/>
        <text>...his application of these criteria to the stated circumstances.</text>
        <arg f="" n="0">his</arg>
        <rel f="">application</rel>
        <arg f="" n="1">of these criteria</arg>
        <arg f="" n="2">to the stated circumstances</arg>
      </example>
    <note>APPLY-V NOTES: Member of VNcls use-105.1. (from apply.02-v)

APPLICATION-N NOTES: Updated by Julia. Based on PB entry apply.02, which is a member of Vncls 105. (from application.02-n)</note>
</roleset>
    <roleset id="apply.03" name="painting">
      <aliases>
        <alias framenet="" pos="v" verbnet="">apply</alias>
        <alias framenet="" pos="n" verbnet="">application</alias>
      </aliases>
      
      
      <roles>
        <role descr="painter, agent" f="pag" n="0"/>
        <role descr="paint" f="ppt" n="1"/>
        <role descr="surface" f="gol" n="2"/>
        <role descr="instrument, brush" f="mnr" n="3"/>
      </roles>
      <example name="from Kate" src="" type="">
        <text>[The paint]-2 was applied *trace*-2 with a hard-bristle brush.</text>
        <rel f="">applied</rel>
        <arg f="" n="1">*trace*-2</arg>
        <arg f="" n="3">with a hard-bristle brush</arg>
      </example>
      <example name="all args" src="" type="">
        <text>John applied the peanut butter to the wall with a putty knife.</text>
        <arg f="" n="0">John</arg>
        <rel f="">applied</rel>
        <arg f="" n="1">the peanut butter</arg>
        <arg f="" n="2">to the wall</arg>
        <arg f="" n="3">with a putty knife</arg>
      </example>
      <example name="instrumental subject" src="" type="">
        <text>Putty knives apply peanut butter well.</text>
        <arg f="" n="3">Putty knives</arg>
        <rel f="">apply</rel>
        <arg f="" n="1">peanut butter</arg>
        <arg f="mnr" n="m">well</arg>
      </example>
      <example name="autogen1" src="" type="">
        <text>The application of herbicide</text>
        <rel f="">application</rel>
        <arg f="" n="1">of herbicide</arg>
      </example>
      <example name="all args" src="" type="">
        <inflection aspect="ns" form="ns" person="ns" tense="ns" voice="ns"/>
        <text>the decorator's sponge application of paint to the walls</text>
        <arg f="" n="0">the decorator's</arg>
        <arg f="" n="3">sponge</arg>
        <rel f="">application</rel>
        <arg f="" n="1">of paint</arg>
        <arg f="" n="2">to the walls</arg>
      </example>
    <note>APPLY-V NOTES: VN updated by Julia. No VNcls (from apply.03-v)

APPLICATION-N NOTES: Updated by Julia. Based on PB entry apply.03, which is a member of Vncls 91.1. (from application.03-n)</note>
</roleset>
    <roleset id="apply.04" name="specialized: apply brakes">
      <aliases>
        <alias framenet="" pos="v" verbnet="">apply</alias>
      </aliases>
      
      <roles>
        <role descr="driver" f="pag" n="0">
          <vnrole vncls="105" vntheta="agent"/>
        </role>
        <role descr="brakes" f="ppt" n="1">
          <vnrole vncls="105" vntheta="theme"/>
        </role>
      </roles>
      <example name="vroom vroom" src="" type="">
        <inflection aspect="ns" form="infinitive" person="ns" tense="ns" voice="active"/>
        <text>[Its government]*-1 still wants [*-1]to sit in the driver's seat, set the speed, step on the gas, apply the brakes and steer, with 120 million people in the back seat.</text>
        <arg f="" n="0">[*-1]</arg>
        <rel f="">apply</rel>
        <arg f="" n="1">the brakes</arg>
      </example>
    <note>APPLY-V NOTES: Member of VNcls use-105. (from apply.04-v)</note>
</roleset>
  </predicate>
  <predicate lemma="applicable">
    <roleset id="applicable.05" name="pertaining to, able to be applied (abstract)">
      <aliases>
        <alias framenet="" pos="j" verbnet="">applicable</alias>
      </aliases>
      
      <roles>
        <role descr="agent" f="pag" n="0"/>
        <role descr="applicable thing" f="ppt" n="1"/>
        <role descr="applicable to" f="gol" n="2"/>
      </roles>
      <example name="arg1" src="SHARP" type="">
        <inflection aspect="ns" form="ns" person="ns" tense="ns" voice="ns"/>
        <text>Correct patient identity , procedure to be performed and as *PRO* applicable , correct side and site , correct patient position , and availability of implants , special equipment or special requirements .</text>
        <arg f="" n="1">*PRO*</arg>
        <rel f="">applicable</rel>
      </example>
    <note>APPLICABLE-J NOTES: Added by Julia based on SHARP. Relation to apply.02 (from applicable.02-j)</note>
</roleset>
  </predicate>
</frameset>
