<!DOCTYPE frameset SYSTEM "frameset.dtd">
<frameset>
  <predicate lemma="appoint">
    <roleset id="appoint.01" name="name to a position, hire">
      <aliases>
        <alias framenet="Change_of_leadership" pos="v" verbnet="">appoint</alias>
        <alias framenet="" pos="n" verbnet="">appointment</alias>
      </aliases>
      <note>APPOINT-V NOTES: Member of Vncls appoint-29.1. (from appoint.01-v)</note>
      <note>APPOINTMENT-N NOTES: Roleset based on verb appoint.01, OntoNotes grouping appointment-n sense 1; maps to VN class appoint-29.1. Framed by Claire. (from appointment.01-n)</note>
      <roles>
        <role descr="appointer, employer" f="PAG" n="0">
          <vnrole vncls="29.1" vntheta="Agent"/>
        </role>
        <role descr="appointee, employee" f="PPT" n="1">
          <vnrole vncls="29.1" vntheta="Theme"/>
        </role>
        <role descr="job, position" f="PRD" n="2">
          <vnrole vncls="29.1" vntheta="Result"/>
        </role>
      </roles>
      <example name="passive, NP job" src="" type="">
        <inflection aspect="ns" form="participle" person="ns" tense="ns" voice="passive"/>
        <text>Bertin Nadeau, newly appointed chairman and interim chief executive of Provigo, wouldn't say if Mr. Lortie was asked to leave.</text>
        <arg f="" n="1">Bertin Nadeau</arg>
        <arg f="tmp" n="m">newly</arg>
        <rel f="">appointed</rel>
        <arg f="" n="2">chairman and interim chief executive of Provigo</arg>
      </example>
      <example name="all args, sentential job" src="" type="">
        <inflection aspect="ns" form="full" person="ns" tense="past" voice="active"/>
        <text>Soo Line said its board appointed a special committee of independent directors to study the proposal.</text>
        <arg f="" n="0">its board</arg>
        <rel f="">appointed</rel>
        <arg f="" n="1">a special committee</arg>
        <arg f="" n="m">of independent directors</arg>
        <arg f="" n="2">to study the proposal</arg>
      </example>
      <example name="NP only, Args 0 and 2" src="NomBank Frames" type="">
        <text>its appointment to assist the managers</text>
        <arg f="" n="0">its</arg>
        <rel f="">appointment</rel>
        <arg f="prd" n="2">to assist the managers</arg>
      </example>
      <example name="NP only, args 1 &amp; 2" src="NomBank Frames" type="">
        <text>Mr. Brawer 's appointment as president</text>
        <arg f="" n="1">Mr. Brawer 's</arg>
        <rel f="">appointment</rel>
        <arg f="" n="2">as president</arg>
      </example>
      <example name="All arguments" src="ON sense 1" type="">
        <inflection aspect="ns" form="ns" person="ns" tense="ns" voice="ns"/>
        <text>The president's appointment of Smith to his personal staff was unexpected.</text>
        <arg f="" n="0">The president's</arg>
        <rel f="">appointment</rel>
        <arg f="" n="1">of Smith</arg>
        <arg f="" n="2">to his personal staff</arg>
      </example>
    </roleset>
  </predicate>
  <predicate lemma="appointment">
    <roleset id="appointment.02" name="time to meet">
      <aliases>
        <alias framenet="" pos="n" verbnet="">appointment</alias>
      </aliases>
      <note>APPOINTMENT-N NOTES: (from appointment.02-n)</note>
      <roles>
        <role descr="first person meeting" f="pag" n="0"/>
        <role descr="second person meeting, who arg0 has appt. with" f="com" n="1"/>
      </roles>
      <example name="arg1 only" src="p01, part 5" type="">
        <inflection aspect="ns" form="ns" person="ns" tense="ns" voice="ns"/>
        <text>...simply book another appointment with a different doctor.</text>
        <rel f="">appointment</rel>
        <arg f="" n="1">with a different doctor</arg>
      </example>
      <example name="fun example" src="web" type="">
        <inflection aspect="ns" form="ns" person="ns" tense="ns" voice="ns"/>
        <text>Two women...one good, one bad...help Ladd keep his appointment with danger!</text>
        <arg f="" n="0">his</arg>
        <rel f="">appointment</rel>
        <arg f="" n="1">with danger!</arg>
      </example>
    </roleset>
  </predicate>
</frameset>
