<!DOCTYPE frameset SYSTEM "frameset.dtd">
<frameset>
  <predicate lemma="appose">
    <roleset id="appose.01" name="place side by side">
      <aliases>
        <alias framenet="" pos="v" verbnet="">appose</alias>
      </aliases>
      <note>APPOSE-V NOTES: Based on Sharp data. No comparison. Framed by Katie. (from appose.01-v)</note>
      <roles>
        <role descr="placer" f="pag" n="0"/>
        <role descr="thing placed" f="ppt" n="1"/>
      </roles>
      <example name="arg 0 will be rare" src="" type="">
        <inflection aspect="ns" form="ns" person="ns" tense="ns" voice="ns"/>
        <text>[Vocal chords -1] apposed [*-1]normally.</text>
        <rel f="">apposed</rel>
        <arg f="" n="1">[*-1]</arg>
        <arg f="adv" n="m">normally</arg>
      </example>
    </roleset>
  </predicate>
</frameset>
