<!DOCTYPE frameset SYSTEM "frameset.dtd">
<frameset>
  <predicate lemma="apportion">
    <roleset id="apportion.01" name="divide and assign proportionally">
      <aliases>
        <alias framenet="" pos="v" verbnet="">apportion</alias>
      </aliases>
      <note>APPORTION-V NOTES: Frames file for 'apportion' based on dictionary.com. Verbnet entry 13.3. (from apportion.01-v predicate notes)</note>
      <roles>
        <role descr="divider" f="PAG" n="0">
          <vnrole vncls="13.3" vntheta="Agent"/>
        </role>
        <role descr="thing divided" f="PPT" n="1">
          <vnrole vncls="13.3" vntheta="Theme"/>
        </role>
        <role descr="benefactive" f="GOL" n="2">
          <vnrole vncls="13.3" vntheta="Goal"/>
        </role>
      </roles>
      <example name="birthday cake" src="" type="">
        <text>Mary apportioned the birthday cake for the children.</text>
        <arg f="" n="0">Mary</arg>
        <rel f="">apportioned</rel>
        <arg f="" n="1">the cake</arg>
        <arg f="" n="2">the children</arg>
      </example>
    </roleset>
  </predicate>
</frameset>
