<!DOCTYPE frameset SYSTEM "frameset.dtd">
<frameset>
  <predicate lemma="appropriate">
    <roleset id="appropriate.01" name="to take possession of">
      <aliases>
        <alias framenet="" pos="n" verbnet="">appropriation</alias>
        <alias framenet="" pos="v" verbnet="">appropriate</alias>
        <alias framenet="" pos="n" verbnet="">appropriating</alias>
      </aliases>
      <note>APPROPRIATE-V NOTES: Member of Vncls obtain-13.5.2. (from appropriate.01-v)</note>
      <note>APPROPRIATION-N NOTES: Roleset based on instances in BOLT-P01, nouns parts 1&amp; 2. Corresponds to verb entry appropriate.01, which is member of Vncls obtain-13.5.2. No FrameNet entry (from appropriation.01-n)</note>
      <roles>
        <role descr="taker of possession, agent" f="PAG" n="0">
          <vnrole vncls="13.5.2" vntheta="Agent"/>
        </role>
        <role descr="entity appropriated" f="PPT" n="1">
          <vnrole vncls="13.5.2" vntheta="Theme"/>
        </role>
      </roles>
      <example name="transitive" src="" type="">
        <inflection aspect="perfect" form="participle" person="ns" tense="present" voice="active"/>
        <text>The appeals court held : `` When a distinctive voice of a professional singer is widely known [*-3] and is deliberately imitated in order [*]to sell a product [*T*-2] , the sellers have appropriated what [*T*-1] is not theirs . ''</text>
        <arg f="" n="0">the sellers</arg>
        <rel f="">appropriated</rel>
        <arg f="" n="1">what [*T*-1] is not theirs</arg>
      </example>
      <example name="transitive with adverbials" src="" type="">
        <inflection aspect="ns" form="full" person="ns" tense="past" voice="active"/>
        <text>And while [*] setting a statutory limit of $ 1.6 billion [*U*]on the automated space probe , the conference appropriated $ 30 million [*U*] for the start-up of the CRAF-Cassini mission , a successor to the Voyager space probe .</text>
        <arg f="tmp" n="m">while [*] setting a statutory limit of $ 1.6 billion [*U*]on the automated space probe</arg>
        <arg f="" n="0">the conference</arg>
        <rel f="">appropriated</rel>
        <arg f="" n="1">$ 30 million [*U*]</arg>
        <arg f="prp" n="m">for the start-up of the CRAF-Cassini mission , a successor to the Voyager space probe</arg>
      </example>
      <example name="Gol only" src="BOLT-P01, parts 1 &amp; 2" type="">
        <inflection aspect="perfect" form="participle" person="ns" tense="present" voice="active"/>
        <text>We ould even fly in vetted Indian miners -LRB- with training -RRB- to avoid the secret getting out here . It would benefit us by allowing payments to be made outside our budget appropriations process , which is transparent .</text>
        <arg f="gol" n="m">budget</arg>
        <rel f="">appropriations</rel>
      </example>
      <example name="All args" src="web" type="">
        <inflection aspect="ns" form="full" person="ns" tense="past" voice="active"/>
        <text>... their appropriation of influences from African-American music?and these genres also strongly influenced many European classical composers...</text>
        <arg f="" n="0">their</arg>
        <rel f="">appropriation</rel>
        <arg f="" n="1">of influences from African-American music</arg>
      </example>
    </roleset>
    <roleset id="appropriate.02" name="suitable">
      <aliases>
        <alias framenet="Suitability" pos="j" verbnet="">appropriate</alias>
      </aliases>
      <note>APPROPRIATE-J NOTES: Added by Julia based on BOLT-4,5. (from appropriate.01-j)</note>
      <roles>
        <role descr="suitable thing" f="pag" n="1"/>
        <role descr="suited to" f="ppt" n="2"/>
      </roles>
      <example name="arg1" src="BOLT-4,5" type="">
        <inflection aspect="ns" form="ns" person="ns" tense="ns" voice="ns"/>
        <text>As a Landmarks Ordinance supporter , I think it is completely appropriate to revisit the ordinance and ammend it if that is the wish of the Common Council .</text>
        <arg f="ext" n="m">completely</arg>
        <rel f="">appropriate</rel>
        <arg f="" n="1">to revisit the ordinance and ammend it if that is the wish of the common council</arg>
      </example>
      <example name="both args" src="internet" type="">
        <inflection aspect="ns" form="ns" person="ns" tense="ns" voice="ns"/>
        <text>We rely on developmental criteria from some of the nation's leading authorities to determine what content is appropriate for which ages.</text>
        <arg f="" n="1">what content</arg>
        <rel f="">appropriate</rel>
        <arg f="" n="2">for which ages</arg>
      </example>
    </roleset>
  </predicate>
</frameset>
