<!DOCTYPE frameset SYSTEM "frameset.dtd">
<frameset>
  <predicate lemma="apprehend">
    <roleset id="apprehend.01" name="seize, take into custody">
      <aliases>
        <alias framenet="Arrest" pos="v" verbnet="">apprehend</alias>
        <alias framenet="" pos="n" verbnet="">apprehension</alias>
      </aliases>
      <note>APPREHEND-V NOTES: No appropriate Vncls. Vncls comprehend-87.2-1 matches a different sense for which there is not PB frame at this point. (from apprehend.01-v)</note>
      <note>APPREHENSION-N NOTES: Based on ontonouns. Comparison with apprehend.01. Framed by Katie. (from apprehension.02-n)</note>
      <roles>
        <role descr="agent, apprehendor" f="pag" n="0"/>
        <role descr="criminal,entity seized" f="ppt" n="1"/>
        <role descr="crime, or attribute of arg 1" f="prd" n="2"/>
      </roles>
      <example name="apprehend-v: Passive" src="" type="">
        <text>Immediately after the interview, he-1 was apprehended *-1 again by the Jordanian authority.</text>
        <arg f="tmp" n="m">Immediately after the interview</arg>
        <rel f="">apprehended</rel>
        <arg f="" n="1">*-1</arg>
        <arg f="tmp" n="m">again</arg>
        <arg f="" n="0">by the Jordanian authority</arg>
      </example>
    </roleset>
    <roleset id="apprehend.03" name="understand">
      <aliases>
        <alias framenet="" pos="v" verbnet="">apprehend</alias>
        <alias framenet="" pos="n" verbnet="">apprehension</alias>
      </aliases>
      <note>APPREHEND-V NOTES: </note>
      <roles>
        <role descr="understander" f="pag" n="0"/>
        <role descr="thing understood" f="ppt" n="1"/>
      </roles>
      <example name="apprehend-v" src="" type="">
        <text>Do you apprehend that this would occur ?</text>
        <arg f="" n="0">you</arg>
        <rel f="">apprehend</rel>
        <arg f="" n="1">that this would occur</arg>
      </example>
      <example name="apprehension-n" src="" type="">
        <text>The formal developments of Chapter 8 will facilitate a more precise apprehension of the concept.</text>
        <arg f="ext" n="m">more precise</arg>
        <rel f="">apprehension</rel>
        <arg f="" n="1">of the subject</arg>
      </example>
    </roleset>
  </predicate>
  <predicate lemma="apprehension">
    <roleset id="apprehension.02" name="fear, anxiety">
      <aliases>
        <alias framenet="" pos="n" verbnet="">apprehension</alias>
        <alias framenet="" pos="j" verbnet="">apprehensive</alias>
      </aliases>
      <note>APPREHENSION-N NOTES: Based on Sharp data. No Comparison. No VN or FN classes. Framed by Katie. (from apprehension.01-n)</note>
      <roles>
        <role descr="fearful entity" f="pag" n="0"/>
        <role descr="fearful of or about; misgiving; cause" f="ppt" n="1"/>
      </roles>
      <example name="apprehension-n: With the cause only - petallar apprehension tests look for anxiety in a patient due to the movement of the patella" src="" type="">
        <inflection aspect="ns" form="ns" person="ns" tense="ns" voice="ns"/>
        <text>No patellar apprehension, with smooth tracking</text>
        <arg f="neg" n="m">No</arg>
        <arg f="" n="1">patellar</arg>
        <rel f="">apprehension</rel>
      </example>
    </roleset>
  </predicate>
</frameset>
