<!DOCTYPE frameset SYSTEM "frameset.dtd">
<frameset>
  <predicate lemma="approximate">
    <roleset id="approximate.01" name="to be close or similar, cause to come near to or approach again">
      <aliases>
        <alias framenet="" pos="n" verbnet="">reapproximation</alias>
        <alias framenet="" pos="v" verbnet="">approximate</alias>
        <alias framenet="" pos="j" verbnet="">approximately</alias>
        <alias framenet="" pos="n" verbnet="">approximation</alias>
      </aliases>
      <note>APPROXIMATE-V NOTES: Frames file for 'approximate' based on survey of sentences in the WSJ corpus. (from approximate.01-v predicate notes)</note>
      <note>REAPPROXIMATION-N NOTES: (from reapproximation.01-n)</note>
      <roles>
        <role descr="entity coming close" f="PAG" n="0">
          <vnrole vncls="34.2" vntheta="Agent"/>
          <vnrole vncls="54.4" vntheta="Agent"/>
        </role>
        <role descr="entity coming close to" f="PPT" n="1">
          <vnrole vncls="34.2" vntheta="Theme"/>
          <vnrole vncls="54.4" vntheta="Theme"/>
        </role>
      </roles>
      <example name="transitive" src="" type="">
        <inflection aspect="ns" form="full" person="third" tense="present" voice="active"/>
        <text>Frankly , the only way [0] I can think of [*T*-3][0] [*] to accomplish this [*T*-4] is [*] to make it [*EXP*-1] possible for addicts to buy drugs at some regulated place at a price that [*T*-2] approximates their cost .</text>
        <arg f="RCL" n="M">that -&gt; a price</arg>
        <arg f="" n="0">[*T*-2]</arg>
        <rel f="">approximates</rel>
        <arg f="" n="1">their cost</arg>
      </example>
    </roleset>
  </predicate>
</frameset>
