<!DOCTYPE frameset SYSTEM "frameset.dtd">
<frameset>
  <predicate lemma="apprentice">
    <roleset id="apprentice.01" name="to bind or place with an employer or   craftsman for instruction in trade">
      <aliases>
        <alias framenet="" pos="v" verbnet="">apprentice</alias>
      </aliases>
      <note>APPRENTICE-V NOTES: Verbnet entry orphan-29.7. (from apprentice.01-v)</note>
      <roles>
        <role descr="apprentice" f="PPT" n="0">
          <vnrole vncls="29.7" vntheta="Theme"/>
        </role>
        <role descr="skill" f="VSP" n="1"/>
        <role descr="employer or craftsman" f="PAG" n="2">
          <vnrole vncls="29.7" vntheta="Agent"/>
        </role>
      </roles>
      <example name="carpentry" src="" type="">
        <text>John apprenticed with his father to become a carpenter.</text>
        <arg f="" n="0">John</arg>
        <rel f="">apprenticed</rel>
        <arg f="" n="2">his father</arg>
        <arg f="" n="1">to become a carpenter</arg>
      </example>
      <example name="Dark Jedi application-- arg2 as subject" src="internet (where else?)" type="-">
        <inflection aspect="ns" form="participle" person="third" tense="past" voice="active"/>
        <text>After the death of Darth Maul, Darth Sidious apprenticed Darth Tyranus who in turn apprenticed several Dark Jedi.</text>
        <arg f="tmp" n="m">After the death of Darth Maul</arg>
        <arg f="" n="2">Darth Sidious</arg>
        <rel f="">apprenticed</rel>
        <arg f="" n="0">Darth Tyranus who in turn apprenticed several Dark Jedi</arg>
      </example>
      <example name="all args" src="internet" type="-">
        <inflection aspect="perfect" form="participle" person="third" tense="present" voice="active"/>
        <text>Terra Rafael has apprenticed several in her midwifery practice.</text>
        <arg f="" n="2">Terra Rafael</arg>
        <rel f="">apprenticed</rel>
        <arg f="" n="0">several</arg>
        <arg f="" n="1">in her midwifery practice</arg>
      </example>
    </roleset>
  </predicate>
</frameset>
