<!DOCTYPE frameset SYSTEM "frameset.dtd">
<frameset>
  <predicate lemma="appreciate">
    <roleset id="appreciate.01" name="increase in value">
      <aliases>
        <alias framenet="" pos="v" verbnet="">appreciate</alias>
      </aliases>
      <note>APPRECIATE-V NOTES: Frames file for 'appreciate' based on sentences in financial subcorpus. Member of Vncls calibratable_cos-45.6-1. (from appreciate.01-v)</note>
      <roles>
        <role descr="thing increasing" f="ppt" n="1">
          <vnrole vncls="45.6-1" vntheta="patient"/>
        </role>
        <role descr="EXT" f="ext" n="2">
          <vnrole vncls="45.6-1" vntheta="extent"/>
        </role>
        <role descr="start point" f="dir" n="3"/>
        <role descr="end point" f="prd" n="4"/>
      </roles>
      <example name="with EXT" src="" type="">
        <text>The brokerage firm tracks technology stocks with its Technology Index, which *trace* appreciated only 10.59% in the first nine months of this year.</text>
        <arg f="slc" n="m">which -&gt; its Technology Index</arg>
        <arg f="" n="1">*trace* (= which)</arg>
        <rel f="">appreciated</rel>
        <arg f="ext" n="2">only 10.59%</arg>
        <arg f="tmp" n="m">in the first nine months of this year</arg>
      </example>
    </roleset>
    <roleset id="appreciate.02" name="esteem, value, have a fondness for, regard judgment">
      <aliases>
        <alias framenet="" pos="j" verbnet="">appreciative</alias>
        <alias framenet="" pos="n" verbnet="">appreciation</alias>
        <alias framenet="" pos="j" verbnet="">appreciated</alias>
        <alias framenet="Regard Judgment" pos="v" verbnet="">appreciate</alias>
      </aliases>
      <note>APPRECIATE-V NOTES: Frames file for 'appreciate' based on sentences in financial subcorpus. Member of Vncls admire-31.2. (from appreciate.02-v)</note>
      <note>APPRECIATION-N NOTES: (from appreciation.01-n)</note>
      <note>APPRECIATIVE-J NOTES: Added by Julia based on medi-tmprl1to8. (from appreciative.01-j)</note>
      <note>APPRECIATED-J NOTES: Added by Julia based on BOLT. (from appreciated.02-j)</note>
      <roles>
        <role descr="emoter" f="ppt" n="0">
          <vnrole vncls="31.2" vntheta="experiencer"/>
        </role>
        <role descr="thing appreciated" f="pag" n="1">
          <vnrole vncls="31.2" vntheta="stimulus"/>
        </role>
      </roles>
      <example name="negated" src="" type="">
        <text>Mary does not appreciate John's infantile behavior.</text>
        <arg f="" n="0">Mary</arg>
        <arg f="neg" n="m">not</arg>
        <rel f="">appreciate</rel>
        <arg f="" n="1">John's infantile behavior</arg>
      </example>
    </roleset>
    <roleset id="appreciate.03" name="notice, discover">
      <aliases>
        <alias framenet="" pos="v" verbnet="">appreciate</alias>
      </aliases>
      <note>APPRECIATE-V NOTES: Based on Temprel medical data. No VN or FN classes. Comparison to notice. Framed by Katie. (from appreciate.03-v)</note>
      <roles>
        <role descr="noticer" f="pag" n="0"/>
        <role descr="thing noticed" f="ppt" n="1"/>
      </roles>
      <example name="thing (not) found" src="" type="">
        <inflection aspect="ns" form="ns" person="ns" tense="ns" voice="ns"/>
        <text>[no organomegaly or discrete mass lesions-1] appreciated [*-1]</text>
        <rel f="">appreciated</rel>
        <arg f="" n="1">[*-1]</arg>
      </example>
      <example name="both args" src="" type="">
        <inflection aspect="ns" form="ns" person="ns" tense="ns" voice="ns"/>
        <text>From [what-1] I can appreciate [T-1], there is normal S1, S2 with no murmur.</text>
        <arg f="" n="0">I</arg>
        <arg f="mod" n="m">can</arg>
        <rel f="">appreciate</rel>
        <arg f="" n="1">[*-1]</arg>
      </example>
    </roleset>
  </predicate>
</frameset>
