<!DOCTYPE frameset SYSTEM "frameset.dtd">
<frameset>
  <predicate lemma="apprise">
    <roleset id="apprise.01" name="inform, cause to know">
      <aliases>
        <alias framenet="Telling" pos="v" verbnet="">apprise</alias>
      </aliases>
      <note>APPRISE-V NOTES: VN updated by Julia. Member of Vncls tell-37.2. (from apprise.01-v)</note>
      <roles>
        <role descr="informer" f="PAG" n="0">
          <vnrole vncls="37.2" vntheta="Agent"/>
        </role>
        <role descr="informed" f="GOL" n="1">
          <vnrole vncls="37.2" vntheta="Recipient"/>
        </role>
        <role descr="information" f="PPT" n="2">
          <vnrole vncls="37.2" vntheta="Topic"/>
        </role>
      </roles>
      <example name="usually passive" src="" type="">
        <inflection aspect="ns" form="participle" person="ns" tense="past" voice="passive"/>
        <text>(Donald Trinen, an attorney for the penny-brokerage firm, denies the fraud allegations and says [the Lyneses]*-1 were fully apprised [*-1]that they were pursuing a high-risk investment.)</text>
        <arg f="ext" n="m">fully</arg>
        <rel f="">apprised</rel>
        <arg f="" n="1">[*-1]</arg>
        <arg f="" n="2">that they were pursuing a high-risk investment</arg>
      </example>
    </roleset>
  </predicate>
</frameset>
