<!DOCTYPE frameset SYSTEM "frameset.dtd">
<frameset>
  <predicate lemma="appraise">
    <roleset id="appraise.01" name="set a price, value">
      <aliases>
        <alias framenet="" pos="v" verbnet="">appraise</alias>
        <alias framenet="" pos="n" verbnet="">appraisal</alias>
      </aliases>
      <note>APPRAISE-V NOTES: Frames file for 'appraise' based on sentences in wsj. Verbnet entry 54.4. (from appraise.01-v)</note>
      <note>APPRAISAL-N NOTES: Roleset based on verb appraise.01, OntoNotes grouping appraisal-n sense 1; maps to VN classes assessment-34.1 and price-54.4. Framed by Claire. (from appraisal.01-n)</note>
      <roles>
        <role descr="seller" f="PAG" n="0">
          <vnrole vncls="54.4" vntheta="Agent"/>
        </role>
        <role descr="commodity" f="PPT" n="1">
          <vnrole vncls="54.4" vntheta="Theme"/>
        </role>
        <role descr="price" f="VSP" n="2">
          <vnrole vncls="54.4" vntheta="Value"/>
        </role>
      </roles>
      <example name="surprised this didn't occur" src="" type="">
        <inflection aspect="ns" form="full" person="ns" tense="past" voice="active"/>
        <text>Mary appraised the value of John's home at $3.14.</text>
        <arg f="" n="0">Mary</arg>
        <rel f="">appraised</rel>
        <arg f="" n="1">the value of John's home</arg>
        <arg f="" n="2">at $3.14</arg>
      </example>
      <example name="Arg 1 and TMP" src="NomBank Frames" type="">
        <text>Firms are offering prepurchase house appraisals to deter overpaying.</text>
        <arg f="tmp" n="m">prepurchase</arg>
        <arg f="" n="1">house</arg>
        <rel f="">appraisals</rel>
      </example>
      <example name="Arg 1 and MNR" src="ON sense 1" type="">
        <text>The antique experts had a harsh appraisal of the value of my lunchbox collection.</text>
        <arg f="mnr" n="m">harsh</arg>
        <rel f="">appraisal</rel>
        <arg f="" n="1">of the value of my lunchbox collection.</arg>
      </example>
      <example name="All arguments" src="invented" type="">
        <inflection aspect="ns" form="ns" person="ns" tense="ns" voice="ns"/>
        <text>Mary's $279,000 appraisal of the house was reasonable.</text>
        <arg f="" n="0">Mary's</arg>
        <arg f="" n="2">$279,000</arg>
        <rel f="">appraisal</rel>
        <arg f="" n="1">of the house</arg>
      </example>
    </roleset>
    <roleset id="appraise.02" name="come to understand">
      <aliases>
        <alias framenet="" pos="v" verbnet="">appraise</alias>
      </aliases>
      <note>APPRAISE-V NOTES: No relevant VN entry. Misuse of apprise?? (from appraise.02-v)</note>
      <roles>
        <role descr="understanding entity" f="PAG" n="0">
          <vnrole vncls="34.1" vntheta="Agent"/>
        </role>
        <role descr="knowledge, topic" f="PPT" n="1">
          <vnrole vncls="34.1" vntheta="Theme"/>
        </role>
      </roles>
      <example name="the one example" src="" type="">
        <inflection aspect="ns" form="infinitive" person="ns" tense="ns" voice="ns"/>
        <text>But [institutional investors]*-1 may wait a little longer [*-1]to appraise the direction of the U.S. monetary policy and the dollar, traders said.</text>
        <arg f="" n="0">[*-1]</arg>
        <rel f="">appraise</rel>
        <arg f="" n="1">the direction of the U.S. monetary policy and the dollar</arg>
      </example>
    </roleset>
  </predicate>
</frameset>
