<!DOCTYPE frameset SYSTEM "frameset.dtd">
<frameset>
  <predicate lemma="apt">
    <roleset id="apt.01" name="likely">
      <aliases>
        <alias framenet="" pos="j" verbnet="">apt</alias>
      </aliases>
      <note>APT-J NOTES: Added by Julia based on BOLT-6. (from apt.01-j)</note>
      <roles>
        <role descr="likely event (may require concatenation)" f="ppt" n="1"/>
      </roles>
      <example name="concatenation" src="BOLT-6" type="">
        <inflection aspect="ns" form="ns" person="ns" tense="ns" voice="ns"/>
        <text>Because in this age , understanding and tolerance have already become a scarce thing , because already social morality has gradually slipped away , because power , recklessness , arrogance , and domination are more apt to gain people 's respect instead .</text>
        <arg f="" n="1">[power , recklessness , arrogance , and domination] [to gain people 's respect instead]</arg>
        <arg f="ext" n="m">more</arg>
        <rel f="">apt</rel>
      </example>
    </roleset>
    <roleset id="apt.02" name="skilled, competent">
      <aliases>
        <alias framenet="" pos="j" verbnet="">apt</alias>
      </aliases>
      <note>APT-J NOTES: Added by Julia. (from apt.02-j)</note>
      <roles>
        <role descr="competent one" f="pag" n="1"/>
        <role descr="aptitude" f="ppt" n="2"/>
      </roles>
      <example name="both args" src="internet" type="">
        <inflection aspect="ns" form="ns" person="ns" tense="ns" voice="ns"/>
        <text>As a result, this job requires someone who-1 [*-1] is flexible as to when he/she can work, is apt at learning new assignments quickly</text>
        <arg f="" n="1">[*-1]</arg>
        <rel f="">apt</rel>
        <arg f="" n="2">at learning new assignments quickly</arg>
      </example>
    </roleset>
  </predicate>
</frameset>
