<!DOCTYPE frameset SYSTEM "frameset.dtd">
<frameset>
  <predicate lemma="arbitrate">
    <roleset id="arbitrate.01" name="judge, decide">
      <aliases>
        <alias framenet="" pos="v" verbnet="">arbitrate</alias>
        <alias framenet="" pos="n" verbnet="">arbitration</alias>
      </aliases>
      <note>ARBITRATE-V NOTES: No Verbnet entry. (from arbitrate.01-v)</note>
      <note>ARBITRATION-N NOTES: Roleset based on verb entry arbitrate.01, OntoNotes grouping arbitration-n senses 1&amp; 2; no mapping to VN. Framed by Claire. (from arbitration.01-n)</note>
      <roles>
        <role descr="agent" f="pag" n="0"/>
        <role descr="conflict needing a decision" f="ppt" n="1"/>
        <role descr="decision itself, often in favor or against..." f="gol" n="2"/>
      </roles>
      <example name="the one example" src="" type="">
        <inflection aspect="ns" form="full" person="third" tense="present" voice="active"/>
        <text>An adjudicator system -- that is, an investigator who [*T*-1] acts first as a fact-finder and then switches hats and arbitrates the facts -- has such advantages as speed, flexibility and maximum privacy.</text>
        <arg f="slc" n="m">who -&gt; an investigator</arg>
        <arg f="" n="0">[*T*-1] (= who)</arg>
        <rel f="">arbitrates</rel>
        <arg f="" n="1">the facts</arg>
      </example>
      <example name="All arguments" src="web" type="">
        <text>In 2002, the Los Angeles Superior Court threw out their arbitration of a dispute because they had not done things ethically.</text>
        <arg f="" n="0">their</arg>
        <rel f="">arbitration</rel>
        <arg f="" n="1">of a dispute</arg>
      </example>
      <example name="Arg0 and Arg2" src="web" type="">
        <inflection aspect="ns" form="ns" person="ns" tense="ns" voice="ns"/>
        <text>As I said before the BBB settles all claims of people who choose not to pay for their arbitration in favor of the company.</text>
        <arg f="" n="0">their</arg>
        <rel f="">arbitration</rel>
        <arg f="" n="2">in favor of the company</arg>
      </example>
      <example name="Arg 0 and different Arg2" src="web" type="">
        <inflection aspect="ns" form="ns" person="ns" tense="ns" voice="ns"/>
        <text>Seagal's side agreed to stay their arbitration against Nguyen pending the hearing.</text>
        <arg f="" n="0">their</arg>
        <rel f="">arbitration</rel>
        <arg f="" n="2">against Nguyen</arg>
      </example>
    </roleset>
  </predicate>
  <predicate lemma="arbitrary">
    <roleset id="arbitrary.02" name="determined by chance, based on individual preference">
      <aliases>
        <alias framenet="" pos="j" verbnet="">arbitrary</alias>
      </aliases>
      <note>ARBITRARY-J NOTES: Based on instances in BOLT P01, parts 2,3. Framed by Claire. (from arbitrary.01-j)</note>
      <roles>
        <role descr="thing that is determined by chance" f="ppt" n="1"/>
        <role descr="whom it is arbitrary to, perceiver of arbtrariness" f="gol" n="2"/>
      </roles>
      <example name="All args" src="web" type="">
        <inflection aspect="ns" form="ns" person="ns" tense="ns" voice="ns"/>
        <text>Honestly the 10% was arbitrary to me and I was only using it because it is the only standard that I know of for donating.</text>
        <arg f="dis" n="m">Honestly</arg>
        <arg f="" n="1">the 10%</arg>
        <rel f="">arbitrary</rel>
        <arg f="" n="2">to me</arg>
      </example>
    </roleset>
  </predicate>
</frameset>
