<!DOCTYPE frameset SYSTEM "frameset.dtd">
<frameset>
  <predicate lemma="arbitrage">
    <roleset id="arbitrage.01" name="quickly buy/sell currencies/stock/securities for profit">
      <aliases>
        <alias framenet="" pos="n" verbnet="">arbitrage</alias>
        <alias framenet="" pos="v" verbnet="">arbitrage</alias>
      </aliases>
      <note>ARBITRAGE-V NOTES: Frames file for 'arbitrage' based on survey of sentences in the WSJ corpus. (from arbitrage.01-v)</note>
      <note>ARBITRAGE-N NOTES: Based on ontonotes nouns. Comparison to arbitrage.01-v. No VN or FN classes. Framed by Katie. (from arbitrage.01-n)</note>
      <roles>
        <role descr="arbitrager, agent" f="pag" n="0"/>
        <role descr="currency/stock/security exchanged" f="ppt" n="1"/>
      </roles>
      <example name="automatically generated" src="" type="">
        <inflection aspect="ns" form="gerund" person="ns" tense="ns" voice="active"/>
        <text>[*] Arbitraging on differences between spot and futures prices is an important part of many financial markets , he says [0][*T*-1] .</text>
        <arg f="" n="0">[*]</arg>
        <rel f="">Arbitraging</rel>
        <arg f="" n="1">on differences between spot and futures prices</arg>
      </example>
      <example name="common" src="" type="">
        <text>stock index arbitrage</text>
        <arg f="" n="1">stock index</arg>
        <rel f="">arbitrage</rel>
      </example>
    </roleset>
  </predicate>
</frameset>
