<!DOCTYPE frameset SYSTEM "frameset.dtd">
<frameset>
  <predicate lemma="arch">
    <roleset id="arch.01" name="be in arch-like configuration">
      <aliases>
        <alias framenet="Body_movement" pos="v" verbnet="">arch</alias>
      </aliases>
      <note>ARCH-V NOTES: Member of Vncls crane-40.3.2 (from arch.01-v)</note>
      <roles>
        <note>It seems a little weird to have merged cause and agent, but whaddyagonnado. (from arch.01-v)</note>
        <role descr="causer of arching motion/state" f="PAG" n="0">
          <vnrole vncls="40.3.2" vntheta="Agent"/>
        </role>
        <role descr="thing in arch-like configuration" f="PPT" n="1">
          <vnrole vncls="40.3.2" vntheta="Patient"/>
        </role>
      </roles>
      <example name="a collective eyebrow?" src="" type="">
        <inflection aspect="ns" form="full" person="ns" tense="past" voice="active"/>
        <text>When the Trinity Repertory Theater named Anne Bogart its artistic director last spring, the nation's theatrical cognoscenti arched a collective eyebrow.</text>
        <arg f="tmp" n="m">When the Trinity Repertory Theater named Anne Bogarg its artistic director last spring</arg>
        <arg f="" n="0">the nation's theatrical cognoscenti</arg>
        <rel f="">arched</rel>
        <arg f="" n="1">a collective eyebrow</arg>
      </example>
      <example name="prepositional arg0" src="" type="">
        <inflection aspect="ns" form="full" person="ns" tense="present" voice="active"/>
        <text>One of the busiest ghostbusters is Robert Baker, a 68-year-old semi-retired University of Kentucky psychology professor whose bushy gray eyebrows arch at the mere mention of a ghost.</text>
        <arg f="" n="1">whose bushy gray eyebrows</arg>
        <rel f="">arch</rel>
        <arg f="" n="0">at the mere mention of a ghost</arg>
      </example>
    </roleset>
  </predicate>
</frameset>
