<!DOCTYPE frameset SYSTEM "frameset.dtd">
<frameset>
  <predicate lemma="archive">
    <roleset id="archive.01" name="to store in an archive">
      <aliases>
        <alias framenet="Placing" pos="v" verbnet="">archive</alias>
      </aliases>
      <note>ARCHIVE-V NOTES: Member of Vncls pocket-9.10. (from archive.01-v)</note>
      <roles>
        <role descr="storer" f="PAG" n="0">
          <vnrole vncls="9.10" vntheta="Agent"/>
        </role>
        <role descr="thing stored" f="PPT" n="1">
          <vnrole vncls="9.10" vntheta="Theme"/>
        </role>
        <role descr="building, location" f="GOL" n="2">
          <vnrole vncls="9.10" vntheta="Destination"/>
        </role>
      </roles>
      <example name="important document storage" src="" type="">
        <text>[All of the correspondance regarding to the creation of the Declaration of Independence]-1 are archived *trace*-1 by the US government in the National Archives.</text>
        <rel f="">archived</rel>
        <arg f="" n="1">*trace*-1</arg>
        <arg f="" n="0">by the US government</arg>
        <arg f="" n="2">in the National Archives</arg>
      </example>
    </roleset>
  </predicate>
</frameset>
