<!DOCTYPE frameset SYSTEM "frameset.dtd">
<frameset>
  <predicate lemma="argentinian">
    <roleset id="argentinian.01" name="of origin in argentina">
      <aliases>
        <alias framenet="" pos="j" verbnet="">argentinian</alias>
      </aliases>
      <note>ARGENTINIAN-J NOTES: Added automatically by Julia. (from argentinian.01-j)</note>
      <roles>
        <role descr="Argentinian entity" f="ppt" n="1"/>
      </roles>
      <example name="" src="" type="">
        <text>I told her how the war had made it clearer to me than ever before that I was Argentinian.</text>
      </example>
    </roleset>
  </predicate>
</frameset>
