<!DOCTYPE frameset SYSTEM "frameset.dtd">
<frameset>
  <predicate lemma="argue">
    <roleset id="argue.01" name="provide an argument, say, make an argument for or against something">
      <aliases>
        <alias framenet="Reasoning Evidence" pos="v" verbnet="">argue</alias>
        <alias framenet="Reasoning Evidence" pos="n" verbnet="">argument</alias>
      </aliases>
      <note>ARGUE-V NOTES: VN updated by Julia. No VNcls-- Vncls's fit better with other sense. See FN for structure. Comparison with say. (from argue.01-v)</note>
      <note>ARGUMENT-N NOTES: Based on verb entry argue.01; corresponding Vncls's fit better with other sense. (from argument.01-n)</note>
      <roles>
        <role descr="speaker" f="pag" n="0"/>
        <role descr="argument" f="ppt" n="1"/>
        <role descr="listener" f="gol" n="2"/>
      </roles>
      <example name="typical usage" src="" type="">
        <text>Program traders argue that a reinstatement of the rule would destroy the ``pricing efficiency'' of the futures and stock markets.</text>
        <arg f="" n="0">Program traders</arg>
        <rel f="">argue</rel>
        <arg f="" n="1">that a reinstatement of the rule would destroy the ``pricing efficiency'' of the futures and stock markets</arg>
      </example>
      <example name="with listener" src="" type="">
        <text>John passionately argued his case to Mary.</text>
        <arg f="" n="0">John</arg>
        <arg f="mnr" n="m">passionately</arg>
        <rel f="">argued</rel>
        <arg f="" n="1">his case</arg>
        <arg f="" n="2">to Mary</arg>
      </example>
      <example name="All Arguments" src="web" type="">
        <text>Darnton extends his argument to the scandalous libelles against Marie Antoinette.</text>
        <arg f="" n="0">his</arg>
        <rel f="">argument</rel>
        <arg f="" n="2">to the scandalous libelles</arg>
        <arg f="" n="1">against Marie Antoinette</arg>
      </example>
      <example name="Args 0 &amp; 1" src="web" type="">
        <text>Her husband was not convinced by her argument that they needed a bigger house.</text>
        <arg f="" n="0">her</arg>
        <rel f="">argument</rel>
        <arg f="" n="1">that they needed a bigger house.</arg>
      </example>
    </roleset>
    <roleset id="argue.02" name="argue with, have an argument with someone else">
      <aliases>
        <alias framenet="Quarreling" pos="n" verbnet="">argument</alias>
        <alias framenet="Quarreling" pos="v" verbnet="">argue</alias>
      </aliases>
      <note>ARGUE-V NOTES: Member of Vncls correspond-36.1-1-1, battle-36.4-1, chit_chat-37.6. Comparison with compete, negotiate (from argue.02-v)</note>
      <note>ARGUMENT-N NOTES: Based on verb entry argue.02; corresponds to Vncls correspond-36.1-1-1, battle-36.4-1, chit_chat-37.6. (from argument.02-n)</note>
      <roles>
        <role descr="first arguer" f="pag" n="0">
          <vnrole vncls="36.1-1-1" vntheta="agent"/>
          <vnrole vncls="36.4-1" vntheta="agent"/>
          <vnrole vncls="37.6" vntheta="agent"/>
        </role>
        <role descr="second arguer" f="com" n="1">
          <vnrole vncls="36.1-1-1" vntheta="co-agent"/>
          <vnrole vncls="36.4-1" vntheta="co-agent"/>
          <vnrole vncls="37.6" vntheta="co-agent"/>
        </role>
        <role descr="topic" f="ppt" n="2">
          <vnrole vncls="36.1-1-1" vntheta="theme"/>
          <vnrole vncls="36.4-1" vntheta="topic"/>
          <vnrole vncls="37.6" vntheta="topic"/>
        </role>
      </roles>
      <example name="I can't believe this hasn't occurred yet" src="" type="">
        <text>John argued with Mary about the cause of his noxious foot odor.</text>
        <arg f="" n="0">John</arg>
        <rel f="">argued</rel>
        <arg f="" n="1">with Mary</arg>
        <arg f="" n="2">about the cause of his noxious foot odor</arg>
      </example>
      <example name="merged arguers" src="" type="">
        <text>John and Mary argued about the cause of his noxious foot odor.</text>
        <arg f="" n="0">John and Mary</arg>
        <rel f="">argued</rel>
        <arg f="" n="2">about the cause of his noxious foot odor</arg>
      </example>
      <example name="All arguments" src="web" type="">
        <text>She could have stayed at the clinic and finished her argument with Franck about the relative merits of realism in television.</text>
        <arg f="" n="0">her</arg>
        <rel f="">arguement</rel>
        <arg f="" n="1">with Franck</arg>
        <arg f="" n="2">about the relative merits of realism in television.</arg>
      </example>
    </roleset>
  </predicate>
  <predicate lemma="arguable">
    <roleset id="arguable.03" name="able to provide an argument for">
      <aliases>
        <alias framenet="" pos="j" verbnet="">arguable</alias>
      </aliases>
      <note>ARGUABLE-J NOTES: Added by Julia based on BOLT-1, relation to argue-v.01. (from arguable.01-j)</note>
      <roles>
        <role descr="arguer" f="pag" n="0"/>
        <role descr="argument" f="ppt" n="1"/>
        <role descr="audience" f="gol" n="2"/>
      </roles>
      <example name="args 1, 2" src="internet" type="">
        <inflection aspect="ns" form="ns" person="ns" tense="ns" voice="ns"/>
        <text>Note that some of these topics could be converted into theses that-1 [*PRO*-1] would be arguable to a general audience if they were de-personalized and established as arguable issues.</text>
        <arg f="" n="1">[*PRO*-1]</arg>
        <arg f="mod" n="m">would</arg>
        <rel f="">arguable</rel>
        <arg f="" n="2">to a general audience</arg>
      </example>
      <example name="args 0,1" src="internet" type="">
        <inflection aspect="ns" form="ns" person="ns" tense="ns" voice="ns"/>
        <text>It's not arguable by an attorney of integrity.</text>
        <arg f="" n="1">It</arg>
        <arg f="neg" n="m">not</arg>
        <rel f="">arguable</rel>
        <arg f="" n="0">by an attorney of integrity</arg>
      </example>
    </roleset>
  </predicate>
</frameset>
