<!DOCTYPE frameset SYSTEM "frameset.dtd">
<frameset>
  <predicate lemma="arm">
    <roleset id="arm.01" name="to equip or provide">
      <aliases>
        <alias framenet="" pos="v" verbnet="">arm</alias>
      </aliases>
      <note>ARM-V NOTES: Based on WSJ. Member of Vncls equip-13.4.2-1. (from arm.01-v)</note>
      <roles>
        <role descr="equiper, provider, agent" f="pag" n="0">
          <vnrole vncls="13.4.2-1" vntheta="Agent"/>
        </role>
        <role descr="entity armed" f="gol" n="1">
          <vnrole vncls="13.4.2-1" vntheta="Recipient"/>
        </role>
        <role descr="equipment" f="ppt" n="2">
          <vnrole vncls="13.4.2-1" vntheta="Theme"/>
        </role>
      </roles>
      <example name="passive" src="" type="">
        <inflection aspect="ns" form="participle" person="ns" tense="ns" voice="passive"/>
        <text>[*-1] Armed [*-2]with this shared understanding and requisite background information , [each department]*-2 developed its specialized contribution to the proposal , [*-1] submitting data and cost estimates on a closely managed schedule .</text>
        <rel f="">Armed</rel>
        <arg f="" n="1">[*-2]</arg>
        <arg f="" n="2">with this shared understanding and requisite background information</arg>
      </example>
      <example name="transitive with purpose" src="" type="">
        <inflection aspect="ns" form="full" person="ns" tense="past" voice="active"/>
        <text>Thus [*-3] armed [*-2]for massive matching of documents by computer , [they]*-2 single out high-income groups , [*-3] looking primarily for people who [*T*-1] have n't filed New York income-tax returns .</text>
        <arg f="mnr" n="m">Thus</arg>
        <rel f="">armed</rel>
        <arg f="" n="1">[*-2]</arg>
        <arg f="prp" n="m">for massive matching of documents by computer</arg>
      </example>
    </roleset>
  </predicate>
  <predicate lemma="arm_up">
    <roleset id="arm_up.02" name="arm_up">
      <aliases>
        <alias framenet="" pos="v" verbnet="">arm_up</alias>
      </aliases>
      <note>ARM_UP-V NOTES: Added by Julia based on BOLT. Comparison to arm.01. (from arm.02-v)</note>
      <roles>
        <role descr="equiper, provider, agent" f="PAG" n="0"/>
        <role descr="entity armed" f="gol" n="1"/>
        <role descr="equipment" f="ppt" n="2"/>
      </roles>
      <example name="ergative" src="" type="">
        <inflection aspect="ns" form="ns" person="ns" tense="ns" voice="ns"/>
        <text>I support Saudis arming up though , as I do for all Muslim nations , weapons may be useful in future .</text>
        <arg f="" n="1">Saudis</arg>
        <rel f="">[arming] [up]</rel>
      </example>
    </roleset>
  </predicate>
</frameset>
