<!DOCTYPE frameset SYSTEM "frameset.dtd">
<frameset>
  <predicate lemma="armor">
    <roleset id="armor.01" name="equip with weapon/armor">
      <aliases>
        <alias framenet="" pos="j" verbnet="">armored</alias>
        <alias framenet="" pos="v" verbnet="">armor</alias>
      </aliases>
      <note>ARMOR-V NOTES: Based on dictionary.com. Frame by Perryn. Member of Vncls equip-13.4.2-1-1. (from armor.01-v)</note>
      <note>ARMORED-J NOTES: Roleset based on instances in BOLT P01, parts 2&amp; 3. Framed by Claire. Member of Vncls equip-13.4.2-1-1. (from armored.01-j)</note>
      <roles>
        <role descr="provider" f="PAG" n="0">
          <vnrole vncls="13.4.2-1-1" vntheta="Agent"/>
        </role>
        <role descr="entity getting equipment" f="GOL" n="1">
          <vnrole vncls="13.4.2-1-1" vntheta="Recipient"/>
        </role>
        <role descr="equipment" f="PPT" n="2">
          <vnrole vncls="13.4.2-1-1" vntheta="Theme"/>
        </role>
      </roles>
      <example name="soldier" src="" type="">
        <text>Those close to Miller believe he was shot by an armored Israeli personnel carrier.</text>
        <rel f="">armored</rel>
        <arg f="" n="1">[Israeli][personnel][carrier]</arg>
      </example>
      <example name="all args" src="" type="">
        <text>Mary-1 was armored *trace*-1 by her servants in gold chainmail in perparation for her match agains the Black Knight.</text>
        <rel f="">armored</rel>
        <arg f="" n="1">*trace*-1</arg>
        <arg f="" n="0">by her servants</arg>
        <arg f="" n="2">in gold chainmail</arg>
        <arg f="prp" n="m">in perparation for her match agains the Black Knight</arg>
      </example>
      <example name="with comparative construction" src="BOLT P01, parts 2,3" type="">
        <text>The Marine 's AAV is as armored as the standard Army APC - the M113</text>
        <arg f="" n="1">The Marine 's AAV</arg>
        <arg f="cxn" n="m">as</arg>
        <rel f="">armored</rel>
        <arg f="cxn" n="m">as the standard Army APC - the M113</arg>
      </example>
      <example name="Args 1 &amp; 2" src="web" type="">
        <text>The ships were armored with a mix of Creusot and compound steel.</text>
        <arg f="" n="1">The ships</arg>
        <rel f="">armored</rel>
        <arg f="" n="2">with a mix of Creusot and compound steel.</arg>
      </example>
      <example name="All args -- invented" src="invented" type="">
        <inflection aspect="ns" form="ns" person="ns" tense="ns" voice="ns"/>
        <text>The Kaiser Friedrich III-class ships were armored by the workers with steel.</text>
        <arg f="" n="1">The Kaiser Friedrich III-class ships</arg>
        <rel f="">armored</rel>
        <arg f="" n="0">by the workers</arg>
        <arg f="" n="2">with steel.</arg>
      </example>
    </roleset>
  </predicate>
</frameset>
