<!DOCTYPE frameset SYSTEM "frameset.dtd">
<frameset>
  <predicate lemma="aromatize">
    <roleset id="aromatize.01" name="feather">
      <aliases>
        <alias framenet="" pos="v" verbnet="">aromatize</alias>
      </aliases>
      <note>AROMATIZE-V NOTES: Hand-corrected by Claire. (from aromatize.01-v)</note>
      <roles>
        <role descr="causer of aromitization" f="PAG" n="0">
          <vnrole vncls="9.9" vntheta="Agent"/>
        </role>
        <role descr="destination, room, thing made aromatic" f="GOL" n="1">
          <vnrole vncls="9.9" vntheta="Destination"/>
        </role>
        <role descr="aroma itself" f="PPT" n="2">
          <vnrole vncls="9.9" vntheta="Theme"/>
        </role>
      </roles>
      <example name="No aroma mentioned" src="web usage" type="">
        <text>[The sommelier]-1 swirled the wine *PRO*-1 to aromatize it.</text>
        <arg f="" n="0">*PRO*-1</arg>
        <rel f="">aromatize</rel>
        <arg f="" n="1">it</arg>
      </example>
      <example name="All arguments, invented example" src="web usage" type="">
        <inflection aspect="ns" form="ns" person="ns" tense="ns" voice="ns"/>
        <text>John aromatized the house with the smell of his cooking bacon.</text>
        <arg f="" n="0">John</arg>
        <rel f="">aromatized</rel>
        <arg f="" n="1">the house</arg>
        <arg f="" n="2">with the smell of his cooking bacon</arg>
      </example>
    </roleset>
  </predicate>
</frameset>
