<!DOCTYPE frameset SYSTEM "frameset.dtd">
<frameset>
  <predicate lemma="arouse">
    <roleset id="arouse.01" name="to provoke, stir up">
      <aliases>
        <alias framenet="Experiencer_obj Cause_to_start" pos="v" verbnet="">arouse</alias>
      </aliases>
      <note>AROUSE-V NOTES: Member of Vncls amuse-31.1. (from arouse.01-v)</note>
      <roles>
        <role descr="causer" f="PAG" n="0">
          <vnrole vncls="31.1" vntheta="Stimulus"/>
        </role>
        <role descr="entity aroused" f="PPT" n="1">
          <vnrole vncls="31.1" vntheta="Experiencer"/>
        </role>
      </roles>
      <example name="transitive" src="" type="">
        <inflection aspect="ns" form="gerund" person="ns" tense="present" voice="active"/>
        <text>When the hacker moved , [Mr. Stoll]*-4 moved too , calling up other systems managers to alert them but keeping his own system open to avoid [*-4]arousing suspicion .</text>
        <arg f="" n="0">[*-4]</arg>
        <rel f="">arousing</rel>
        <arg f="" n="1">suspicion</arg>
      </example>
      <example name="inanimate causer" src="" type="">
        <inflection aspect="ns" form="full" person="third" tense="present" voice="active"/>
        <text>`` My impression is that there is n't anything which [*T*-1] arouses our interest at first glance , '' says [*T*-2]an official from Japan 's Ministry of International Trade and Industry .</text>
        <arg f="slc" n="m">which -&gt; anything</arg>
        <arg f="" n="0">[*T*-1] (= which)</arg>
        <rel f="">arouses</rel>
        <arg f="" n="1">our interest</arg>
        <arg f="tmp" n="m">at first glance</arg>
      </example>
    </roleset>
  </predicate>
  <predicate lemma="arousable">
    <roleset id="arousable.02" name="able to be awakened, stirred up">
      <aliases>
        <alias framenet="" pos="j" verbnet="">arousable</alias>
      </aliases>
      <note>AROUSABLE-J NOTES: Added by Julia based on SHARP. Relation to arouse.01 (from arousable.01-j)</note>
      <roles>
        <role descr="causer" f="pag" n="0"/>
        <role descr="entity aroused" f="ppt" n="1"/>
      </roles>
      <example name="arg1" src="SHARP" type="">
        <inflection aspect="ns" form="ns" person="ns" tense="ns" voice="ns"/>
        <text>*PRO* Sleepy but arousable , reporting mild - to - moderate post-operative pain .</text>
        <arg f="" n="1">*PRO*</arg>
        <rel f="">arousable</rel>
      </example>
    </roleset>
  </predicate>
</frameset>
