<!DOCTYPE frameset SYSTEM "frameset.dtd">
<frameset>
  <predicate lemma="array">
    <roleset id="array.01" name="arrange in a line/orderly fashion">
      <aliases>
        <alias framenet="Arranging" pos="v" verbnet="">array</alias>
      </aliases>
      <note>ARRAY-V NOTES: Frame created by Arrick. No Verbnet entry. (from array.01-v)</note>
      <roles>
        <role descr="agent" f="PAG" n="0"/>
        <role descr="thing aligned" f="PPT" n="1"/>
      </roles>
      <example name="no agent" src="" type="">
        <text>[Flags from every participating country]-9 were arrayed *-9 at the festival...</text>
        <rel f="">arrayed</rel>
        <arg f="" n="1">*trace*-9</arg>
        <arg f="loc" n="m">at the festival...</arg>
      </example>
    </roleset>
  </predicate>
</frameset>
