<!DOCTYPE frameset SYSTEM "frameset.dtd">
<frameset>
  <predicate lemma="arraign">
    <roleset id="arraign.01" name="call before court to answer indictment">
      <aliases>
        <alias framenet="Arraignment" pos="v" verbnet="">arraign</alias>
      </aliases>
      <note>ARRAIGN-V NOTES: Frame file created by Arrick. No Verbnet entry, Comparison with 'indict'. (from arraign.01-v)</note>
      <roles>
        <role descr="legal authority" f="pag" n="0"/>
        <role descr="person arraigned" f="ppt" n="1"/>
        <role descr="crime" f="cau" n="2"/>
      </roles>
      <example name="no legal authority" src="" type="">
        <text>Just hours ago [this man]-1 was arraigned [*]-1 for the brutal murder of graduate student Imette St. Guillen.</text>
        <arg f="tmp" n="m">Just hours ago</arg>
        <rel f="">arraigned</rel>
        <arg f="" n="1">[*]-1</arg>
        <arg f="" n="2">for the brutal murder of graduate student Imette St. Guillen.</arg>
      </example>
    </roleset>
  </predicate>
</frameset>
