<!DOCTYPE frameset SYSTEM "frameset.dtd">
<frameset>
  <predicate lemma="arrest">
    <roleset id="arrest.01" name="like a criminal">
      <aliases>
        <alias framenet="" pos="n" verbnet="">arrest</alias>
        <alias framenet="Arrest" pos="v" verbnet="">arrest</alias>
        <alias framenet="" pos="l" verbnet="">make_arrest</alias>
      </aliases>
      <note>ARREST-V NOTES: I'd expect to see arg2-for more commonly, but I could be mistaken. (from arrest.01-v)</note>
      <note>ARREST-N NOTES: Roleset based on verb arrest.01, OntoNotes grouping arrest-n sense 1; no mapping to VN. Framed by Claire. (from arrest.01-n)</note>
      <roles>
        <role descr="police" f="pag" n="0"/>
        <role descr="criminal" f="ppt" n="1"/>
        <role descr="crime" f="cau" n="2"/>
      </roles>
      <example name="difficult syntax for crime" src="" type="">
        <inflection aspect="perfect" form="participle" person="ns" tense="present" voice="active"/>
        <text>Since Mexican President Carlos Salinas de Gortari took office last December, special agents have arrested more than 6,000 federal employees on charges ranging from extortion to tax evasion.</text>
        <arg f="tmp" n="m">Since Mexican President Carlos Salinas de Gortari took office last December</arg>
        <arg f="" n="0">special agents</arg>
        <rel f="">arrested</rel>
        <arg f="" n="1">more than 6,000 federal employees</arg>
        <arg f="" n="2">on charges ranging from extortion to tax evasion</arg>
      </example>
      <example name="NP only, all arguments" src="NomBank Frames" type="">
        <text>the arrest of opposition activists on the grounds of terrorism</text>
        <rel f="">arrest</rel>
        <arg f="" n="1">of opposition activists</arg>
        <arg f="" n="2">on the grounds of terrorism</arg>
      </example>
      <example name="NP only, Args 0 &amp; 1" src="NomBank Frames" type="">
        <text>the arrest by West German authorities of five young West Germans, accused of stealing information from computers in the U.S. andEurope and selling it to the Soviet KGB</text>
        <rel f="">arrest</rel>
        <arg f="" n="0">by West German authorities</arg>
        <arg f="" n="1">of five young West Germans , accused of stealing information from computers in the U.S. and Europe and selling it to the Soviet KGB</arg>
      </example>
      <example name="All arguments" src="web" type="">
        <inflection aspect="ns" form="ns" person="ns" tense="ns" voice="ns"/>
        <text>Information passed to Crimestoppers resulted in a milestone figure of the 100,000th arrest, following the arrest of a man by Durham Police for burglary.</text>
        <rel f="">arrest</rel>
        <arg f="" n="1">of a man</arg>
        <arg f="" n="0">by Durham Police</arg>
        <arg f="" n="2">for burglary</arg>
      </example>
    </roleset>
    <roleset id="arrest.02" name="stop">
      <aliases>
        <alias framenet="Cause_to_end" pos="v" verbnet="">arrest</alias>
        <alias framenet="" pos="n" verbnet="">arrest</alias>
      </aliases>
      <note>ARREST-V NOTES: Frames file for 'arrest' based on sentences in financial subcorpus. No Verbnet entry. (from arrest.02-v predicate notes)</note>
      <note>ARREST-N NOTES: Roleset based on verb entry arrest.02, OntoNotes grouping arrest-n sense 2; no mapping to VN. Framed by Claire. (from arrest.02-n)</note>
      <roles>
        <role descr="causer of stopping" f="pag" n="0"/>
        <role descr="thing stopping" f="ppt" n="1"/>
      </roles>
      <example name="arrested development" src="" type="">
        <inflection aspect="ns" form="full" person="ns" tense="ns" voice="active"/>
        <text>China might stave off a crisis if it acts as forcefully as [it]*-1 did [*-1]to arrest the 1985 decline, when Beijing slammed the brakes on foreign-exchange spending and devalued the currency.</text>
        <arg f="" n="0">[*-1]</arg>
        <rel f="">arrest</rel>
        <arg f="" n="1">the 1985 decline</arg>
        <arg f="tmp" n="m">when Beijink slammed the brakes on foreign-exchange spending and devalued the currency</arg>
      </example>
      <example name="Arg 1 as &quot;of&quot; PP" src="ON sense 2" type="">
        <inflection aspect="ns" form="ns" person="ns" tense="ns" voice="ns"/>
        <text>The medication is very effective in the arrest of the disease's progress.</text>
        <rel f="">arrest</rel>
        <arg f="" n="1">of the disease's progress</arg>
      </example>
      <example name="Arg 1 pre-relation" src="ON sense 2" type="">
        <inflection aspect="ns" form="ns" person="ns" tense="ns" voice="ns"/>
        <text>The patient was experiencing cardiac arrest.</text>
        <arg f="" n="1">cardiac</arg>
        <rel f="">arrest</rel>
      </example>
      <example name="All arguments" src="web" type="">
        <inflection aspect="ns" form="ns" person="ns" tense="ns" voice="ns"/>
        <text>Thus, the arrest of egg maturation by allatectomy might be due to the failure of the corpora allata to stimulate the mnc.</text>
        <rel f="">arrest</rel>
        <arg f="" n="1">of egg maturation</arg>
        <arg f="" n="0">by allectomy</arg>
      </example>
    </roleset>
  </predicate>
</frameset>
