<!DOCTYPE frameset SYSTEM "frameset.dtd">
<frameset>
  <predicate lemma="arrive">
    <roleset id="arrive.01" name="move, come to">
      <aliases>
        <alias framenet="Arriving" pos="v" verbnet="">arrive</alias>
        <alias framenet="arriving" pos="n" verbnet="">arrival</alias>
      </aliases>
      <note>ARRIVE-V NOTES: Based on financial subcorpus. Comparison to 'come'. Member of VNcls escape-51.1-2. (from arrive.01-v)</note>
      <note>ARRIVAL-N NOTES: Roleset based on arrive.01. Verbnet class 51.1-2, framenet class arriving. Framed by Katie. (from arrival.01-n)</note>
      <roles>
        <role descr="entity in motion / 'comer'" f="PPT" n="1">
          <vnrole vncls="51.1" vntheta="Theme"/>
        </role>
        <role descr="extent -- rare)" f="ext" n="2"/>
        <role descr="start point -- also rare)" f="dir" n="3"/>
        <role descr="end point, destination" f="LOC" n="4">
          <vnrole vncls="51.1" vntheta="Destination"/>
        </role>
      </roles>
      <example name="unaccusative" src="" type="">
        <text>But with the index proving somewhat better than expected and [the widely anticipated report on October]-1 employment scheduled *trace*-1 to arrive tomorrow, stock prices firmed only modestly in response to the report and then faltered.</text>
        <arg f="" n="1">*trace*-1</arg>
        <rel f="">arrive</rel>
        <arg f="tmp" n="m">tomorrow</arg>
      </example>
      <example name="with end point, destination" src="" type="">
        <text>When he arrived in the U.S. in 1969 -- the start of an eight-year tour -- he tried selling Japanese yen-denominated bonds to U.S. investors.</text>
        <arg f="" n="1">he</arg>
        <rel f="">arrived</rel>
        <arg f="" n="4">in the U.S.</arg>
        <arg f="tmp" n="m">in 1969 -- the start of an eight-year tour --</arg>
      </example>
      <example name="with start point" src="" type="">
        <text>John's flight arrives from Lower Slobovia tomorrow at noon.</text>
        <arg f="" n="1">John's flight</arg>
        <rel f="">arrives</rel>
        <arg f="" n="3">from Lower Slobovia</arg>
        <arg f="tmp" n="m">tomorrow at noon</arg>
      </example>
      <example name="Example with rare arg 3" src="" type="">
        <text>the arrival of cocoa from the interior</text>
        <rel f="">arrival</rel>
        <arg f="" n="1">of cocoa</arg>
        <arg f="" n="3">from the interior</arg>
      </example>
      <example name="Example with arg 4" src="" type="">
        <text>the arrival on the market of $ 4.52 billion in 30-year bondsoffered by the Resolution Funding Corp. as part of the government's bailout of the savings and loan industry</text>
        <rel f="">arrival</rel>
        <arg f="" n="4">on the market</arg>
        <arg f="" n="1">of $ 4.52 billion in 30-year bonds offered by the Resolution Funding Corp. as part of the government 's bailout of the savings and loan industry</arg>
      </example>
      <example name="Very common instance of having only arg 1" src="" type="">
        <inflection aspect="ns" form="ns" person="ns" tense="ns" voice="ns"/>
        <text>The arrival of the wolves</text>
        <rel f="">arrival</rel>
        <arg f="" n="1">of the wolves</arg>
      </example>
      <example name="example with all but arg 2" src="" type="">
        <inflection aspect="ns" form="ns" person="ns" tense="ns" voice="ns"/>
        <text>On our arrival from Waterloo at Allgate</text>
        <arg f="" n="1">Our</arg>
        <rel f="">arrival</rel>
        <arg f="" n="3">from Waterloo</arg>
        <arg f="" n="4">at Allgate</arg>
      </example>
    </roleset>
  </predicate>
</frameset>
