<!DOCTYPE frameset SYSTEM "frameset.dtd">
<frameset>
  <predicate lemma="arrogate">
    <roleset id="arrogate.01" name="claim, seize, appropriate (to) without right">
      <aliases>
        <alias framenet="" pos="v" verbnet="">arrogate</alias>
      </aliases>
      <note>ARROGATE-V NOTES: Roleset based on parallel expansion to PropBank, VerbNet, and sense groupings. Framed by Claire. (from arrogate.01-v)</note>
      <roles>
        <role descr="usurper" f="pag" n="0"/>
        <role descr="Entity usurped" f="ppt" n="1"/>
        <role descr="Benefactive, whom is arg1 appropriated to?" f="gol" n="2"/>
      </roles>
      <example name="All arguments" src="All arguments" type="All arguments">
        <inflection aspect="ns" form="ns" person="ns" tense="ns" voice="ns"/>
        <text>[The Home Secretary]-1 proposes *PRO*-1 to arrogate such powers to himself.</text>
        <arg f="" n="0">*PRO*-1</arg>
        <rel f="">arrogate</rel>
        <arg f="" n="1">such powers</arg>
        <arg f="" n="2">to himself</arg>
      </example>
      <example name="Non-reflexive benefactive" src="Non-reflexive benefactive" type="Non-reflexive benefactive">
        <inflection aspect="ns" form="ns" person="ns" tense="ns" voice="ns"/>
        <text>They arrogated subsoil rights to many of the remaining areas of land suited for rice cultivation.</text>
        <arg f="" n="0">They</arg>
        <rel f="">arrogated</rel>
        <arg f="" n="1">subsoil rights</arg>
        <arg f="" n="2">to many of the remaining areas of land suited for rice cultivation</arg>
      </example>
    </roleset>
  </predicate>
</frameset>
