<!DOCTYPE frameset SYSTEM "frameset.dtd">
<frameset>
  <predicate lemma="arrogant">
    <roleset id="arrogant.01" name="prideful, haughty, stuck up">
      <aliases>
        <alias framenet="" pos="j" verbnet="">arrogant</alias>
      </aliases>
      <note>ARROGANT-J NOTES: Added by Julia based on BOLT-6. (from arrogant.01-j)</note>
      <roles>
        <role descr="prideful agent" f="pag" n="0"/>
        <role descr="prideful action" f="ppt" n="1"/>
        <role descr="target of prideful behavior" f="gol" n="2"/>
      </roles>
      <example name="arg0" src="BOLT-6" type="">
        <inflection aspect="ns" form="ns" person="ns" tense="ns" voice="ns"/>
        <text>I 'm completely speechless . The BMW guy is so arrogant !</text>
        <arg f="" n="0">The BMW guy</arg>
        <arg f="ext" n="m">so</arg>
        <rel f="">arrogant</rel>
      </example>
    </roleset>
  </predicate>
</frameset>
