<!DOCTYPE frameset SYSTEM "frameset.dtd">
<frameset>
  <predicate lemma="arson">
    <roleset id="arson.01" name="criminal fire-setting">
      <aliases>
        <alias framenet="" pos="n" verbnet="">arson</alias>
      </aliases>
      <note>ARSON-N NOTES: Added by Julia based on BOLT. (from arson.01-n)</note>
      <roles>
        <role descr="fire-setter" f="pag" n="0"/>
        <role descr="property burned" f="ppt" n="1"/>
      </roles>
      <example name="with PRD" src="BOLT" type="">
        <inflection aspect="ns" form="ns" person="ns" tense="ns" voice="ns"/>
        <text>As a result , basically natural disasters happened in the past , now the disasters that take place in Japan are man - made , which are the consequences of the accumulation of murders and arson aimed at destroying the world . Just like drawing fire to themselves .</text>
        <rel f="">arson</rel>
        <arg f="prd" n="m">aimed at destroying the world</arg>
      </example>
    </roleset>
  </predicate>
</frameset>
