<!DOCTYPE frameset SYSTEM "frameset.dtd">
<frameset>
  <predicate lemma="artifactual">
    <roleset id="artifactual.01" name="the result of fluke/error">
      <aliases>
        <alias framenet="" pos="j" verbnet="">artifactual</alias>
      </aliases>
      <note>ARTIFACTUAL-J NOTES: Added by Julia based on SHARP (from artifactual.01-j)</note>
      <roles>
        <role descr="thing that is an artifact, fluke" f="pag" n="1"/>
        <role descr="artifact of what" f="ppt" n="2"/>
      </roles>
      <example name="arg1" src="internet" type="">
        <inflection aspect="ns" form="ns" person="ns" tense="ns" voice="ns"/>
        <text>I have the suspicion that the BP reading was artifactual, and that the spike was due to the reintroduction of allopurinol, which can boost BP.</text>
        <arg f="" n="1">the BP reading</arg>
        <rel f="">artifactual</rel>
      </example>
    </roleset>
  </predicate>
</frameset>
