<!DOCTYPE frameset SYSTEM "frameset.dtd">
<frameset>
  <predicate lemma="articulate">
    <roleset id="articulate.01" name="speak clearly, move articularors to pronuonce and enunciate">
      <aliases>
        <alias framenet="Expressing_publicly" pos="v" verbnet="">articulate</alias>
        <alias framenet="" pos="n" verbnet="">articulation</alias>
      </aliases>
      <note>ARTICULATE-V NOTES: Verbnet entry say-37.7. (from articulate.01-v)</note>
      <note>ARTICULATION-N NOTES: Based on Sharp data. Comparison to articulate-v.. Articulate.01 is a member of VN class say-37.7-1. Articulate is a member of FNclass Expressing_publicly.Framed by Katie. (from articulation.01-n)</note>
      <roles>
        <note>I doubt the hearer arg would ever appear, but class membershippredicts it. (from articulate.01-v)</note>
        <role descr="speaker" f="PAG" n="0">
          <vnrole vncls="37.7-1" vntheta="Agent"/>
        </role>
        <role descr="utterance" f="PPT" n="1">
          <vnrole vncls="37.7-1" vntheta="Topic"/>
        </role>
        <role descr="hearer (in theory possible)" f="GOL" n="2">
          <vnrole vncls="37.7-1" vntheta="Recipient"/>
        </role>
      </roles>
      <example name="just transitive" src="" type="">
        <inflection aspect="ns" form="infinitive" person="ns" tense="ns" voice="ns"/>
        <text>If [Mr. Mason]*-1 had used less derogatory language [*-1]to articulate his amateur analysis of the voting behavior of his fellow New Yorkers, would the water be quite so hot?</text>
        <arg f="" n="0">[*-1]</arg>
        <rel f="">articulate</rel>
        <arg f="" n="1">his amateur analysis of the voting behavior of his fellow New Yorkers</arg>
      </example>
      <example name="different tyoe of arg 1" src="" type="">
        <inflection aspect="ns" form="ns" person="ns" tense="ns" voice="ns"/>
        <text>speech articulation</text>
        <arg f="" n="1">speech</arg>
        <rel f="">articulation</rel>
      </example>
      <example name="another unconventional arg 1" src="" type="">
        <inflection aspect="ns" form="ns" person="ns" tense="ns" voice="ns"/>
        <text>Articulation of the rhotic is difficult for him.</text>
        <rel f="">Articulation</rel>
        <arg f="" n="1">of the rhotic</arg>
      </example>
    </roleset>
    <roleset id="articulate.02" name="using/capable of clear, effective language">
      <aliases>
        <alias framenet="" pos="j" verbnet="">articulate</alias>
      </aliases>
      <note>ARTICULATE-J NOTES: Added by Julia based on BOLT-4,5, close relation to 'articulate-v'. (from articulate.01-j)</note>
      <roles>
        <role descr="entity possessing clear language" f="pag" n="0"/>
        <role descr="subject matter expressed clearly" f="ppt" n="1"/>
      </roles>
      <example name="arg1" src="BOLT-1" type="">
        <inflection aspect="ns" form="ns" person="ns" tense="ns" voice="ns"/>
        <text>Michael Atherton is a superb commentator as he is articulate , amusing and very knowledgeable and I wish that they would make him the front man and pension off Mr Gower .</text>
        <arg f="" n="1">he</arg>
        <rel f="">articulate</rel>
      </example>
      <example name="both args" src="internet" type="">
        <inflection aspect="ns" form="ns" person="ns" tense="ns" voice="ns"/>
        <text>A successful Art Practice graduate is articulate about his/her work, and has an understanding of the professional landscape he/she is entering.</text>
        <arg f="" n="0">A successful Art Practice graduate</arg>
        <rel f="">articulate</rel>
        <arg f="" n="1">about his/her work</arg>
      </example>
    </roleset>
  </predicate>
</frameset>
