<!DOCTYPE frameset SYSTEM "frameset.dtd">
<frameset>
  <predicate lemma="ascertain">
    <roleset id="ascertain.01" name="figure out">
      <aliases>
        <alias framenet="Coming_to_believe" pos="v" verbnet="">ascertain</alias>
      </aliases>
      <note>ASCERTAIN-V NOTES: Framed by Neville. VN updated by Julia, 9/2010. Member of Vncls discover-84, ensure-99, promise-37.13. (from ascertain.01-v)</note>
      <roles>
        <role descr="ascertainer" f="pag" n="0">
          <vnrole vncls="84" vntheta="agent"/>
          <vnrole vncls="99" vntheta="cause"/>
          <vnrole vncls="37.13" vntheta="agent"/>
        </role>
        <role descr="thing figured out" f="PPT" n="1">
          <vnrole vncls="84" vntheta="theme"/>
          <vnrole vncls="99" vntheta="theme"/>
          <vnrole vncls="37.13" vntheta="topic"/>
        </role>
      </roles>
      <example name="transitive" src="" type="">
        <text>Yutaka Kawashima also suggested that the Universe Development UndertakingGroup organize an [inspection team]-1 *PRO*-1 to thoroughly ascertain the reason whythe satellite could not enter geosynchronous orbit [*T*-15].</text>
        <arg f="" n="0">*PRO*-1</arg>
        <arg f="mnr" n="m">thoroughly</arg>
        <rel f="">ascertain</rel>
        <arg f="" n="1">the reason why the satellite could not enter geosynchronous orbit</arg>
      </example>
    </roleset>
  </predicate>
</frameset>
