<!DOCTYPE frameset SYSTEM "frameset.dtd">
<frameset>
  <predicate lemma="ascend">
    <roleset id="ascend.01" name="to rise, go up, going up (intentional)">
      <aliases>
        <alias framenet="" pos="j" verbnet="">ascending</alias>
        <alias framenet="" pos="n" verbnet="">ascent</alias>
        <alias framenet="" pos="n" verbnet="">ascension</alias>
        <alias framenet="" pos="n" verbnet="">ascending</alias>
        <alias framenet="Traversing Intentional_traversing Path_shape" pos="v" verbnet="">ascend</alias>
      </aliases>
      
      
      
      <roles>
        <role descr="entity rising" f="ppt" n="0">
          <vnrole vncls="51.1-3" vntheta="theme"/>
          <vnrole vncls="47.7" vntheta="theme"/>
        </role>
        <role descr="location" f="loc" n="1">
          <vnrole vncls="51.1-3" vntheta="trajectory"/>
          <vnrole vncls="47.7" vntheta="location"/>
        </role>
      </roles>
      <example name="intransitive" src="" type="">
        <inflection aspect="progressive" form="participle" person="ns" tense="present" voice="active"/>
        <text>At least not when you are ascending [*T*-1] .</text>
        <arg f="" n="0">you</arg>
        <rel f="">ascending</rel>
        <arg f="tmp" n="m">[*T*-1]</arg>
      </example>
      <example name="both args-- motion" src="internet" type="-">
        <inflection aspect="ns" form="participle" person="third" tense="past" voice="active"/>
        <text>He ascended the hill, doubtless, because it was more convenient to address the multitude from an eminence than if he were on the same level with them.</text>
        <arg f="" n="0">he</arg>
        <rel f="">ascended</rel>
        <arg f="" n="1">the hill</arg>
        <arg f="adv" n="m">doubtless</arg>
        <arg f="cau" n="m">because it was more convenient to address the multitude from an eminance than if he were on the same level with them</arg>
      </example>
      <example name="figurative ascension (probably originally literal)" src="internet" type="-">
        <inflection aspect="ns" form="participle" person="third" tense="past" voice="active"/>
        <text>He ascended the throne in 1941 after his father, Reza Shah Pahlevi, was suspected of collaboration with the Germans.</text>
        <arg f="" n="0">He</arg>
        <rel f="">ascended</rel>
        <arg f="" n="1">the throne</arg>
        <arg f="tmp" n="m">in 1941</arg>
        <arg f="tmp" n="m">after his father, Reza Shah Pahlevi, was suspected of collaboration with the Germans</arg>
      </example>
      <example name="path shape with GOL and EXT" src="" type="">
        <inflection aspect="ns" form="ns" person="ns" tense="ns" voice="ns"/>
        <text>The trail ascended 2500 feet to the Kendall Catwalk, a trail blasted out of an alpine knife ridge.</text>
        <arg f="" n="0">the trail</arg>
        <rel f="">ascended</rel>
        <arg f="ext" n="m">2500 feet</arg>
        <arg f="gol" n="m">to the Kendall Catwalk, a trail blasted out of an alpine knife ridge</arg>
      </example>
      <example name="path shape, both args + GOL" src="internet" type="-">
        <inflection aspect="ns" form="participle" person="third" tense="past" voice="active"/>
        <text>the trail ascended the Bald Hills to Elk Camp.</text>
        <arg f="" n="0">the trail</arg>
        <rel f="">ascended</rel>
        <arg f="" n="1">the Bald Hills</arg>
        <arg f="gol" n="m">to Elk Camp</arg>
      </example>
      <example name="Both args" src="" type="">
        <inflection aspect="ns" form="ns" person="ns" tense="ns" voice="ns"/>
        <text>His ascending of the hill took a lot of hiking.</text>
        <arg f="" n="0">his</arg>
        <rel f="">ascending</rel>
        <arg f="" n="1">of the hill</arg>
      </example>
    <note>ASCEND-V NOTES: Member of Vncls escape-51.1, meander-47.7. (from ascend.01-v)

ASCENDING-N NOTES: ascend.01 (from ascending.01-n)

ASCENDING-J NOTES: Automatically created by Julia as an alias file for unification. (from ascending.01-j)</note>
</roleset>

    <roleset id="ascend.02" name="non-intentional rising">
      <aliases>
        <alias framenet="" pos="n" verbnet="">ascending</alias>
        <alias framenet="" pos="v" verbnet="">ascend</alias>
      </aliases>
      
      <roles>
        <role descr="Rising entity" f="ppt" n="1"/>
        <role descr="EXT, amount risen" f="ext" n="2"/>
        <role descr="Start point" f="dir" n="3"/>
        <role descr="End point" f="gol" n="4"/>
      </roles>
      <example name="With end point" src="" type="">
        <inflection aspect="ns" form="ns" person="ns" tense="ns" voice="ns"/>
        <text>The ascending of her blood pressure to 200 was concerning.</text>
        <rel f="">ascending</rel>
        <arg f="" n="1">of her blood pressure</arg>
        <arg f="" n="4">to 200</arg>
      </example>
    <example name="stock" src="" type="">
<inflection aspect="ns" form="ns" person="ns" tense="ns" voice="ns"/>
<text>Its price ascended from 1.04 to 1.54.</text>
<arg f="" n="1">Its price</arg>
<rel f="">ascended</rel>
<arg f="" n="3">from 1.04</arg>
<arg f="" n="4">to 1.54</arg>
</example>
<note>ASCENDING-N NOTES: comparison to climb.02, rise.01 (from ascending.02-n)</note>
</roleset>
  </predicate>
  
</frameset>
