<!DOCTYPE frameset SYSTEM "frameset.dtd">
<frameset>
  <predicate lemma="ascribe">
    <roleset id="ascribe.01" name="assign attribute">
      <aliases>
        <alias framenet="" pos="v" verbnet="">ascribe</alias>
      </aliases>
      <note>ASCRIBE-V NOTES: Frames file for 'ascribe' based on sentences in wsj. No Verbnet entry. (from ascribe.01-v predicate notes)</note>
      <roles>
        <role descr="assigner" f="pag" n="0"/>
        <role descr="thing assigned (attribute)" f="ppt" n="1"/>
        <role descr="assigned to" f="gol" n="2"/>
      </roles>
      <example name="active" src="" type="">
        <inflection aspect="ns" form="full" person="ns" tense="present" voice="active"/>
        <text>Both Deryck C. Maughan, who heads Salomon in Tokyo, and John S. Wadsworth, who heads Morgan Stanley there, ascribe a good part of their firms' success in Tokyo to their ability to offer sophisticated, futures-related investment strategies to big institutional clients.</text>
        <arg f="" n="0">Both Deryck C. Maughan, who heads Salomon in Tokyo, and John S. Wadsworth, who heads Morgan Stanley there,</arg>
        <rel f="">ascribe</rel>
        <arg f="" n="1">a good part of their firms' success in Tokyo</arg>
        <arg f="" n="2">to their ability to offer sophisticated, futures-related investment strategies to big institutional clients</arg>
      </example>
      <example name="passive" src="" type="">
        <inflection aspect="ns" form="participle" person="ns" tense="ns" voice="passive"/>
        <text>As a public figure, Mr. Masson had to prove malice and, as proof of malice, Mr. Masson contended that [defamatory quotations]-2 ascribed *trace*-2 to him by Ms. Malcolm were in fact fabricated.</text>
        <rel f="">ascribed</rel>
        <arg f="" n="1">*trace*-2</arg>
        <arg f="" n="2">to him</arg>
        <arg f="" n="0">by Ms. Malcolm</arg>
      </example>
    </roleset>
  </predicate>
</frameset>
