<!DOCTYPE frameset SYSTEM "frameset.dtd">
<frameset>
  <predicate lemma="ask">
    <roleset id="ask.01" name="ask a question">
      <aliases>
        <alias framenet="Questioning" pos="v" verbnet="">ask</alias>
      </aliases>
      <note>ASK-V NOTES: Please refer to the 'say' frames for the proper handling of the'inverted' and 'fronted' cases. Member of VN class Inquire-37.1.2. (from ask.01-v)</note>
      <roles>
        <role descr="asker" f="pag" n="0">
          <vnrole vncls="37.1.2" vntheta="agent"/>
        </role>
        <role descr="question" f="ppt" n="1">
          <vnrole vncls="37.1.2" vntheta="topic"/>
        </role>
        <role descr="hearer" f="gol" n="2">
          <vnrole vncls="37.1.2" vntheta="recipient"/>
        </role>
        <role descr="attributive" f="prd" n="3"/>
      </roles>
      <example name="direct question" src="" type="">
        <text>The mathematics section of the widely used California Achievement Test asks fifth graders "What is another name for the Roman numeral IX?"</text>
        <arg f="" n="0">The mathematics section of the widely used California Achievement Test</arg>
        <rel f="">asks</rel>
        <arg f="" n="2">fifth graders</arg>
        <arg f="" n="1">"What is another name for the Roman numeral IX?"</arg>
      </example>
      <example name="indirect question" src="" type="">
        <text>*trace* ask him about this law he tried to pass.</text>
        <arg f="" n="0">*trace*</arg>
        <rel f="">ask</rel>
        <arg f="" n="2">him</arg>
        <arg f="" n="1">about this law he tried to pass</arg>
      </example>
      <example name="proof of hearer as arg2" src="" type="">
        <text>John asked a question of his professor.</text>
        <arg f="" n="0">John</arg>
        <rel f="">asked</rel>
        <arg f="" n="1">a question</arg>
        <arg f="" n="2">of his professor</arg>
      </example>
    </roleset>
    <roleset id="ask.02" name="ask a favor, ask a request, ask for">
      <aliases>
        <alias framenet="Request" pos="v" verbnet="">ask</alias>
      </aliases>
      <note>ASK-V NOTES: VN updated by Julia. Member of Vncls order-60-1, beg-58.2, urge-58.1. (from ask.02-v)</note>
      <roles>
        <role descr="asker" f="pag" n="0">
          <vnrole vncls="58.2" vntheta="agent"/>
          <vnrole vncls="58.1" vntheta="agent"/>
          <vnrole vncls="60-1" vntheta="agent"/>
        </role>
        <role descr="favor" f="ppt" n="1">
          <vnrole vncls="58.2" vntheta="topic"/>
          <vnrole vncls="58.1" vntheta="topic"/>
          <vnrole vncls="60-1" vntheta="topic"/>
        </role>
        <role descr="hearer" f="gol" n="2">
          <vnrole vncls="58.2" vntheta="recipient"/>
          <vnrole vncls="58.1" vntheta="recipient"/>
          <vnrole vncls="60-1" vntheta="recipient"/>
        </role>
      </roles>
      <example name="say please" src="" type="">
        <text>Argentina will ask creditor banks to halve its foreign debt of $64 billion.</text>
        <arg f="" n="0">Argentina</arg>
        <arg f="mod" n="m">will</arg>
        <rel f="">ask</rel>
        <arg f="" n="2">creditor banks</arg>
        <arg f="" n="1">to halve its foreign debt of $64 billion.</arg>
      </example>
      <example name="no hearer" src="" type="">
        <text>The National Institutes of Health asked for an HHS review of its plan to implant fetal tissue into the brain of a patient suffering from Alzheimers.</text>
        <arg f="" n="0">The National Institutes of Health</arg>
        <rel f="">asked</rel>
        <arg f="" n="1">for an HHS review of its plan to implant fetal tissue into the brain of a patient suffering from Alzheimers.</arg>
      </example>
    </roleset>
    <roleset id="ask.03" name="buying and selling">
      <aliases>
        <alias framenet="" pos="v" verbnet="">ask</alias>
      </aliases>
      <note>ASK-V NOTES: The buyer may or may not appear in any sentences; I included it forcompleteness and comparability to 'sell'. No corresponding VN class. (from ask.03-v)</note>
      <roles>
        <role descr="seller" f="pag" n="0"/>
        <role descr="commodity" f="ppt" n="1"/>
        <role descr="buyer" f="gol" n="2"/>
        <role descr="asking price" f="vsp" n="3"/>
      </roles>
      <example name="toldja" src="" type="">
        <text>The company was asking $100 million for an operation said to be loseing about $20 million a year.</text>
        <arg f="" n="0">The company</arg>
        <rel f="">asking</rel>
        <arg f="" n="3">$100 million</arg>
        <arg f="" n="1">for an operation said to be losing about $20 million a year.</arg>
      </example>
    </roleset>
  </predicate>
  <predicate lemma="ask_out">
    <roleset id="ask_out.04" name="invite on a date">
      <aliases>
        <alias framenet="" pos="v" verbnet="">ask_out</alias>
      </aliases>
      <note>ASK_OUT-V NOTES: Added by Julia based on BOLT. No VNcls. (from ask.04-v)</note>
      <roles>
        <role descr="inviter" f="pag" n="0"/>
        <role descr="invitee" f="gol" n="1"/>
        <role descr="the invitation (do what/go where)" f="ppt" n="2"/>
      </roles>
      <example name="all args" src="BOLT" type="">
        <inflection aspect="ns" form="ns" person="ns" tense="ns" voice="ns"/>
        <text>*PRO* Asking her out for a cuppa could be a good idea , although I do n't want to do that just as a way of saying sorry .</text>
        <arg f="" n="0">*PRO*</arg>
        <rel f="">[Asking] [out]</rel>
        <arg f="" n="1">her</arg>
        <arg f="" n="2">for a cuppa</arg>
      </example>
    </roleset>
  </predicate>
</frameset>
