<!DOCTYPE frameset SYSTEM "frameset.dtd">
<frameset>
<predicate lemma="aspect">
<roleset id="aspect.01" name="angle of the planets used in astrology">
<aliases>
<alias framenet="" pos="v" verbnet="">aspect</alias>
<alias framenet="" pos="n" verbnet="">aspect</alias>
</aliases>

<roles>
<role descr="topical planet, moving planet" f="pag" n="0"/>
<role descr="celestial body it is nearing" f="ppt" n="1"/>
</roles>
<example name="the angle itself as arg 1" src="" type="">
<inflection aspect="ns" form="ns" person="ns" tense="ns" voice="ns"/>
<text>Mercury and Venus is conjunct and the conjunction-1 is being closely aspected *-1 by Rahu.</text>
<arg f="mnr" n="m">closely</arg>
<rel f="">aspected</rel>
<arg f="" n="1">*-1</arg>
<arg f="" n="0">by Rahu</arg>
</example>
<note>Based on Google data. Slight comparison with angle.01 and angle.02. Framed by Katie.</note>
</roleset>
</predicate>
</frameset>
