<!DOCTYPE frameset SYSTEM "frameset.dtd">
<frameset>
  <predicate lemma="asphyxiate">
    <roleset id="asphyxiate.01" name="(cause to) not be able to breathe">
      <aliases>
        <alias framenet="" pos="v" verbnet="">asphyxiate</alias>
        <alias framenet="" pos="n" verbnet="">asphyxiation</alias>
      </aliases>
      <note>ASPHYXIATE-V NOTES: Frame created by Arrick (from asphyxiate.01-v)</note>
      <note>ASPHYXIATION-N NOTES: Added by Julia based on BOLT, asphyxiate.01. Corresponds to VNcls poison-42.2, suffocate-40.7. (from asphyxiation.01-n)</note>
      <roles>
        <note>arg3 added due to noun-particular usage (differing from verb frame). (from asphyxiation.01-n)</note>
        <role descr="cause of not breathing" f="pag" n="0">
          <vnrole vncls="40.7" vntheta="agent"/>
          <vnrole vncls="42.2" vntheta="agent"/>
        </role>
        <role descr="entity not breathing" f="ppt" n="1">
          <vnrole vncls="40.7" vntheta="theme"/>
          <vnrole vncls="42.2" vntheta="patient"/>
        </role>
        <role descr="instrument, if cause also present as arg0" f="mnr" n="2">
          <vnrole vncls="42.2" vntheta="instrument"/>
        </role>
        <role descr="aspect of arg1 actually suffocating" f="vsp" n="3"/>
      </roles>
      <example name="arg 1 only" src="" type="">
        <text>She-1 had been sexually abused *-1 and asphyxiated *-1</text>
        <rel f="">asphyxiated</rel>
        <arg f="" n="1">*-1</arg>
      </example>
      <example name="args 0, 1" src="internet" type="">
        <inflection aspect="ns" form="ns" person="ns" tense="ns" voice="ns"/>
        <text>"Alford referred to his asphyxiation of Ms. Wortman as 'foreplay,'" the complaint states.</text>
        <arg f="" n="0">his</arg>
        <rel f="">asphyxiation</rel>
        <arg f="" n="1">of Ms. Wortman</arg>
      </example>
      <example name="arg1 and 3" src="internet" type="">
        <inflection aspect="ns" form="ns" person="ns" tense="ns" voice="ns"/>
        <text>All his melancholy, his misanthropy, his acidity of temperament, his rancor of soul, his asphyxiation of the spirit, were due to a simple error of refraction, that might have been adjusted by an itinerant optician.</text>
        <arg f="" n="1">his</arg>
        <rel f="">asphyxiation</rel>
        <arg f="" n="3">of spirit</arg>
      </example>
    </roleset>
  </predicate>
</frameset>
