<!DOCTYPE frameset SYSTEM "frameset.dtd">
<frameset>
  <predicate lemma="asphalt">
    <roleset id="asphalt.01" name="face, cover with asphalt">
      <aliases>
        <alias framenet="" pos="v" verbnet="">asphalt</alias>
      </aliases>
      <note>ASPHALT-V NOTES: Hand-corrected by Claire (from asphalt.01-v)</note>
      <roles>
        <role descr="construction worker, person laying asphalt" f="pag" n="0">
          <vnrole vncls="9.9" vntheta="agent"/>
        </role>
        <role descr="road, thing paved" f="gol" n="1">
          <vnrole vncls="9.9" vntheta="destination"/>
        </role>
        <role descr="asphalt itself, type of pavement used" f="ppt" n="2">
          <vnrole vncls="9.9" vntheta="theme"/>
        </role>
      </roles>
      <example name="typical usage" src="web usage" type="">
        <text>He asphalted a lot of roads here.</text>
        <arg f="" n="0">he</arg>
        <rel f="">asphalted</rel>
        <arg f="" n="1">a lot of roads here</arg>
      </example>
      <example name="Interesting content, transitive" src="web usage" type="">
        <inflection aspect="ns" form="ns" person="ns" tense="ns" voice="ns"/>
        <text>The legend is von Braun didn't want to mow his grass so he asphalted most of his lawn and painted it green.</text>
        <arg f="" n="0">he</arg>
        <rel f="">asphalted</rel>
        <arg f="" n="1">most of his lawn</arg>
      </example>
      <example name="All arguments, invented example" src="web usage" type="">
        <inflection aspect="ns" form="ns" person="ns" tense="ns" voice="ns"/>
        <text>After John went missing, Mary asphalted a mysterious bump in the driveway with a home-made concoction of oatmeal and Elmer's glue.</text>
        <arg f="tmp" n="m">After John went missing</arg>
        <arg f="" n="0">Mary</arg>
        <rel f="">asphalted</rel>
        <arg f="" n="1">a mysterious bump in the driveway</arg>
        <arg f="" n="2">with a home-made concoction of oatmeal and Elmer's glue</arg>
      </example>
    </roleset>
  </predicate>
  <predicate lemma="asphalt_over">
    <roleset id="asphalt_over.02" name="pave, cover with asphalt">
      <aliases>
        <alias framenet="" pos="v" verbnet="">asphalt_over</alias>
      </aliases>
      <note>ASPHALT_OVER-V NOTES: Roleset based on automatic frames created. Framed by Claire. (from asphalt.02-v)</note>
      <roles>
        <role descr="asphalt layer" f="pag" n="0"/>
        <role descr="location, entity being covered in asphalt" f="ppt" n="1"/>
        <role descr="asphalt itself" f="prd" n="2"/>
      </roles>
      <example name="No asphalt mentioned." src="web usage" type="">
        <inflection aspect="ns" form="ns" person="ns" tense="ns" voice="ns"/>
        <text>Here in Pennsylvania they asphalted over half a dead deer by the side of the road.</text>
        <arg f="loc" n="m">Here in Pennsylvania</arg>
        <arg f="" n="0">they</arg>
        <rel f="">[asphalted][over]</rel>
        <arg f="" n="1">half a dead deer by the side of the road</arg>
      </example>
    </roleset>
  </predicate>
</frameset>
