<!DOCTYPE frameset SYSTEM "frameset.dtd">
<frameset>
  <predicate lemma="aspire">
    <roleset id="aspire.01" name="hope to">
      <aliases>
        <alias framenet="desiring" pos="n" verbnet="">aspiration</alias>
        <alias framenet="Desiring" pos="v" verbnet="-">aspire</alias>
      </aliases>
      <note>ASPIRE-V NOTES: No Verbnet entry. Comparison with 'hope'. (from aspire.01-v)</note>
      <note>ASPIRATION-N NOTES: Based on sentences in nouns-nouns. Comparison to aspire. No Vn class. Fn class desiring. Framed by Katie. (from aspiration.01-n)</note>
      <roles>
        <role descr="hoper" f="pag" n="0"/>
        <role descr="action hoped to" f="ppt" n="1"/>
      </roles>
      <example name="aspire-v: upward mobility" src="" type="">
        <inflection aspect="ns" form="full" person="ns" tense="past" voice="active"/>
        <text>The 57-year-old tax attorney never even aspired to the job of chief executive.</text>
        <arg f="" n="0">The 57-year-old tax attorney</arg>
        <arg f="neg" n="m">never</arg>
        <arg f="adv" n="m">even</arg>
        <rel f="">aspired</rel>
        <arg f="" n="1">to the job of chief executive</arg>
      </example>
      <example name="aspiration-n: straightforward arg 0" src="" type="">
        <inflection aspect="ns" form="ns" person="ns" tense="ns" voice="ns"/>
        <text>The real aspirations of the audience</text>
        <arg f="mnr" n="m">real</arg>
        <rel f="">apsirations</rel>
        <arg f="" n="0">of the audience</arg>
      </example>
      <example name="aspiration-n: Slightly odd arg 0" src="" type="">
        <inflection aspect="ns" form="ns" person="ns" tense="ns" voice="ns"/>
        <text>It is an aspiration of the Hakkas that should be taken seriously.</text>
        <rel f="">aspiration</rel>
        <arg f="" n="0">of the Hakkas</arg>
        <arg f="adj" n="m">that should be taken seriously.</arg>
      </example>
      <example name="aspiration-n: arg 1" src="" type="">
        <inflection aspect="ns" form="ns" person="ns" tense="ns" voice="ns"/>
        <text>social aspirations</text>
        <arg f="" n="1">social</arg>
        <rel f="">aspirations</rel>
      </example>
    </roleset>
  </predicate>
  <predicate lemma="aspirate">
    <roleset id="aspirate.101" name="to suck fluid from some kind of pocket/joint">
      <aliases>
        <alias framenet="" pos="v" verbnet="">aspirate</alias>
        <alias framenet="" pos="n" verbnet="">aspiration</alias>
      </aliases>
      <note>ASPIRATE-V NOTES: Based on data from medical QA corpus (Framed by Anwen 07/19/10) (from aspirate.101-v)</note>
      <note>ASPIRATION-N NOTES: (from aspiration.101-n)</note>
      <roles>
        <role descr="Doctor" f="pag" n="0"/>
        <role descr="Substance" f="ppt" n="1"/>
        <role descr="Source" f="dir" n="2"/>
      </roles>
      <example name="aspirate-v: 2 args (substance may be implied)" src="" type="">
        <inflection aspect="ns" form="ns" person="ns" tense="ns" voice="ns"/>
        <text>Dr. John aspirated the patient's knee.</text>
        <arg f="" n="0">Dr. John</arg>
        <rel f="">aspirated</rel>
        <arg f="" n="2">the patient's knee</arg>
      </example>
      <example name="aspirate-v: 3 args" src="" type="">
        <inflection aspect="ns" form="ns" person="ns" tense="ns" voice="ns"/>
        <text>Dr.John aspirated fluid from the patient's knee.</text>
        <arg f="" n="0">Dr. John</arg>
        <rel f="">aspirated</rel>
        <arg f="" n="1">fluid</arg>
        <arg f="" n="2">from the patient's knee</arg>
      </example>
      <example name="aspiration-n: Arg2 only" src="" type="">
        <inflection aspect="ns" form="ns" person="ns" tense="ns" voice="ns"/>
        <text>Relief of pain and marked increase in range of motion very often follow aspiration of the joint.</text>
        <rel f="">aspiration</rel>
        <arg f="" n="2">of the joint</arg>
      </example>
    </roleset>
    <roleset id="aspirate.102" name="suck fluid or object into lungs">
      <aliases>
        <alias framenet="" pos="v" verbnet="">aspirate</alias>
        <alias framenet="" pos="n" verbnet="40.1.2">aspiration</alias>
      </aliases>
      <note>ASPIRATE-V NOTES: Based on data from medical QA corpus (Framed by Anwen 07/19/10) (from aspirate.102-v)</note>
      <note>ASPIRATION-N NOTES: aspirate.102 (from aspiration.102-n)</note>
      <roles>
        <role descr="Agent inhaling" f="pag" n="0"/>
        <role descr="Substance or object" f="ppt" n="1"/>
        <role descr="Destination" f="gol" n="2"/>
      </roles>
      <example name="aspirate-v: 3 args" src="" type="">
        <inflection aspect="ns" form="ns" person="ns" tense="ns" voice="ns"/>
        <text>The patient aspirated vomit into his lungs.</text>
        <arg f="" n="0">The patient</arg>
        <rel f="">aspirated</rel>
        <arg f="" n="1">vomit</arg>
        <arg f="" n="2">into his lungs</arg>
      </example>
      <example name="aspirate-v: 2 args" src="" type="">
        <inflection aspect="ns" form="ns" person="ns" tense="ns" voice="ns"/>
        <text>The patient aspirated a fruit fly.</text>
        <arg f="" n="0">The patient</arg>
        <rel f="">aspirated</rel>
        <arg f="" n="1">a fruit fly</arg>
      </example>
      <example name="aspiration-n" src="" type="">
        <inflection aspect="ns" form="ns" person="ns" tense="ns" voice="ns"/>
        <text>Two postures and the supra-supraglottic swallow may be combined to eliminate the patient's aspiration of vomit into her lungs.</text>
        <arg f="" n="0">the patient's</arg>
        <rel f="">aspiration</rel>
        <arg f="" n="1">of vomit</arg>
        <arg f="" n="2">into her lungs</arg>
      </example>
    </roleset>
  </predicate>
</frameset>
