<!DOCTYPE frameset SYSTEM "frameset.dtd">
<frameset>
  <predicate lemma="assail">
    <roleset id="assail.01" name="to attack viciously">
      <aliases>
        <alias framenet="Attack" pos="v" verbnet="">assail</alias>
      </aliases>
      <note>ASSAIL-V NOTES: Frames file for 'assail' based on survey of sentences in the WSJ corpus. (from assail.01-v predicate notes)</note>
      <roles>
        <role descr="assailant, agent" f="pag" n="0">
          <vnrole vncls="33" vntheta="agent"/>
        </role>
        <role descr="entity assailed" f="ppt" n="1">
          <vnrole vncls="33" vntheta="theme"/>
        </role>
        <role descr="assailed for" f="cau" n="2"/>
      </roles>
      <example name="all arguments" src="" type="">
        <inflection aspect="ns" form="full" person="ns" tense="past" voice="active"/>
        <text>At a meeting in Malaysia , Australia and Canada also assailed the British prime minister for [*-1] criticizing the 49-nation group 's call for Pretoria to ease apartheid .</text>
        <arg f="loc" n="m">At a meeting in Malaysia</arg>
        <arg f="" n="0">Australia and Canada</arg>
        <arg f="dis" n="m">also</arg>
        <rel f="">assailed</rel>
        <arg f="" n="1">the British prime minister</arg>
        <arg f="" n="2">for [*-1] criticizing the 49-nation group 's call for Pretoria to ease apartheid</arg>
      </example>
      <example name="passive" src="" type="">
        <inflection aspect="ns" form="participle" person="ns" tense="past" voice="passive"/>
        <text>The futures halt was even assailed [*-1] by Big Board floor traders .</text>
        <arg f="adv" n="m">even</arg>
        <rel f="">assailed</rel>
        <arg f="" n="1">[*-1] -&gt; The futures halt</arg>
        <arg f="by" n="0">Big Board floor traders</arg>
      </example>
    </roleset>
  </predicate>
</frameset>
