<!DOCTYPE frameset SYSTEM "frameset.dtd">
<frameset>
  <predicate lemma="assault">
    <roleset id="assault.01" name="to make an assault, attack">
      <aliases>
        <alias framenet="Attack" pos="v" verbnet="">assault</alias>
        <alias framenet="" pos="n" verbnet="">assault</alias>
      </aliases>
      <note>ASSAULT-V NOTES: Member of Vncls judgement-33. (from assault.01-v)</note>
      <note>ASSAULT-N NOTES: Roleset based on verb assault.01, OntoNotes grouping assault-n senses 1, 2, 3, 4; maps to VN class judgement-33. Framed by Claire. (from assault.01-n)</note>
      <roles>
        <role descr="assaulter" f="PAG" n="0">
          <vnrole vncls="33" vntheta="Agent"/>
        </role>
        <role descr="entity assaulted" f="PPT" n="1">
          <vnrole vncls="33" vntheta="Theme"/>
        </role>
      </roles>
      <example name="transitive" src="" type="">
        <inflection aspect="ns" form="full" person="ns" tense="past" voice="passive"/>
        <text>Osbourne 's spokeswoman says [0] Sharon was quote , `` viciously assaulted [*-1]and treated [*-1] at a hospital . ''</text>
        <arg f="dis" n="m">quote</arg>
        <arg f="mnr" n="m">viciously</arg>
        <rel f="">assaulted</rel>
        <arg f="" n="1">[*-1]</arg>
      </example>
      <example name="NP only, args 0 &amp; 1" src="NomBank Frames" type="">
        <text>The Japanese assault on the luxury market</text>
        <arg f="" n="0">Japanese</arg>
        <rel f="">assault</rel>
        <arg f="" n="1">on the luxury market</arg>
      </example>
      <example name="Args 0 &amp; 1" src="ON sense 1" type="">
        <text>The commando's assault of the facility occurred under cover of darkness.</text>
        <arg f="" n="0">commando's</arg>
        <rel f="">assault</rel>
        <arg f="" n="1">of the facility</arg>
      </example>
      <example name="MNR only" src="ON sense 2" type="">
        <inflection aspect="ns" form="ns" person="ns" tense="ns" voice="ns"/>
        <text>The police record notes a decrease in sexual assaults this past year.</text>
        <arg f="mnr" n="m">sexual</arg>
        <rel f="">assaults</rel>
      </example>
      <example name="Metaphorical assault" src="ON sense 4" type="">
        <inflection aspect="ns" form="ns" person="ns" tense="ns" voice="ns"/>
        <text>The climbers attempted a late spring assault of Mt. Everest.</text>
        <arg f="tmp" n="m">late spring</arg>
        <rel f="">assault</rel>
        <arg f="" n="1">of Mt. Everest</arg>
      </example>
      <example name="All arguments" src="web" type="">
        <inflection aspect="ns" form="ns" person="ns" tense="ns" voice="ns"/>
        <text>Pete Townshend screamed profanities at Woodstock immediately preceding his assault of Abbie Hoffman with his guitar.</text>
        <arg f="" n="0">his</arg>
        <rel f="">assault</rel>
        <arg f="" n="1">of Abbie Hoffman</arg>
        <arg f="mnr" n="m">with his guitar.</arg>
      </example>
    </roleset>
  </predicate>
</frameset>
