<!DOCTYPE frameset SYSTEM "frameset.dtd">
<frameset>
  <predicate lemma="assay">
    <roleset id="assay.01" name="assess, analyze for content/skill">
      <aliases>
        <alias framenet="" pos="v" verbnet="">assay</alias>
        <alias framenet="" pos="n" verbnet="">assay</alias>
        <alias framenet="" pos="l" verbnet="">make_assay</alias>
      </aliases>
      <note>ASSAY-V NOTES: Added by Julia</note>
      <roles>
        <role descr="assessor" f="pag" n="0"/>
        <role descr="entity tested" f="ppt" n="1"/>
        <role descr="tested for what" f="vsp" n="2"/>
      </roles>
      <example name="assay-v" src="" type="">
        <text>[Purified His6 protein]-1 was assayed *-1 for the ability to synthesize c-di-GMP. </text>
        <rel f="">assayed</rel>
        <arg f="" n="1">*-1</arg>
        <arg f="" n="2">for the ability to synthesize c-di-GMP</arg>
      </example>
      <example name="make_assay-l" src="" type="">
        <text>they made an assay of the contents</text>
        <arg f="" n="0">they</arg>
        <arg f="lvb" n="m">made</arg>
        <rel f="">assay</rel>
        <arg f="" n="1">of the contents</arg>
      </example>
    </roleset>
  </predicate>
</frameset>