<!DOCTYPE frameset SYSTEM "frameset.dtd">
<frameset>
  <predicate lemma="assassinate">
    <roleset id="assassinate.01" name="to murder">
      <aliases>
        <alias framenet="Killing" pos="n" verbnet="">assassination</alias>
        <alias framenet="Killing" pos="v" verbnet="">assassinate</alias>
      </aliases>
      <note>ASSASSINATE-V NOTES: Member of Vncls murder-42.1. (from assassinate.01-v)</note>
      <note>ASSASSINATION-N NOTES: Corresponds to VNcls murder-42.1. (from assassination.01-n)</note>
      <roles>
        <role descr="assassin, agent" f="PAG" n="0">
          <vnrole vncls="42.1" vntheta="Agent"/>
        </role>
        <role descr="person assassinated" f="PPT" n="1">
          <vnrole vncls="42.1" vntheta="Patient"/>
        </role>
      </roles>
      <example name="transitive" src="" type="">
        <inflection aspect="ns" form="infinitive" person="ns" tense="ns" voice="active"/>
        <text>As recounted in a stipulation that summarized government documents released for the North trial , [Mr. Noriega]*-2 offered *PRO*-2 to assassinate the Sandinista leadership in exchange `` for a promise to help clean up Noriega 's image and a commitment to lift the U.S. ban on military sales to the Panamanian Defense Forces . ''</text>
        <arg f="" n="0">*PRO*-2</arg>
        <rel f="">assassinate</rel>
        <arg f="" n="1">the Sandinista leadership</arg>
        <arg f="prp" n="m">in exchange " for a promise to help clean up Noriaga's image and a commitment to lift the U.S. ban on military sales to the Panamanian Defense Forces . "</arg>
      </example>
      <example name="passive" src="" type="">
        <inflection aspect="perfect" form="participle" person="ns" tense="past" voice="passive"/>
        <text>[Mrs. Gandhi]*-1 had been assassinated [*-1]by separatist Sikhs , and many Indians feared their country might split apart .</text>
        <rel f="">assassinated</rel>
        <arg f="" n="1">[*-1]</arg>
        <arg f="" n="0">by separatist Sikhs</arg>
      </example>
      <example name="autogen1" src="" type="">
        <text>the assassination of his mother , Indira Gandhi ,</text>
        <rel f="">assassination</rel>
        <arg f="" n="1">of his mother , Indira Gandhi ,</arg>
      </example>
      <example name="autogen2" src="" type="">
        <text>his assassination</text>
        <arg f="" n="1">his</arg>
        <rel f="">assassination</rel>
      </example>
      <example name="both args" src="internet" type="-">
        <inflection aspect="ns" form="ns" person="ns" tense="ns" voice="ns"/>
        <text>Lee Harvey Oswald's assassination of John F. Kennedy</text>
        <arg f="" n="0">Lee Harvey Oswald's</arg>
        <rel f="">assassination</rel>
        <arg f="" n="1">of John F. Kennedy</arg>
      </example>
    </roleset>
  </predicate>
</frameset>
