<!DOCTYPE frameset SYSTEM "frameset.dtd">
<frameset>
  <predicate lemma="assess">
    <roleset id="assess.01" name="to evaluate, appraise, estimate the value of">
      <aliases>
        <alias framenet="Assessing" pos="v" verbnet="">assess</alias>
        <alias framenet="" pos="n" verbnet="">assessment</alias>
        <alias framenet="" pos="l" verbnet="">make_assessment</alias>
      </aliases>
      <note>ASSESS-V NOTES: Member of Vncls assessment-34.1, assess: estimate-34.2, price-54.4. (from assess.01-v)</note>
      <note>ASSESSMENT-N NOTES: Roleset based on assess.01, OntoNotes grouping assess-n senses 1&amp; 2; maps to VN classes assessment-34.1, estimate-34.2 and price-54.4. (from assessment.01-n)</note>
      <roles>
        <role descr="assessor, agent" f="pag" n="0">
          <vnrole vncls="34.1" vntheta="Agent"/>
          <vnrole vncls="54.4" vntheta="Agent"/>
          <vnrole vncls="34.2" vntheta="Agent"/>
        </role>
        <role descr="entity assessed" f="ppt" n="1">
          <vnrole vncls="34.1" vntheta="Theme"/>
          <vnrole vncls="54.4" vntheta="Theme"/>
          <vnrole vncls="34.2" vntheta="Theme"/>
        </role>
        <role descr="value or attribute" f="prd" n="2">
          <vnrole vncls="34.1" vntheta="Attribute"/>
          <vnrole vncls="54.4" vntheta="Value"/>
          <vnrole vncls="34.2" vntheta="Value"/>
        </role>
      </roles>
      <example name="All args, financial domain" src="web" type="">
        <inflection aspect="ns" form="ns" person="ns" tense="ns" voice="ns"/>
        <text>He assessed the value of the accommodation provided at $80 per week.</text>
        <arg f="" n="0">He</arg>
        <rel f="">assessed</rel>
        <arg f="" n="1">the value of the accommodation</arg>
        <arg f="" n="2">at $80 per week</arg>
      </example>
      <example name="All args, non-financial" src="web" type="">
        <inflection aspect="ns" form="ns" person="ns" tense="ns" voice="ns"/>
        <text>He assessed the situation as a battle between his two selves.</text>
        <arg f="" n="0">He</arg>
        <rel f="">assessed</rel>
        <arg f="" n="1">the situation</arg>
        <arg f="" n="2">as a battle between his two selves</arg>
      </example>
      <example name="Arg0, MNR" src="NomBank Frames" type="">
        <text>Despite the dire assessments of knowledgeable gardenprofessionals , Ms. Bartlett 's South Gardens design somehowcontinues on , seemingly impervious to reason , stalled only bybureaucratic lethargy and logistical complications .</text>
        <arg f="mnr" n="m">dire</arg>
        <rel f="">assessments</rel>
        <arg f="" n="0">of knowledgeable garden professionals</arg>
      </example>
      <example name="NP only, arg1" src="NomBank Frames" type="">
        <text>damage assessment</text>
        <arg f="" n="1">damage</arg>
        <rel f="">assessment</rel>
      </example>
      <example name="Args 1, 2" src="web" type="">
        <inflection aspect="ns" form="ns" person="ns" tense="ns" voice="ns"/>
        <text>At this rate William Rockefeller' assessment of $2,533,505 this year will really cost him only about the same as his assessment of $1,005,532 last year.</text>
        <arg f="" n="1">his</arg>
        <rel f="">assessment</rel>
        <arg f="" n="2">of $1,005,532</arg>
        <arg f="tmp" n="m">last year</arg>
      </example>
    </roleset>
    <roleset id="assess.02" name="to charge with a tax, fine, or special payment">
      <aliases>
        <alias framenet="" pos="v" verbnet="">assess</alias>
      </aliases>
      <note>ASSESS-V NOTES: Roleset based on WSJ-nw instances (from assess.02-v)</note>
      <roles>
        <role descr="entity fining/charging" f="pag" n="0"/>
        <role descr="fine or money charged" f="ppt" n="1"/>
        <role descr="entity fined/taxed" f="gol" n="2"/>
        <role descr="cause or misdeed" f="cau" n="3"/>
      </roles>
      <example name="Args 0, 1, 2" src="wsj" type="">
        <inflection aspect="ns" form="ns" person="ns" tense="ns" voice="ns"/>
        <text>It assessed nearly $ 500,000 [*U*] against a cruise-ship company that [*T*-1]carried about 100 deckhands , cooks , bartenders , entertainers and other employees as self-employed independents .</text>
        <arg f="" n="0">It</arg>
        <rel f="">assessed</rel>
        <arg f="" n="1">nearly $500,000</arg>
        <arg f="" n="2">against a cruise-ship company that [*T*-1] carried about 100 deckhands , cooks , bartenders , entertainers and other employees as self-employed independents</arg>
      </example>
      <example name="Args 0,1,2" src="wsj-nw" type="">
        <inflection aspect="ns" form="ns" person="ns" tense="ns" voice="ns"/>
        <text>If both agencies find violations of the U.S. trade law, the U.S. would assess penalty duties on the imports, which already are subject to import quotas under bilateral textile and apparel trade agreements.</text>
        <arg f="adv" n="m">If both agencies find violations of the U.S. trade law</arg>
        <arg f="" n="0">the U.S.</arg>
        <arg f="mod" n="m">would</arg>
        <rel f="">assess</rel>
        <arg f="" n="1">penalty duties</arg>
        <arg f="" n="2">on the imports, which already are subject to import quotas under bilateral textile and apparel trade agreements.</arg>
      </example>
    </roleset>
  </predicate>
</frameset>
