<!DOCTYPE frameset SYSTEM "frameset.dtd">
<frameset>
  <predicate lemma="assent">
    <roleset id="assent.01" name="agree">
      <aliases>
        <alias framenet="" pos="v" verbnet="">assent</alias>
        <alias framenet="" pos="n" verbnet="">assent</alias>
      </aliases>
      <note>ASSENT-N NOTES: Based on ontonotes nouns. Comparison to accede.01. Accede.01 is a member of VN class acquiesce-95 and FN class Sign_agreement. Framed by Katie. (from assent.01-n)</note>
      <note>ASSENT-V NOTES: Automatically added alias.</note>
      <roles>
        <role descr="agree-er, agent" f="pag" n="0"/>
        <role descr="agree with, adhere to" f="ppt" n="1"/>
      </roles>
      <example name="both args" src="" type="">
        <text>the assent to the tainted-meat theory by a US team of scientists</text>
        <rel f="">assent</rel>
        <arg f="" n="1">to the tainted-meat theory</arg>
        <arg f="" n="0">by a US team of scientists</arg>
      </example>
    </roleset>
  </predicate>
</frameset>
