<!DOCTYPE frameset SYSTEM "frameset.dtd">
<frameset>
  <predicate lemma="assert">
    <roleset id="assert.01" name="stand one's ground, speak up for oneself">
      <aliases>
        <alias framenet="" pos="v" verbnet="">assert</alias>
      </aliases>
      <note>ASSERT-V NOTES: Included in verbnet classes reflexive-appearance-48.1.2. (from assert.01-v)</note>
      <roles>
        <role descr="asserter" f="pag" n="0">
          <vnrole vncls="48.1.2" vntheta="agent"/>
          <vnrole vncls="48.1.2" vntheta="theme"/>
        </role>
        <role descr="self" f="rec" n="1"/>
      </roles>
      <example name="reflexive" src="" type="">
        <text>Wives are asserting themselves more strongly.</text>
        <arg f="" n="0">Wives</arg>
        <rel f="">asserting</rel>
        <arg f="rec" n="1">themselves</arg>
        <arg f="mnr" n="m">more strongly</arg>
      </example>
    </roleset>
    <roleset id="assert.02" name="manner of utterance, say, claim">
      <aliases>
        <alias framenet="" pos="n" verbnet="">assertion</alias>
        <alias framenet="Statement" pos="v" verbnet="">assert</alias>
      </aliases>
      <note>ASSERT-V NOTES: Included in verbnet classes conjecture-29.5-2 and reflexive-appearance-48.1.2. Refer to 'say' for examples of other usages. (from assert.02-v)</note>
      <note>ASSERTION-N NOTES: Based on verb entries assert.02 and assert.03; corresponds to VN class conjecture-29.5-2. (from assertion.01-n)</note>
      <roles>
        <note>No examples of arg3 found. (from assertion.01-n)</note>
        <role descr="speaker, asserter" f="pag" n="0">
          <vnrole vncls="29.5" vntheta="agent"/>
        </role>
        <role descr="utterance, claim" f="ppt" n="1">
          <vnrole vncls="29.5" vntheta="theme"/>
        </role>
        <role descr="listener" f="gol" n="2"/>
        <role descr="predication, arg1 is claimed to be what?" f="prd" n="3">
          <vnrole vncls="29.5" vntheta="predicate"/>
        </role>
      </roles>
      <example name="transitive, normal order" src="" type="">
        <text>Still another boy asserted: to be a good Jew is to do no wrong; it's to be a good person.</text>
        <arg f="" n="0">Still another boy</arg>
        <rel f="">asserted</rel>
        <arg f="" n="1">to be a good Jew is to do no wrong; it's to be a good person.</arg>
      </example>
      <example name="Args 0, 1, 2" src="web" type="">
        <inflection aspect="ns" form="ns" person="ns" tense="ns" voice="ns"/>
        <text>However, it was his assertion to the press that the job of president was easy?he merely executed laws that Congress passed?that revealed his political viewpoint.</text>
        <arg f="" n="0">his</arg>
        <rel f="">assertion</rel>
        <arg f="" n="2">to the press</arg>
        <arg f="" n="1">that the job of president was easy?he merely executed laws that Congress passed</arg>
      </example>
    </roleset>
    <roleset id="assert.03" name="claim">
      <aliases>
        <alias framenet="" pos="v" verbnet="">assert</alias>
      </aliases>
      <note>ASSERT-V NOTES: Included in verbnet classes conjecture-29.5-2 and reflexive-appearance-48.1.2. (from assert.03-v)</note>
      <roles>
        <role descr="speaker, asserter" f="pag" n="0">
          <vnrole vncls="29.5" vntheta="agent"/>
        </role>
        <role descr="utterance, claim" f="ppt" n="1">
          <vnrole vncls="29.5" vntheta="theme"/>
        </role>
        <role descr="listener" f="gol" n="2"/>
        <role descr="predication, arg1 is claimed to be what?" f="prd" n="3">
          <vnrole vncls="29.5" vntheta="predicate"/>
        </role>
      </roles>
      <example name="simple transitive" src="" type="">
        <text>The President asserted a power of excision.</text>
        <arg f="" n="0">The President</arg>
        <rel f="">asserted</rel>
        <arg f="" n="1">a power of excision</arg>
      </example>
      <example name="with secondary predication" src="" type="">
        <text>The author had asserted several points about Mr. Hubbard.</text>
        <arg f="" n="0">The author</arg>
        <rel f="">asserted</rel>
        <arg f="" n="1">several points</arg>
        <arg f="" n="3">about Mr. Hubbard</arg>
      </example>
    </roleset>
  </predicate>
</frameset>
