<!DOCTYPE frameset SYSTEM "frameset.dtd">
<frameset>
  <predicate lemma="assemble">
    <roleset id="assemble.01" name="build, creation">
      <aliases>
        <alias framenet="Creating Building" pos="v" verbnet="">assemble</alias>
        <alias framenet="" pos="n" verbnet="">assembly</alias>
      </aliases>
      <note>ASSEMBLE-V NOTES: Frames file for 'assemble' based on sentences in financial subcorpus. Verbnet class build-26.1. (from assemble.01-v)</note>
      <note>ASSEMBLY-N NOTES: Roleset based on verb entry assemble.01, OntoNotes grouping assembly-n sense 3; maps to VN class build-26.1. Framed by Claire. (from assembly.01-n)</note>
      <roles>
        <note>Might be hard to get both start and end state in a single example.But who knows? (from assemble.01-v)
Don't really know why end state is arg4, but it's like this with other "build" verbs so... (from assembly.01-n)</note>
        <role descr="builder" f="pag" n="0">
          <vnrole vncls="26.1" vntheta="agent"/>
        </role>
        <role descr="construction" f="prd" n="1">
          <vnrole vncls="26.1" vntheta="product"/>
        </role>
        <role descr="material, start state" f="vsp" n="2">
          <vnrole vncls="26.1" vntheta="material"/>
        </role>
        <role descr="end state" f="prd" n="4">
          <vnrole vncls="26.1" vntheta="product"/>
        </role>
      </roles>
      <example name="basic frame, no start/end states" src="" type="">
        <text>[The Dearborn, Mich., auto maker]-1 ran a loss of $37 million on *trace*-1 assembling and marketing cars in the U.S.</text>
        <arg f="" n="0">*trace*-1</arg>
        <rel f="">assembling</rel>
        <arg f="" n="1">cars</arg>
        <arg f="loc" n="m">in the U.S.</arg>
      </example>
      <example name="with start state" src="" type="">
        <text>John assembles miniature ships out of toothpicks.</text>
        <arg f="" n="0">John</arg>
        <rel f="">assembles</rel>
        <arg f="" n="1">miniature ships</arg>
        <arg f="" n="2">out of toothpicks</arg>
      </example>
      <example name="Arg 1 only" src="ON sense 3" type="">
        <text>The assembly of the new bicycle took all day.</text>
        <rel f="">assembly</rel>
        <arg f="" n="1">of the new bicycle</arg>
      </example>
      <example name="Args 0, 1, 4" src="invented" type="">
        <inflection aspect="ns" form="ns" person="ns" tense="ns" voice="ns"/>
        <text>John's assembly of a pink huffy from a kit into a mountain-biking machine shocked Mary.</text>
        <arg f="" n="0">John's</arg>
        <rel f="">assembly</rel>
        <arg f="" n="1">of a pink huffy</arg>
        <arg f="" n="2">from a kit</arg>
        <arg f="" n="4">into a mountain-biking machine</arg>
      </example>
    </roleset>
    <roleset id="assemble.02" name="group, grouping together">
      <aliases>
        <alias framenet="" pos="n" verbnet="">assembly</alias>
        <alias framenet="Gathering_up Congregating" pos="v" verbnet="">assemble</alias>
      </aliases>
      <note>ASSEMBLE-V NOTES: VerbNet class herd-47.5.2. (from assemble.02-v)</note>
      <note>ASSEMBLY-N NOTES: Roleset based on assemble.02, OntoNotes grouping assembly-n sense 2; maps to VN class herd-47.5.2. Framed by Claire. (from assembly.02-n)</note>
      <roles>
        <note>That could go either way; avoid using Arg2 unless both Arg1 and Arg2are explicit. (from assemble.02-v)</note>
        <role descr="agent, entity causing some grouping" f="pag" n="0">
          <vnrole vncls="47.5.2" vntheta="agent"/>
        </role>
        <role descr="theme, thing being included in some group" f="ppt" n="1">
          <vnrole vncls="47.5.2" vntheta="theme"/>
        </role>
        <role descr="group" f="prd" n="2"/>
      </roles>
      <example name="no group" src="" type="">
        <text>Commodore has assembled an experienced management team.</text>
        <arg f="" n="0">Commodore</arg>
        <rel f="">assembled</rel>
        <arg f="" n="1">an experienced management team</arg>
      </example>
      <example name="both theme and group" src="" type="">
        <text>John assembled his dirty socks into a formidable (and smelly) pile.</text>
        <arg f="" n="0">John</arg>
        <rel f="">assembled</rel>
        <arg f="" n="1">his dirty socks</arg>
        <arg f="" n="2">into a formidable (and smelly) pile</arg>
      </example>
      <example name="Arg 1 &amp; LOC" src="ON sense 2" type="">
        <text>We called for the assembly of all disgruntled citizens at the town square.</text>
        <rel f="">assembly</rel>
        <arg f="" n="1">of all disgruntled citizens</arg>
        <arg f="loc" n="m">at the town square</arg>
      </example>
      <example name="Args 1 &amp; 2" src="" type="">
        <text>The assembly of the different governing bodies into one major department was his finest achievement as governor.</text>
        <rel f="">assembly</rel>
        <arg f="" n="1">of different governing bodies</arg>
        <arg f="" n="2">into one major department</arg>
      </example>
      <example name="All arguments" src="web" type="">
        <inflection aspect="ns" form="ns" person="ns" tense="ns" voice="ns"/>
        <text>It required days to transform his assembly of casual auxiliaries into a semblance of the efficient righting force he had professed to lead.</text>
        <arg f="" n="0">his</arg>
        <rel f="">assembly</rel>
        <arg f="" n="1">of casual auxiliaries</arg>
        <arg f="" n="2">into a semblance of the efficient righting force he had professed to lead.</arg>
      </example>
    </roleset>
  </predicate>
</frameset>
