<!DOCTYPE frameset SYSTEM "frameset.dtd">
<frameset>
  <predicate lemma="assimilate">
    <roleset id="assimilate.01" name="become similar">
      <aliases>
        <alias framenet="" pos="n" verbnet="">assimilation</alias>
        <alias framenet="" pos="v" verbnet="">assimilate</alias>
      </aliases>
      <note>ASSIMILATE-V NOTES: Member of Vncls adjust-26.9, learn-14-2-1. Assimilate to and assimilate into are actually fairly differentsenses, but easily distinguished by the prepositions. (from assimilate.01-v)</note>
      <note>ASSIMILATION-N NOTES: (from assimilation.01-n)</note>
      <roles>
        <role descr="causer of change" f="PAG" n="0">
          <vnrole vncls="26.9" vntheta="Agent"/>
          <vnrole vncls="14-2-1" vntheta="Agent"/>
        </role>
        <role descr="thing changing" f="PPT" n="1">
          <vnrole vncls="26.9" vntheta="Patient"/>
          <vnrole vncls="14-2-1" vntheta="Topic"/>
        </role>
        <role descr="target" f="GOL" n="2">
          <vnrole vncls="26.9" vntheta="Goal"/>
        </role>
      </roles>
      <example name="the one example" src="" type="">
        <inflection aspect="ns" form="full" person="ns" tense="present" voice="active"/>
        <text>We really do know all we need to know, if only we could assimilate this knowledge into our thinking.</text>
        <arg f="" n="0">we</arg>
        <arg f="mod" n="m">could</arg>
        <rel f="">assimilate</rel>
        <arg f="" n="1">this knowledge</arg>
        <arg f="" n="2">into our thinking</arg>
      </example>
      <example name="the other example" src="" type="">
        <inflection aspect="ns" form="infinitive" person="ns" tense="ns" voice="ns"/>
        <text>''Mr. Allen objected to this analogy because [it]*-1 seems [*-1]to ``assimilate the status of blacks to that of animals -- as a mere project of charity, of humaneness.''</text>
        <arg f="" n="0">[*-1]</arg>
        <rel f="">assimilate</rel>
        <arg f="" n="1">the status of blacks</arg>
        <arg f="" n="2">to that of animals</arg>
        <arg f="prd" n="m">as a mere project of charity, of humaneness</arg>
      </example>
      <example name="Arg0,1" src="" type="">
        <inflection aspect="ns" form="ns" person="ns" tense="ns" voice="ns"/>
        <text>He is widely regarded both for great sophistication of argument and for his assimilation of many and diverse subjects in pursuit of synoptic vision.</text>
        <arg f="" n="0">his</arg>
        <rel f="">assimilation</rel>
        <arg f="" n="1">of many and diverse subjects</arg>
        <arg f="adj" n="m">in pursuit of synoptic vision</arg>
      </example>
      <example name="Arg1,2" src="" type="">
        <inflection aspect="ns" form="ns" person="ns" tense="ns" voice="ns"/>
        <text>He are very commited to helping his assimilation to Canadian society.</text>
        <arg f="" n="1">his</arg>
        <rel f="">assimilation</rel>
        <arg f="" n="2">to Canadian society</arg>
      </example>
    </roleset>
  </predicate>
</frameset>
