<!DOCTYPE frameset SYSTEM "frameset.dtd">
<frameset>
  <predicate lemma="assign">
    <roleset id="assign.01" name="give, associate with">
      <aliases>
        <alias framenet="" pos="v" verbnet="">assign</alias>
        <alias framenet="" pos="n" verbnet="">assignment</alias>
      </aliases>
      <note>ASSIGN-V NOTES: Verbnet entry 13.3, other framed members include allocate, award, concede, grant, promise and vote. Comparison to those. No Framenet entry. (from assign.01-v)</note>
      <note>ASSIGNMENT-N NOTES: Roleset based on assign.01, ON grouping assignment-n senses 1, 2, 3,&amp; 6; maps to VN class future_having-13.3. Framed by Claire. (from assignment.01-n)</note>
      <roles>
        <role descr="agent, assigner" f="PAG" n="0">
          <vnrole vncls="13.3" vntheta="Agent"/>
        </role>
        <role descr="thing assigned" f="PPT" n="1">
          <vnrole vncls="13.3" vntheta="Theme"/>
        </role>
        <role descr="assigned to" f="GOL" n="2">
          <vnrole vncls="13.3" vntheta="Goal"/>
        </role>
      </roles>
      <example name="all args" src="" type="">
        <inflection aspect="ns" form="full" person="third" tense="present" voice="active"/>
        <text>It also owns Moody's Investors Service, which *trace*-1 assigns credit-ratings to bonds and preferred stock; A.C. Nielsen, known for its data on television-viewing patterns, and Yellow-pages publisher Donnelley.</text>
        <arg f="" n="0">*trace*-1 (= which)</arg>
        <arg f="slc" n="m">which -&gt; Moody's Investors Service</arg>
        <rel f="">assigns</rel>
        <arg f="" n="1">credit-ratings</arg>
        <arg f="" n="2">to bonds and preferred stock</arg>
      </example>
      <example name="Args 1 &amp; 2" src="NomBank Frames" type="">
        <text>RJR Nabisco Inc. awarded its national broadcast media-buyingassignment to FCB/Leber Katz Partners , the New York outpost ofChicago-based Foote , Cone&amp; Belding .</text>
        <arg f="" n="1">national broadcast media-buying</arg>
        <rel f="">assignment</rel>
        <arg f="" n="2">to FCB/Leber Katz Partners , the New York outpost of Chicago-based Foote , Cone&amp; Belding</arg>
      </example>
      <example name="NP only, args 1 &amp; 2" src="NomBank Frames" type="">
        <text>Mr. Boyd 's first directorial assignment as the theater 's newartistic director</text>
        <arg f="" n="2">Mr. Boyd 's</arg>
        <rel f="">assignment</rel>
        <arg f="" n="1">as the theater 's new artistic director</arg>
      </example>
      <example name="Args 1 &amp; 2" src="ON sense 1" type="">
        <inflection aspect="ns" form="ns" person="ns" tense="ns" voice="ns"/>
        <text>Mary goes over her son's homework assignments every night.</text>
        <arg f="" n="2">her son's</arg>
        <arg f="" n="1">homework</arg>
        <rel f="">assignments</rel>
      </example>
      <example name="All arguments" src="ON sense 2" type="">
        <inflection aspect="ns" form="ns" person="ns" tense="ns" voice="ns"/>
        <text>Their assignment of the railroad's holdings to the creditors was very complicated.</text>
        <arg f="" n="0">Their</arg>
        <rel f="">assignment</rel>
        <arg f="" n="1">of the railroad's holding</arg>
        <arg f="" n="2">to the creditors</arg>
      </example>
      <example name="Args 1, 2, new semantics" src="ON sense 3" type="">
        <inflection aspect="ns" form="ns" person="ns" tense="ns" voice="ns"/>
        <text>The assignment of the right name to this new product is very important.</text>
        <rel f="">assignment</rel>
        <arg f="" n="1">of the right name</arg>
        <arg f="" n="2">to this new product</arg>
      </example>
    </roleset>
  </predicate>
</frameset>
