<!DOCTYPE frameset SYSTEM "frameset.dtd">
<frameset>
  <predicate lemma="assist">
    <roleset id="assist.01" name="help, assist">
      <aliases>
        <alias framenet="Assistance" pos="n" verbnet="">assistance</alias>
        <alias framenet="Assistance" pos="v" verbnet="">assist</alias>
      </aliases>
      <note>ASSIST-V NOTES: Member of Vncls help-72-1. Comparison with 'help'. (from assist.01-v)</note>
      <note>ASSISTANCE-N NOTES: Roleset based on verb assist.01, OntoNotes grouping assistance-n sense 1; maps to VN class help-72-1. Framed by Claire. (from assistance.01-n)</note>
      <roles>
        <note>Args 2 and 3 are reversed from 'help' (from assist.01-v)</note>
        <role descr="assistant" f="PAG" n="0">
          <vnrole vncls="72-1" vntheta="Agent"/>
        </role>
        <role descr="assisted" f="GOL" n="1">
          <vnrole vncls="72-1" vntheta="Beneficiary"/>
        </role>
        <role descr="project" f="PPT" n="2">
          <vnrole vncls="72-1" vntheta="Theme"/>
        </role>
      </roles>
      <example name="all arguments present" src="" type="">
        <text>Sotheby's vice president Diana Levitt says the auction house has been ``assisting'' Mr. Paul in selling the paintings.</text>
        <arg f="" n="0">the auction house</arg>
        <rel f="">assisting</rel>
        <arg f="" n="1">Mr. Paul</arg>
        <arg f="" n="2">in selling the paintings</arg>
      </example>
      <example name="missing assisted entity" src="" type="">
        <text>Price Stern Sloan Inc. said it hired [an investment banking firm]-2 *trace*-2 to assist in evaluating restructuring or merger alternatives and reported a net loss of $8.1 million, or $2.14 a share, for the third quarter ended Sept.</text>
        <arg f="" n="0">*trace*-2</arg>
        <rel f="">assist</rel>
        <arg f="" n="2">in evaluating restructuring or merger alternatives</arg>
      </example>
      <example name="missing project" src="" type="">
        <text>The troubled Minneapolis-based railroad concern said the committee has the authority to hire [financial and legal advisers]-3 *trace* *trace*-3 to assist it.</text>
        <arg f="" n="0">*trace*-3</arg>
        <rel f="">assist</rel>
        <arg f="" n="1">it</arg>
      </example>
      <example name="Args 0 &amp; 1" src="ON sense 1" type="">
        <text>The UN's assistance to Africa began several years ago.</text>
        <arg f="" n="0">UN's</arg>
        <rel f="">assistance</rel>
        <arg f="" n="1">to Africa</arg>
      </example>
      <example name="All arguments" src="NomBank Frames" type="">
        <text>John's emergency assistance to earthquake-ravaged California was very admirable.</text>
        <arg f="" n="0">John's</arg>
        <arg f="" n="2">emergency</arg>
        <rel f="">assistance</rel>
        <arg f="" n="1">to earthquake-ravaged California</arg>
      </example>
    </roleset>
  </predicate>
</frameset>
