<!DOCTYPE frameset SYSTEM "frameset.dtd">
<frameset>
  <predicate lemma="associate">
    <roleset id="associate.01" name="include in some group, group together">
      <aliases>
        <alias framenet="" pos="j" verbnet="">associated</alias>
        <alias framenet="organization" pos="n" verbnet="">association</alias>
        <alias framenet="" pos="v" verbnet="">associate</alias>
      </aliases>
      <note>ASSOCIATE-V NOTES: Based on financial subcorpus. Member of VNcls amalgamate-22.2-2. Comparison with 'include'. (from associate.01-v)</note>
      <note>ASSOCIATION-N NOTES: Added due to expansion of Nombank. Comparison to 'associate.01'. Vn class amalgamate-22.2-2. FN class organization. Framed by Katie. (from association.01-n)</note>
      <note>ASSOCIATED-J NOTES: Based on Sharp data. Comparison to associate.01. Associate.01 is a member of Vnclass amalgamate-22.2-2. Framed by Katie. (from associated.01-j)</note>
      <roles>
        <role descr="agent, entity causing some grouping, making an   association" f="PAG" n="0">
          <vnrole vncls="22.2-2" vntheta="Agent"/>
        </role>
        <role descr="theme, thing being included in some group" f="PPT" n="1">
          <vnrole vncls="22.2-2" vntheta="Patient"/>
        </role>
        <role descr="group, associated-with" f="PPT" n="2">
          <vnrole vncls="22.2-2" vntheta="co-patient"/>
        </role>
      </roles>
      <example name="typical, semi-prepositional usage" src="" type="">
        <text>Dan E. Nelms, Valley Federal's president and chief executive officer, said the one-time charge substantially eliminates [future losses]-1 associated *trace*-1 with the unit .</text>
        <rel f="">associated</rel>
        <arg f="" n="1">*trace*-1</arg>
        <arg f="" n="2">with the unit</arg>
      </example>
      <example name="made-up agentive" src="" type="">
        <text>John associates the smell of roofing tar with his mother's cooking.</text>
        <arg f="" n="0">John</arg>
        <rel f="">associates</rel>
        <arg f="" n="1">the smell of roofing tar</arg>
        <arg f="" n="2">with his mother's cooking</arg>
      </example>
      <example name="Arg 1 and 2" src="" type="">
        <inflection aspect="ns" form="ns" person="ns" tense="ns" voice="ns"/>
        <text>His association with Mr. Clinton</text>
        <arg f="" n="1">His</arg>
        <rel f="">association</rel>
        <arg f="" n="2">with Mr. Clinton</arg>
      </example>
      <example name="temp and arg 2 (arg 1 is outside of the span)" src="" type="">
        <inflection aspect="ns" form="ns" person="ns" tense="ns" voice="ns"/>
        <text>Washington Wizards' owner ended the three-year association with Jordan</text>
        <arg f="tmp" n="m">three-year</arg>
        <rel f="">association</rel>
        <arg f="" n="2">with Jordan</arg>
      </example>
      <example name="Arg 0 and an inanimate arg 2" src="" type="">
        <inflection aspect="ns" form="ns" person="ns" tense="ns" voice="ns"/>
        <text>Yang's strongest association with New Year is of going to do the New Year 's shopping with the grown - ups when she was little .</text>
        <arg f="" n="0">Yang's</arg>
        <arg f="adj" n="m">strongest</arg>
        <rel f="">association</rel>
        <arg f="" n="2">with New Year</arg>
      </example>
      <example name="One more with args 1 and 2" src="" type="">
        <inflection aspect="ns" form="ns" person="ns" tense="ns" voice="ns"/>
        <text>Its association with the Hashidate Law Office in Tokyo</text>
        <arg f="" n="1">Its</arg>
        <rel f="">association</rel>
        <arg f="" n="2">with the Hashidate Law Office in Tokyo</arg>
      </example>
      <example name="The more common 2 args" src="" type="">
        <inflection aspect="ns" form="ns" person="ns" tense="ns" voice="ns"/>
        <text>Mural thrombus is also associated with the right common iliac artery aneurysm.</text>
        <arg f="" n="1">Mural thrombus</arg>
        <arg f="adv" n="m">also</arg>
        <rel f="">associated</rel>
        <arg f="" n="2">with the right common iliac artery aneurysm.</arg>
      </example>
      <example name="args 1 and 2 again" src="" type="">
        <inflection aspect="ns" form="ns" person="ns" tense="ns" voice="ns"/>
        <text>Vit D might be associated with poorer outcomes</text>
        <arg f="" n="1">Vit D</arg>
        <arg f="mod" n="m">might</arg>
        <rel f="">associated</rel>
        <arg f="" n="2">with poorer outcomes</arg>
      </example>
    </roleset>
  </predicate>
</frameset>
