<!DOCTYPE frameset SYSTEM "frameset.dtd">
<frameset>
  <predicate lemma="assuage">
    <roleset id="assuage.01" name="mend someone's hurt feelings">
      <aliases>
        <alias framenet="" pos="v" verbnet="">assuage</alias>
      </aliases>
      <note>ASSUAGE-V NOTES: Frames file for 'assuage' based on sentences in wsj. Verbnet entry 31.1. (from assuage.01-v predicate notes)</note>
      <roles>
        <role descr="mender, Stimulus, agent" f="PAG" n="0">
          <vnrole vncls="31.1" vntheta="Stimulus"/>
        </role>
        <role descr="hurt feelings, or person with hurt feelings" f="PPT" n="1">
          <vnrole vncls="31.1" vntheta="Experiencer"/>
        </role>
      </roles>
      <example name="person with feelings" src="" type="">
        <inflection aspect="ns" form="infinitive" person="ns" tense="ns" voice="ns"/>
        <text>Like all Americans seeking chronic prosperity, [I]*-3 do find it necessary [*]to plunge certain funds into conservative monetary tools, if only [*-3] to assuage my father-in-law, who believes in such things.</text>
        <arg f="" n="0">[*-3]</arg>
        <rel f="">assuage</rel>
        <arg f="" n="1">my father-in-law, who believes in such things</arg>
      </example>
      <example name="feelings themselves" src="" type="">
        <inflection aspect="ns" form="infinitive" person="ns" tense="ns" voice="ns"/>
        <text>Instead, he says, if the salespeople can get the customers to consider Wang's products on their merits, [he or a top financial officer]*-2 will try [*-2]to assuage the fears about finances.</text>
        <arg f="" n="0">[*-2]</arg>
        <rel f="">assuage</rel>
        <arg f="" n="1">the fears about finances</arg>
      </example>
    </roleset>
  </predicate>
</frameset>
