<!DOCTYPE frameset SYSTEM "frameset.dtd">
<frameset>
  <predicate lemma="assure">
    <roleset id="assure.01" name="calm someone's nerves, pledge">
      <aliases>
        <alias framenet="telling" pos="n" verbnet="">assurance</alias>
        <alias framenet="" pos="j" verbnet="">assured</alias>
        <alias framenet="Telling Likelihood" pos="v" verbnet="">assure</alias>
      </aliases>
      <note>ASSURE-V NOTES: Verbal usage based on financial subcorpus. Adjectival 'assured' based on BOLT-6. Member of Vncls ensure-99, advise-37.9, promise-37.13. (from assure.01-v)</note>
      <note>ASSURANCE-N NOTES: Added due to expansion of Nombank. Comparison to assure.01. VN classes advise-37.9, ensure-99, and promise-37.13. FN class telling. Framed by Katie. (from assurance.01-n)</note>
      <note>ASSURED-J NOTES: Automatically created by Julia as an alias file for unification. (from assured.01-j)</note>
      <roles>
        <role descr="causer of assurance" f="pag" n="0">
          <vnrole vncls="37.9" vntheta="agent"/>
          <vnrole vncls="37.13" vntheta="agent"/>
          <vnrole vncls="99" vntheta="cause"/>
        </role>
        <role descr="assured one" f="gol" n="1">
          <vnrole vncls="37.9" vntheta="recipient"/>
          <vnrole vncls="37.13" vntheta="recipient"/>
          <vnrole vncls="99" vntheta="beneficiary"/>
        </role>
        <role descr="assurance, utterance" f="ppt" n="2">
          <vnrole vncls="37.9" vntheta="topic"/>
          <vnrole vncls="37.13" vntheta="topic"/>
          <vnrole vncls="99" vntheta="theme"/>
        </role>
      </roles>
      <example name="all args" src="" type="">
        <text>A spokesman for AMR Corp. said Boeing has assured American Airlines it will deliver a 757 on time later this month.</text>
        <arg f="" n="0">Boeing</arg>
        <rel f="">assured</rel>
        <arg f="" n="1">American Airlines</arg>
        <arg f="" n="2">it will deliver a 757 on time later this month</arg>
      </example>
      <example name="passivized" src="" type="">
        <text>They also worry that if the government applies asset-forfeiture laws broadly, the best defense lawyers will be unwilling to take criminal cases unless they-1 are assured *trace*-1 of being paid.</text>
        <rel f="">assured</rel>
        <arg f="" n="1">*trace*-1 (= they)</arg>
        <arg f="" n="2">of being paid</arg>
      </example>
      <example name="almost adjectival (TB called this a verb)" src="" type="">
        <text>It was in Jaguar's best interests ``for [the company's future]-1 to be assured *trace*-1 and the present climate of uncertainty resolved as quickly as possible,'' Mr. Ridley said.</text>
        <rel f="">assured</rel>
        <arg f="" n="2">*trace*-1</arg>
      </example>
      <example name="Adjectival rel: assured" src="BOLT-6" type="">
        <inflection aspect="ns" form="ns" person="ns" tense="ns" voice="ns"/>
        <text>The more aircraft carrier fleets China has in the future , the more convincing of China 's peaceful rise . It will be even more convincing and world peace will be more assured if we have 25 aircraft carrier fleets !</text>
        <arg f="" n="2">world peace</arg>
        <arg f="mod" n="m">will</arg>
        <arg f="ext" n="m">more</arg>
        <rel f="">assured</rel>
        <arg f="adv" n="m">if we have 25 aircraft carrier fleets</arg>
      </example>
      <example name="Arg 2 as a rel clause" src="" type="">
        <inflection aspect="ns" form="ns" person="ns" tense="ns" voice="ns"/>
        <text>an assurance that you would exonerate Libby</text>
        <rel f="">assurance</rel>
        <arg f="" n="2">that you would exonerate Libby</arg>
      </example>
      <example name="arg 2 as a modifier" src="" type="">
        <inflection aspect="ns" form="ns" person="ns" tense="ns" voice="ns"/>
        <text>security assurance</text>
        <arg f="" n="2">security</arg>
        <rel f="">assurance</rel>
      </example>
      <example name="Arg 0" src="" type="">
        <inflection aspect="ns" form="ns" person="ns" tense="ns" voice="ns"/>
        <text>Mr. Shevardnadze's assurance [*ich-1*] last year [that Krasnoyarsk didn't violate the ABM treaty -1]</text>
        <arg f="" n="0">Mr. Shevardnadze's</arg>
        <rel f="">assurance</rel>
        <arg f="" n="2">[*ich-1*]</arg>
        <arg f="tmp" n="m">last year</arg>
      </example>
      <example name="arg 0 and 2" src="" type="">
        <inflection aspect="ns" form="ns" person="ns" tense="ns" voice="ns"/>
        <text>the assurance from government rate setters of available funds adequate for safe operation</text>
        <rel f="">assurance</rel>
        <arg f="" n="0">from government rate setters</arg>
        <arg f="" n="2">of available funds adequate for safe operation</arg>
      </example>
    </roleset>
  </predicate>
</frameset>
