<!DOCTYPE frameset SYSTEM "frameset.dtd">
<frameset>
  <predicate lemma="asthmatic">
    <roleset id="asthmatic.01" name="suffering from asthma">
      <aliases>
        <alias framenet="" pos="j" verbnet="">asthmatic</alias>
      </aliases>
      <note>ASTHMATIC-J NOTES: Added by Julia based on SHARP. (from asthmatic.01-j)</note>
      <roles>
        <role descr="asthma sufferer" f="pag" n="1"/>
      </roles>
      <example name="arg1" src="SHARP" type="">
        <inflection aspect="ns" form="ns" person="ns" tense="ns" voice="ns"/>
        <text>Bronchitis *PRO* Asthmatic [ 493.90N ]</text>
        <arg f="" n="1">*PRO*</arg>
        <rel f="">Asthmatic</rel>
      </example>
    </roleset>
  </predicate>
</frameset>
