<!DOCTYPE frameset SYSTEM "frameset.dtd">
<frameset>
  <predicate lemma="astonish">
    <roleset id="astonish.01" name="surprise, astound">
      <aliases>
        <alias framenet="Emotion_directed" pos="j" verbnet="">astonished</alias>
        <alias framenet="Experiencer_obj" pos="v" verbnet="">astonish</alias>
        <alias framenet="Desirability Stimulus_focus" pos="j" verbnet="">astonishing</alias>
      </aliases>
      <note>ASTONISH-V NOTES: Member of Vncls amuse-31.1. (from astonish.01-v)</note>
      <note>ASTONISHING-J NOTES: Roleset based on instances in BOLT P01. (from astonishing.01-j)</note>
      <note>ASTONISHED-J NOTES: Roleset based on instances in BOLT P01, parts 2&amp; 3. Framed by Claire. Member of Vncls amuse-31.1. Based on verb frame, but differs in that it doesn't have an arg2 instrument/manner, which doesn't seem to be possible to separate from arg0 in the case of the adjective. (from astonished.01-j)</note>
      <roles>
        <role descr="causer of astonishment" f="pag" n="0">
          <vnrole vncls="31.1" vntheta="stimulus"/>
        </role>
        <role descr="experiencer of astonishment" f="ppt" n="1">
          <vnrole vncls="31.1" vntheta="experiencer"/>
        </role>
        <role descr="instrument, if arg0 also present" f="mnr" n="2"/>
      </roles>
      <example name="all args" src="" type="">
        <inflection aspect="ns" form="full" person="ns" tense="past" voice="active"/>
        <text>Then he astonished Matsuo by pushing and dragging himself until he sat.</text>
        <arg f="tmp" n="m">Then</arg>
        <arg f="" n="0">he</arg>
        <rel f="">astonished</rel>
        <arg f="" n="1">Matsuo</arg>
        <arg f="" n="2">by pushing and dragging himself until he sat</arg>
      </example>
      <example name="passive" src="" type="">
        <inflection aspect="ns" form="participle" person="third" tense="past" voice="passive"/>
        <text>[The Frenchman]*-1 was astonished [*-1].</text>
        <rel f="">astonished</rel>
        <arg f="" n="1">[*-1]</arg>
      </example>
      <example name="All args" src="web" type="">
        <inflection aspect="ns" form="ns" person="ns" tense="ns" voice="ns"/>
        <text>That was astonishing to me and pierced my heart.</text>
        <arg f="" n="0">That</arg>
        <rel f="">astonishing</rel>
        <arg f="" n="1">to me</arg>
      </example>
      <example name="Args 0 &amp; 1" src="" type="">
        <inflection aspect="ns" form="full" person="ns" tense="past" voice="active"/>
        <text>They 'd be astonished to learn that they had suddenly discovered the requisite experience , training and equipment to make such a landing possible .</text>
        <arg f="" n="1">They</arg>
        <rel f="">astonished</rel>
        <arg f="" n="0">to learn that they had suddenly discovered the requisite experience , training and equipment to make such a landing possible .</arg>
      </example>
      <example name="&quot;By&quot;" src="web" type="">
        <inflection aspect="ns" form="participle" person="third" tense="past" voice="passive"/>
        <text>They were astonished by his words that were filled with grace and charm.</text>
        <arg f="" n="1">They</arg>
        <rel f="">astonished</rel>
        <arg f="" n="0">by his words that were filled with grace and charm.</arg>
      </example>
    </roleset>
  </predicate>
</frameset>
