<!DOCTYPE frameset SYSTEM "frameset.dtd">
<frameset>
  <predicate lemma="astound">
    <roleset id="astound.01" name="to surprise">
      <aliases>
        <alias framenet="Desirability Stimulus_focus" pos="j" verbnet="">astounding</alias>
        <alias framenet="Experiencer_obj" pos="v" verbnet="">astound</alias>
      </aliases>
      <note>ASTOUND-V NOTES: Member of Vncls amuse-31.1. (from astound.01-v)</note>
      <note>ASTOUNDING-J NOTES: Roleset based on instances in BOLT P01, parts 2&amp; 3. Framed by Claire. Member of Vncls amuse-31.1. (from astounding.01-j)</note>
      <roles>
        <role descr="causer" f="PAG" n="0">
          <vnrole vncls="31.1" vntheta="Stimulus"/>
        </role>
        <role descr="experiencer" f="PPT" n="1">
          <vnrole vncls="31.1" vntheta="Experiencer"/>
        </role>
      </roles>
      <example name="transitive" src="" type="">
        <inflection aspect="ns" form="full" person="third" tense="present" voice="active"/>
        <text>[It]-1 EXP*-1 astounds me [0]*trace*-1 that he can rationalize his self-righteous and greedy actions in Utah .</text>
        <rel f="">astounds</rel>
        <arg f="" n="1">me</arg>
        <arg f="" n="0">that he can rationalize his self-righteous and greedy action in Utah</arg>
      </example>
      <example name="Arg0 only" src="BOLT P01, parts 2,3" type="">
        <inflection aspect="ns" form="full" person="third" tense="present" voice="active"/>
        <text>It 's all so absurd , the levels these people went through to remain " in office " are astounding , please update us if you hear anything about the off - site facilities .</text>
        <arg f="" n="1">the levels these people went through to remain " in office "</arg>
        <rel f="">astounding</rel>
      </example>
      <example name="All args" src="web" type="">
        <inflection aspect="ns" form="ns" person="ns" tense="ns" voice="ns"/>
        <text>The beauty of the polar bears was astounding to us.</text>
        <arg f="" n="0">The beauty of the polar bears</arg>
        <rel f="">astounding</rel>
        <arg f="" n="1">to us.</arg>
      </example>
    </roleset>
  </predicate>
</frameset>
