<!DOCTYPE frameset SYSTEM "frameset.dtd">
<frameset>
  <predicate lemma="asymptomatic">
    <roleset id="asymptomatic.01" name="show no signs of, asymptomatic">
      <aliases>
        <alias framenet="" pos="j" verbnet="">asymp</alias>
        <alias framenet="" pos="j" verbnet="">asymptomatic</alias>
      </aliases>
      <note>ASYMPTOMATIC-J NOTES: Based on Sharp data. No comparison. Framed by Katie. (from asymptomatic.01-j)</note>
      <note>ASYMP-J NOTES: Added by Julia based on SHARP (from asymp.01-j)</note>
      <roles>
        <role descr="entity without symptoms" f="pag" n="0"/>
        <role descr="lacking signs of what" f="ppt" n="1"/>
      </roles>
      <example name="both args" src="" type="">
        <inflection aspect="ns" form="ns" person="ns" tense="ns" voice="ns"/>
        <text>Patient was asymptomatic for breast cancer in f/u of Oct 3.</text>
        <arg f="" n="0">Patient</arg>
        <rel f="">asymptomatic</rel>
        <arg f="" n="1">for breast cancer</arg>
        <arg f="tmp" n="m">in f/u of Oct 3</arg>
      </example>
    </roleset>
  </predicate>
</frameset>
