<!DOCTYPE frameset SYSTEM "frameset.dtd">
<frameset>
  <predicate lemma="atherosclerotic">
    <roleset id="atherosclerotic.01" name="having vessels/arteries clogged with plaque">
      <aliases>
        <alias framenet="" pos="j" verbnet="">atherosclerotic</alias>
      </aliases>
      <note>ATHEROSCLEROTIC-J NOTES: Added automatically by Julia. Related to sclerose-v.01 (from atherosclerotic.01-j)</note>
      <roles>
        <role descr="atherosclerotic entity" f="ppt" n="1"/>
      </roles>
      <example name="" src="" type="">
        <text>The majority of carotid disease is atherosclerotic and so emphasis will be placed on this pathology.</text>
      </example>
    </roleset>
  </predicate>
</frameset>
