<!DOCTYPE frameset SYSTEM "frameset.dtd">
<frameset>
  <predicate lemma="atomize">
    <roleset id="atomize.01" name="to cause to be dispersed">
      <aliases>
        <alias framenet="" pos="v" verbnet="">atomize</alias>
      </aliases>
      <note>ATOMIZE-V NOTES: Automatically created based on framefiles: fade (45.4) (from atomize.01-v predicate notes)</note>
      <roles>
        <role descr="agent, causing the dispersion" f="PAG" n="0">
          <vnrole vncls="45.4" vntheta="Agent"/>
        </role>
        <role descr="thing dispersing" f="PPT" n="1">
          <vnrole vncls="45.4" vntheta="Patient"/>
        </role>
        <role descr="instrument" f="MNR" n="2">
          <vnrole vncls="45.4" vntheta="Instrument"/>
        </role>
      </roles>
      <example name="Active" src="web usage" type="">
        <text>By using a coolant mix to heat the manifold, we can atomize the fuel without boiling it.</text>
        <arg f="mnr" n="m">By using a coolant mix to heat the manifold</arg>
        <arg f="" n="0">we</arg>
        <arg f="mod" n="m">can</arg>
        <rel f="">atomize</rel>
        <arg f="" n="1">the fuel</arg>
        <arg f="mnr" n="m">without boiling it</arg>
      </example>
    </roleset>
  </predicate>
</frameset>
