<!DOCTYPE frameset SYSTEM "frameset.dtd">
<frameset>
  <predicate lemma="atone">
    <roleset id="atone.01" name="to make amends">
      <aliases>
        <alias framenet="Atonement" pos="v" verbnet="">atone</alias>
        <alias framenet="Atonement" pos="n" verbnet="">atonement</alias>
      </aliases>
      <note>ATONE-V NOTES: No Vncls (from atone.01-v)</note>
      <roles>
        <role descr="atoner, sinner, agent" f="PAG" n="0"/>
        <role descr="sins" f="PPT" n="1"/>
      </roles>
      <example name="atone-v: intransitive" src="" type="">
        <inflection aspect="ns" form="full" person="ns" tense="ns" voice="active"/>
        <text>[*] Atone</text>
        <arg f="" n="0">[*]</arg>
        <rel f="">Atone</rel>
      </example>
      <example name="atone-v: with GOL and MNR" src="internet" type="-">
        <inflection aspect="ns" form="gerund" person="third" tense="present" voice="active"/>
        <text>Above all [the Servant of Yahweh]-1 appears as *trace*-1 atoning for sinners by his sufferings and death.</text>
        <arg f="" n="0">*trace*-1</arg>
        <rel f="">atoning</rel>
        <arg f="gol" n="m">for sinners</arg>
        <arg f="mnr" n="m">by his sufferings and death</arg>
      </example>
      <example name="atone-v: both args" src="internet" type="-">
        <inflection aspect="perfect" form="infinitive" person="third" tense="present" voice="active"/>
        <text>[The spendthrift]-1 is said *trace*-1 to have atoned for his folly by the hardships endured in consequence of it</text>
        <arg f="" n="0">*trace*-1</arg>
        <rel f="">atoned</rel>
        <arg f="" n="1">for his folly</arg>
        <arg f="mnr" n="m">by the hardships endured in consequence of it</arg>
      </example>
      <example name="atonement-n" src="" type="">
        <text>The only way it can change is through the Atonement of Jesus Christ .	</text>
        <rel f="">atonement</rel>
        <arg f="" n="0">of Jesus Christ</arg>
      </example>
    </roleset>
  </predicate>
</frameset>
