<!DOCTYPE frameset SYSTEM "frameset.dtd">
<frameset>
  <predicate lemma="atraumatic">
    <roleset id="atraumatic.01" name="not showing signs of trauma">
      <aliases>
        <alias framenet="" pos="j" verbnet="">at</alias>
        <alias framenet="" pos="j" verbnet="">atraumatic</alias>
      </aliases>
      <note>ATRAUMATIC-J NOTES: Added by Julia based on SHARP. Relation to traumatize.01 (from atraumatic.01-j)</note>
      <note>AT-J NOTES: Added by julia based on SHARP. Relation to traumatize.01 (from at.01-j)</note>
      <roles>
        <role descr="would-be causer of trauma" f="pag" n="0"/>
        <role descr="entity showing signs of trauma" f="ppt" n="1"/>
      </roles>
      <example name="arg1" src="SHARP" type="">
        <inflection aspect="ns" form="ns" person="ns" tense="ns" voice="ns"/>
        <text>HEENT: *PRO* nc / at sclera clear non-icteric</text>
        <arg f="" n="1">*PRO*</arg>
        <rel f="">at</rel>
      </example>
    </roleset>
  </predicate>
</frameset>
