<!DOCTYPE frameset SYSTEM "frameset.dtd">
<frameset>
  <predicate lemma="atretic">
    <roleset id="atretic.01" name="having no opening">
      <aliases>
        <alias framenet="" pos="j" verbnet="">atretic</alias>
      </aliases>
      <note>ATRETIC-J NOTES: Added automatically by Julia. (from atretic.01-j)</note>
      <roles>
        <role descr="atretic entity" f="ppt" n="1"/>
      </roles>
      <example name="" src="" type="">
        <text>The mitral valve was atretic and no atrioventricular communication was present.</text>
      </example>
    </roleset>
  </predicate>
</frameset>
