<!DOCTYPE frameset SYSTEM "frameset.dtd">
<frameset>
  <predicate lemma="atrophy">
    <roleset id="atrophy.01" name="become weakened">
      <aliases>
        <alias framenet="" pos="v" verbnet="">atrophy</alias>
        <alias framenet="" pos="j" verbnet="">atrophic</alias>
      </aliases>
      <note>ATROPHY-V NOTES: Frame file created by Arrick. VN updated by Julia 9/2010. Member of Vncls entity_specific_cos-45.5. (from atrophy.01-v)</note>
      <note>ATROPHIC-J NOTES: Automatically created by Julia as an alias file for unification. (from atrophic.01-j)</note>
      <roles>
        <role descr="thing weakened" f="PPT" n="1">
          <vnrole vncls="45.5" vntheta="Patient"/>
        </role>
      </roles>
      <example name="intransitive" src="" type="">
        <text>This meant that urine could flow back into the kidney * causing the kidney to atrophy.</text>
        <arg f="" n="1">the kidney</arg>
        <rel f="">atrophy</rel>
      </example>
    </roleset>
  </predicate>
</frameset>
