<!DOCTYPE frameset SYSTEM "frameset.dtd">
<frameset>
  <predicate lemma="atrocity">
    <roleset id="atrocity.01" name="terrible, unjust act">
      <aliases>
        <alias framenet="" pos="n" verbnet="">atrocity</alias>
      </aliases>
      <note>ATROCITY-N NOTES: Added automatically by Julia. (from atrocity.01-n)</note>
      <roles>
        <role descr="sinner" f="pag" n="0"/>
        <role descr="sin" f="ppt" n="1"/>
      </roles>
      <example name="" src="" type="">
        <text>They terrorize the people of Ethiopia and accuse journalists and others who speak up against their atrocities of terrorism.</text>
      </example>
    </roleset>
  </predicate>
</frameset>
