<!DOCTYPE frameset SYSTEM "frameset.dtd">
<frameset>
  <predicate lemma="attain">
    <roleset id="attain.01" name="to reach or achieve, achievment/acquisition">
      <aliases>
        <alias framenet="" pos="v" verbnet="">attain</alias>
        <alias framenet="" pos="n" verbnet="">attainment</alias>
      </aliases>
      <note>ATTAIN-V NOTES: Frames file for 'attain' based on survey of sentences in the WSJ corpus. (from attain.01-v predicate notes)</note>
      <note>ATTAINMENT-N NOTES: Added by Julia based on BOLT-6. (from attainment.01-n)</note>
      <roles>
        <role descr="reacher, agent" f="PAG" n="0">
          <vnrole vncls="13.5.1" vntheta="Agent"/>
        </role>
        <role descr="entity attained" f="PPT" n="1">
          <vnrole vncls="13.5.1" vntheta="Theme"/>
        </role>
      </roles>
      <example name="transitive" src="" type="">
        <inflection aspect="perfect" form="participle" person="ns" tense="present" voice="active"/>
        <text>[*-3] Having attained positions of real influence or wealth , [these men]*-3 constitute the Old Guard of New York City black politics ; they are less confrontational than the younger , more activist black political community that [*T*-2] has been based [*-1] largely in Brooklyn .</text>
        <arg f="" n="0">[*-3]</arg>
        <rel f="">attained</rel>
        <arg f="" n="1">positions of real influence or wealth</arg>
      </example>
      <example name="arg1, ADJ" src="BOLT-6" type="">
        <inflection aspect="ns" form="ns" person="ns" tense="ns" voice="ns"/>
        <text>This also presents a strong slap in the face for those officials who are obsessed with high educational attainments in the selection of personnel .</text>
        <arg f="adj" n="m">high</arg>
        <arg f="" n="1">educational</arg>
        <rel f="">attainments</rel>
        <arg f="adj" n="m">in the selection of personnel</arg>
      </example>
    </roleset>
  </predicate>
  <predicate lemma="attainable">
    <roleset id="attainable.02" name="to reach or achieve">
      <aliases>
        <alias framenet="" pos="j" verbnet="">attainable</alias>
      </aliases>
      <note>ATTAINABLE-J NOTES: Roleset based on instances in BOLT P01, parts 2&amp; 3. Framed by Claire. Relation to verb-attain.01. (from attainable.01-j)</note>
      <roles>
        <role descr="attainable to whom?  reacher" f="pag" n="0">
          <vnrole vncls="13.5.1" vntheta="agent"/>
        </role>
        <role descr="attainable thing, reached" f="ppt" n="1">
          <vnrole vncls="13.5.1" vntheta="theme"/>
        </role>
      </roles>
      <example name="transitive" src="" type="">
        <inflection aspect="perfect" form="participle" person="ns" tense="present" voice="active"/>
        <text>A lot of the nuclear weapons tech that was unattainabe 20 - 30 years ago is attaintable now . It would be very expensive , and there would be consequences .</text>
        <arg f="" n="1">A lot of the nuclear weapons tech that was unattainabe 20 - 30 years ago</arg>
        <rel f="">attainable</rel>
        <arg f="tmp" n="m">now</arg>
      </example>
      <example name="All args" src="web" type="">
        <inflection aspect="ns" form="ns" person="ns" tense="ns" voice="ns"/>
        <text>The highest peaks of the mountain were attainable to me and my agents, and the lowest valleys were made plain paths.</text>
        <arg f="" n="1">The highest peaks of the mountain</arg>
        <rel f="">attainable</rel>
        <arg f="" n="0">to me and my agents</arg>
      </example>
    </roleset>
  </predicate>
</frameset>
