<!DOCTYPE frameset SYSTEM "frameset.dtd">
<frameset>
  <predicate lemma="attach">
    <roleset id="attach.01" name="stick, cause to stick, stuck to something">
      <aliases>
        <alias framenet="" pos="n" verbnet="">attachment</alias>
        <alias framenet="" pos="v" verbnet="">attach</alias>
        <alias framenet="Being_attached" pos="j" verbnet="">attached</alias>
      </aliases>
      <note>ATTACH-V NOTES: Gag. (from attach.01-v)</note>
      <note>ATTACHMENT-N NOTES: Based on Thyme and Sharp data. Slight comparison to attach.01. Attach.01 is a member of VN class shake-22.3-2-1. No FN class.Framed by Katie (from attachment.01-n)</note>
      <note>ATTACHED-J NOTES: Roleset based on BOLT P01. (from attached.01-j)</note>
      <roles>
        <note>Note that multiple arg-1 tags are possible in a single instance. (from attach.01-v)
I've added an arg 2 so we no longer have multiple arg 1s appearing (from attachment.01-n)Roles differ from verb roles for attach.01 because verb conflated two objects into one arg. (from attached.01-j)</note>
        <role descr="agent, entity causing two objects to be attached" f="pag" n="0"/>
        <role descr="patient, first thing being tied" f="ppt" n="1"/>
        <role descr="tied to; second item tied" f="ppt" n="2"/>
        <role descr="instrument" f="mnr" n="3"/>
      </roles>
      <example name="tied to" src="" type="">
        <text>The equity kicker is not attached to the offering, ...</text>
        <arg f="" n="1">The equity kicker</arg>
        <arg f="neg" n="m">not</arg>
        <rel f="">attached</rel>
        <arg f="" n="2">to the offering</arg>
      </example>
      <example name="with agent" src="" type="">
        <text>John attached the apology note to his dissertation.</text>
        <arg f="" n="0">John</arg>
        <rel f="">attached</rel>
        <arg f="" n="1">the apology note</arg>
        <arg f="" n="2">to his dissertation</arg>
      </example>
      <example name="with instrument, single arg1" src="" type="">
        <text>[John and Mary]-1 are attached *-1 by bonds of love.</text>
        <rel f="">attached</rel>
        <arg f="" n="1">*-1</arg>
        <arg f="" n="3">by bonds of love</arg>
      </example>
      <example name="arg 1 when only 1 attached item is mentioned" src="" type="">
        <text>small-bowl attachment</text>
        <arg f="" n="1">small-bowl</arg>
        <rel f="">attachment</rel>
      </example>
      <example name="All args" src="web" type="">
        <inflection aspect="ns" form="ns" person="ns" tense="ns" voice="ns"/>
        <text>It looks like it was attached to the wall by two dry wall anchors which were not attached to the stud.</text>
        <arg f="" n="1">it</arg>
        <rel f="">attached</rel>
        <arg f="" n="2">to the wall</arg>
        <arg f="" n="3">by two dry wall anchors which were not attached to the stud.</arg>
      </example>
    </roleset>
  </predicate>
</frameset>
