<!DOCTYPE frameset SYSTEM "frameset.dtd">
<frameset>
  <predicate lemma="attack">
    <roleset id="attack.01" name="to make an attack, criticize strongly">
      <aliases>
        <alias framenet="" pos="n" verbnet="">attacking</alias>
        <alias framenet="" pos="n" verbnet="">attack</alias>
        <alias framenet="Attack" pos="v" verbnet="">attack</alias>
      </aliases>
      <note>ATTACK-V NOTES: Member of Vncls judgement-33. (from attack.01-v)</note>
      <note>ATTACK-N NOTES: Roleset based on verb entry attack.01, OntoNotes grouping attack-n senses 1-9; maps to VN class judgement-33. Framed by Claire. (from attack.01-n)</note>
      <note>ATTACKING-N NOTES: Automatically created by Julia as an alias file for unification. (from attacking.01-n)</note>
      <roles>
        <note>Noun roleset has both "instrument" and "attribute," where verb frame has only attribute because of gaming usages where game piece is "attacker." (from attack.01-n)</note>
        <role descr="attacker" f="pag" n="0">
          <vnrole vncls="33" vntheta="agent"/>
        </role>
        <role descr="entity attacked" f="ppt" n="1">
          <vnrole vncls="33" vntheta="theme"/>
        </role>
        <role descr="attribute" f="prd" n="2"/>
      </roles>
      <example name="intransitive" src="" type="">
        <inflection aspect="ns" form="infinitive" person="ns" tense="ns" voice="active"/>
        <text>`` Now , '' says [*T*-1] Joseph Napolitan , a pioneer in political television , `` the idea is [*]to attack first , last and always . ''</text>
        <arg f="" n="0">[*]</arg>
        <rel f="">attack</rel>
        <arg f="tmp" n="m">first , last and always</arg>
      </example>
      <example name="transitive" src="" type="">
        <inflection aspect="progressive" form="participle" person="third" tense="present" voice="active"/>
        <text>Mr. Baldwin is also attacking the greater problem : lack of ringers .</text>
        <arg f="" n="0">Mr. Baldwin</arg>
        <arg f="dis" n="m">also</arg>
        <rel f="">attacking</rel>
        <arg f="" n="1">the greater problem : lack of ringers</arg>
      </example>
      <example name="with cause" src="" type="">
        <inflection aspect="ns" form="gerund" person="ns" tense="present" voice="active"/>
        <text>And [they]*-1 continue [*-1]anonymously attacking CIA Director William Webster for [*-2] being too accommodating to the committee .</text>
        <arg f="" n="0">[*-1]</arg>
        <arg f="mnr" n="m">anonymously</arg>
        <rel f="">attacking</rel>
        <arg f="" n="1">CIA Director William Webster</arg>
        <arg f="cau" n="m">for [*-2] being too accommodating to the committee</arg>
      </example>
      <example name="with Arg2" src="" type="">
        <inflection aspect="perfect" form="participle" person="ns" tense="present" voice="active"/>
        <text>Over the past nine months , several firms , including discount broker Charles Schwab&amp; Co. and Sears , Roebuck &amp; Co. 's Dean Witter Reynolds Inc. unit , have attacked program trading as a major market evil .</text>
        <arg f="tmp" n="m">Over the past nine months</arg>
        <arg f="" n="0">several firms , including discount broker Charles Schwab&amp; Co. and Sears , Roebuck &amp; Co. 's Dean Witter Reynolds Inc. unit ,</arg>
        <rel f="">attacked</rel>
        <arg f="" n="1">program trading</arg>
        <arg f="" n="2">as a major market evil</arg>
      </example>
      <example name="Args 1 and MNR" src="NomBank Frames" type="">
        <text>As early as move six , Mr. Kasparov deviated from a well-knownsequence of moves , developing a knight instead of making astandard bishop attack against the computer 's advanced knight .</text>
        <arg f="mnr" n="m">standard</arg>
        <arg f="mnr" n="m">bishop</arg>
        <rel f="">attack</rel>
        <arg f="" n="1">against the computer 's advanced knight</arg>
      </example>
      <example name="NP only, Args 0 &amp; 1" src="NomBank Frames" type="">
        <text>their attacks on program trading and its contributions to thestock market 's wild price swings</text>
        <arg f="" n="0">their</arg>
        <rel f="">attacks</rel>
        <arg f="" n="1">on program trading and its contributions to the stock market 's wild price swings</arg>
      </example>
      <example name="MNR and Arg0" src="ON sense 3" type="">
        <inflection aspect="ns" form="ns" person="ns" tense="ns" voice="ns"/>
        <text>The president came under sharp attack from members of Congress for his foreign policy.</text>
        <arg f="mnr" n="m">sharp</arg>
        <rel f="">attack</rel>
        <arg f="" n="0">from members of congress</arg>
      </example>
      <example name="Arg 0 only in &quot;by&quot; PP" src="ON sense 5" type="">
        <inflection aspect="ns" form="ns" person="ns" tense="ns" voice="ns"/>
        <text>Small pets are subject to attack by these roaming nocturnal predators.</text>
        <rel f="">attack</rel>
        <arg f="" n="0">by these roaming nocturnal predators</arg>
      </example>
      <example name="Metaphorical attack, illness" src="ON sense 7" type="">
        <inflection aspect="ns" form="ns" person="ns" tense="ns" voice="ns"/>
        <text>The new medication has reduced Sally's asthma attacks.</text>
        <arg f="" n="1">Sally's</arg>
        <arg f="" n="0">asthma</arg>
        <rel f="">attacks</rel>
      </example>
      <example name="Metaphorical attack, Arg0 only" src="ON sense 3" type="">
        <inflection aspect="ns" form="ns" person="ns" tense="ns" voice="ns"/>
        <text>The student froze during the beginning of her piano recital from an attack of nerves.</text>
        <rel f="">attack</rel>
        <arg f="" n="0">of nerves</arg>
      </example>
      <example name="Arg 0 as &quot;of&quot; PP" src="ON sense 9" type="">
        <inflection aspect="ns" form="ns" person="ns" tense="ns" voice="ns"/>
        <text>The hinge was weakened by an attack of rust.</text>
        <rel f="">attack</rel>
        <arg f="" n="0">of rust</arg>
      </example>
      <example name="With arg2, invented" src="invented" type="">
        <inflection aspect="ns" form="ns" person="ns" tense="ns" voice="ns"/>
        <text>John's attack of capitalism as the root of all evil was not well-accepted at the Republican National Convention.</text>
        <arg f="" n="0">John's</arg>
        <rel f="">attack</rel>
        <arg f="" n="1">of capitalism</arg>
        <arg f="" n="2">as the root of all evil</arg>
      </example>
    </roleset>
  </predicate>
</frameset>
