<!DOCTYPE frameset SYSTEM "frameset.dtd">
<frameset>
  <predicate lemma="attempt">
    <roleset id="attempt.01" name="try">
      <aliases>
        <alias framenet="attempt" pos="n" verbnet="">attempt</alias>
        <alias framenet="Attempt" pos="v" verbnet="">attempt</alias>
        <alias framenet="" pos="l" verbnet="">make_attempt</alias>
      </aliases>
      <note>ATTEMPT-V NOTES: Member of Vncls try-61. Comparison with 'try'. (from attempt.01-v)</note>
      <note>ATTEMPT-N NOTES: Based on sentences in nouns-9998. Comparison to attempt.01-v. VN class try-61. FN class attempt. Framed by Katie. (from attempt.01-n)</note>
      <roles>
        <note>Arg2 'benefactive' might appear. (from attempt.01-v)</note>
        <role descr="Agent/Entity Trying" f="PAG" n="0">
          <vnrole vncls="61" vntheta="Agent"/>
        </role>
        <role descr="thing tried" f="PPT" n="1">
          <vnrole vncls="61" vntheta="Theme"/>
          <vnrole vncls="61" vntheta="Theme"/>
        </role>
      </roles>
      <example name="sentential attempt" src="" type="">
        <text>Mr. Nichol said he was ``extremely disappointed in the continuing deterioration of the company's operations while it attempted to conclude the reorganization during the past four months.''</text>
        <arg f="" n="0">it</arg>
        <rel f="">attempted</rel>
        <arg f="" n="1">to conclude the reorganization during the past four months</arg>
      </example>
      <example name="nominal attempt" src="" type="">
        <text>Investment bankers following UAL agree that the strongest impetus for an eventual deal is that the pilots have been attempting a buy-out for more than two years, and aren't likely to stop, having come so close to success.</text>
        <arg f="" n="0">the pilots</arg>
        <rel f="">attempting</rel>
        <arg f="" n="1">a buy-out</arg>
        <arg f="tmp" n="m">for more than two years</arg>
      </example>
      <example name="both args" src="" type="">
        <text>a management buy-out attempt</text>
        <arg f="" n="0">management</arg>
        <arg f="" n="1">buy-out</arg>
        <rel f="">attempt</rel>
      </example>
      <example name="autogen2" src="" type="">
        <text>an attempt to speed deficit-reduction through Congress</text>
        <rel f="">attempt</rel>
        <arg f="" n="1">to speed deficit-reduction through Congress</arg>
      </example>
      <example name="One more with both args" src="" type="">
        <inflection aspect="ns" form="ns" person="ns" tense="ns" voice="ns"/>
        <text>Congress' attempt to deny the president the funding necessary to execute certain of his duties and prerogatives specified in Article II of the Constitution.</text>
        <arg f="" n="0">Congress'</arg>
        <rel f="">attempt</rel>
        <arg f="" n="1">to deny the president the funding necessary to execute certain of his duties and prerogatives specified in Article II of the Constitution.</arg>
      </example>
    </roleset>
  </predicate>
</frameset>
