<!DOCTYPE frameset SYSTEM "frameset.dtd">
<frameset>
  <predicate lemma="attenuate">
    <roleset id="attenuate.01" name="rarefy">
      <aliases>
        <alias framenet="" pos="v" verbnet="">attenuate</alias>
        <alias framenet="" pos="n" verbnet="">attenuation</alias>
        <alias framenet="" pos="j" verbnet="">attenuated</alias>
      </aliases>
      <note>ATTENUATE-V NOTES: Edited by hwangd (from attenuate.01-v)</note>
      <note>ATTENUATION-N NOTES: attenuate.01 (from attenuation.01-n)</note>
      <roles>
        <role descr="agent, cause" f="PAG" n="0">
          <vnrole vncls="45.4" vntheta="Agent"/>
        </role>
        <role descr="thing lessened" f="PPT" n="1">
          <vnrole vncls="45.4" vntheta="Patient"/>
        </role>
      </roles>
      <example name="attenuate-v: Transitive" src="web usage" type="">
        <text>Regular exercise attenuates the metabolic drive to regain weight</text>
        <arg f="" n="0">Regular exercise</arg>
        <rel f="">attenuates</rel>
        <arg f="" n="1">the metabolic drive to regain weight</arg>
      </example>
      <example name="attenuate-v: Intransitive" src="web usage" type="">
        <text>The BAA response attenuated over the treatment period.</text>
        <arg f="" n="1">The BAA response</arg>
        <rel f="">attenuates</rel>
        <arg f="tmp" n="m">over the treatment period</arg>
      </example>
      <example name="attenuation-n: Both args" src="" type="">
        <inflection aspect="ns" form="ns" person="ns" tense="ns" voice="ns"/>
        <text>AV411 has been shown to be a toll-like receptor 4 functional antagonist that may contribute to its attenuation of neuroinfloammation.</text>
        <arg f="" n="0">its</arg>
        <rel f="">attenuation</rel>
        <arg f="" n="1">of neuroinflammation</arg>
      </example>
    </roleset>
  </predicate>
</frameset>
