<!DOCTYPE frameset SYSTEM "frameset.dtd">
<frameset>
  <predicate lemma="attend">
    <roleset id="attend.01" name="belong with or at, going to">
      <aliases>
        <alias framenet="" pos="v" verbnet="">attend</alias>
      </aliases>
      <note>ATTEND-V NOTES: Frames file for 'attend' based on sentences in financial subcorpus. (from attend.01-v)</note>
      <roles>
        <role descr="thing attending" f="pag" n="0"/>
        <role descr="thing attended" f="ppt" n="1"/>
      </roles>
      <example name="attend school" src="" type="">
        <text>Even though he is nearly 25, John still attends kindergarten.</text>
        <arg f="adv" n="m">Even though he is nearly 25</arg>
        <arg f="" n="0">John</arg>
        <arg f="tmp" n="m">still</arg>
        <rel f="">attends</rel>
        <arg f="" n="1">kindergarten</arg>
      </example>
      <example name="intransitive" src="" type="">
        <text>Some 500 investors representing investor clubs from around the U.S. were attending when the market started to slide Friday.</text>
        <arg f="" n="0">Some 500 investors representing investor clubs from around the U.S.</arg>
        <rel f="">attending</rel>
        <arg f="tmp" n="m">when the market started to slide Friday</arg>
      </example>
      <example name="come along with" src="" type="">
        <text>While many problems would attend a restructuring of Columbia, investors say Mr. Spiegel is mulling such a plan to mitigate Columbia's junk problems.</text>
        <arg f="" n="0">many problems</arg>
        <arg f="mod" n="m">would</arg>
        <rel f="">attend</rel>
        <arg f="" n="1">a restructuring of Columbia</arg>
      </example>
    </roleset>
    <roleset id="attend.02" name="pay close attention to, attend to">
      <aliases>
        <alias framenet="" pos="j" verbnet="">attentive</alias>
        <alias framenet="Attention" pos="n" verbnet="">attention</alias>
        <alias framenet="" pos="l" verbnet="">pay_attention</alias>
        <alias framenet="" pos="v" verbnet="">attend</alias>
        <alias framenet="" pos="n" verbnet="">attending</alias>
      </aliases>
      <note>ATTEND-V NOTES: Added by Julia for unification (from attend.02-v)</note>
      <note>ATTENDING-N NOTES: Based on Thyme and Sharp data. Comparison to attention.01. Fits with VN class peer-30.3. Framed by Katie. (from attending.01-n)</note>
      <note>ATTENTION-N NOTES: Added by Julia based on BOLT. Corresponds to VNcls peer-30.3. (from attention.01-n)</note>
      <note>ATTENTIVE-J NOTES: (from attentive.01-j)</note>
      <roles>
        <role descr="entity paying attention" f="pag" n="0"/>
        <role descr="to what" f="ppt" n="1"/>
      </roles>
      <example name="pre-modifier" src="" type="">
        <inflection aspect="ns" form="ns" person="ns" tense="ns" voice="ns"/>
        <text>Attending physician</text>
        <arg f="" n="0">Attending</arg>
        <rel f="">physician</rel>
      </example>
      <example name="just arg0" src="BOLT" type="">
        <inflection aspect="ns" form="ns" person="ns" tense="ns" voice="ns"/>
        <text>There 's a lot -- well , by linguistics standards , a lot -- of money floating around for doing exactly this , and it sounds like Mosuo is one language that might be saveable if you can bring it to the attention of the appropriate professionals .</text>
        <rel f="">attention</rel>
        <arg f="" n="0">of professionals</arg>
      </example>
      <example name="both args" src="internet" type="">
        <inflection aspect="ns" form="ns" person="ns" tense="ns" voice="ns"/>
        <text>He was attentive to her needs</text>
        <arg f="" n="0">He</arg>
        <rel f="">attentive</rel>
        <arg f="" n="1">to her needs</arg>
      </example>
    </roleset>
  </predicate>
</frameset>
