<!DOCTYPE frameset SYSTEM "frameset.dtd">
<frameset>
  <predicate lemma="attest">
    <roleset id="attest.01" name="to affirm to be correct, indicate">
      <aliases>
        <alias framenet="Evidence Statement" pos="v" verbnet="">attest</alias>
      </aliases>
      <note>ATTEST-V NOTES: Based on WSJ. Member of Vncls conjecture-29.5-2. (from attest.01-v)</note>
      <roles>
        <role descr="attestor, agent" f="PAG" n="0">
          <vnrole vncls="29.5-2" vntheta="Agent"/>
        </role>
        <role descr="thing attested" f="PPT" n="1">
          <vnrole vncls="29.5-2" vntheta="Theme"/>
        </role>
      </roles>
      <example name="transitive" src="" type="">
        <inflection aspect="ns" form="full" person="ns" tense="present" voice="active"/>
        <text>I can attest that a recent Colombian visitor to the U.S. was offered [*-1] drugs three times in the few blocks ' walk between Grand Central Terminal and the Waldorf Astoria Hotel in midtown Manhattan .</text>
        <arg f="" n="0">I</arg>
        <arg f="mod" n="m">can</arg>
        <rel f="">attest</rel>
        <arg f="" n="1">that a recent Colombian visitor to the U.S. was offered [*-1] drugs three times in the few blocks ' walk between Grand Central Terminal and the Waldorf Astoria Hotel in midtown Manhattan</arg>
      </example>
    </roleset>
  </predicate>
</frameset>
