<!DOCTYPE frameset SYSTEM "frameset.dtd">
<frameset>
  <predicate lemma="attire">
    <roleset id="attire.01" name="to put on clothes, decorate">
      <aliases>
        <alias framenet="" pos="v" verbnet="">attire</alias>
      </aliases>
      <note>ATTIRE-V NOTES: Framed by Neville. (from attire.01-v)</note>
      <roles>
        <role descr="person putting on clothes" f="pag" n="0">
          <vnrole vncls="41.3.3" vntheta="agent"/>
        </role>
        <role descr="person wearing clothes" f="ppt" n="1">
          <vnrole vncls="41.3.3" vntheta="theme"/>
        </role>
        <role descr="attribute" f="prd" n="2"/>
      </roles>
      <example name="passive, with Arg2-in(-)" src="" type="">
        <inflection aspect="ns" form="ns" person="ns" tense="ns" voice="ns"/>
        <text>Then [Rector]*-1 , attired [*]in his best blue serge suit , sat in a chair out onthe lawn , in the shade of a tree , [*-1] smoking a cigarette and waiting .</text>
        <rel f="">attired</rel>
        <arg f="" n="1">[*-1]</arg>
        <arg f="in" n="2">in his best blue serge suit</arg>
      </example>
    </roleset>
  </predicate>
</frameset>
