<!DOCTYPE frameset SYSTEM "frameset.dtd">
<frameset>
  <predicate lemma="attract">
    <roleset id="attract.01" name="attract, draw near, stimulating attraction">
      <aliases>
        <alias framenet="Cause_motion" pos="v" verbnet="">attract</alias>
        <alias framenet="" pos="j" verbnet="">attracted</alias>
        <alias framenet="" pos="n" verbnet="">attraction</alias>
        <alias framenet="" pos="j" verbnet="">attractive</alias>
      </aliases>
      <note>ATTRACT-V NOTES: Frames file for 'attract' based on financial subcorpus; adjectival 'attracted' based on BOLT-4,5; adjectival 'attractive' based on BOLT-6. Updated thanks to examples found by Kate. (from attract.01-v)</note>
      <note>ATTRACTION-N NOTES: Roleset based on verb entry attract.01, OntoNotes grouping senses 1, 4,&amp; 5; no mapping to VN. Framed by Claire. (from attraction.01-n)</note>
      <note>ATTRACTIVE-J NOTES: Added by Julia based on BOLT. (from attractive.01-j)</note>
      <note>ATTRACTED-J NOTES: Automatically created by Julia as an alias file for unification. (from attracted.01-j)</note>
      <roles>
        <note>arg2 not grammatical with adjectiv 'attracted'. (from attract.01-v) Use arg0 for 'attractive' entity. (from attractive.01-j)</note>
        <role descr="attractor" f="pag" n="0"/>
        <role descr="thing attracted" f="ppt" n="1"/>
        <role descr="thing attracted to, if separate from attractor" f="gol" n="2"/>
        <role descr="instrument, if separate from attractor" f="mnr" n="3"/>
      </roles>
      <example name="attract-v: basic transitive" src="" type="">
        <text>That attracts attention.</text>
        <arg f="" n="0">That</arg>
        <rel f="">attracts</rel>
        <arg f="" n="1">attention</arg>
      </example>
      <example name="attract-v: with secondary attractor" src="" type="">
        <text>A free market with a profit motive will attract each investor to the liquidity and risks he can tolerate.</text>
        <arg f="" n="0">A free market with a profit motive</arg>
        <arg f="mod" n="m">will</arg>
        <rel f="">attract</rel>
        <arg f="" n="1">each investor</arg>
        <arg f="" n="2">to the liquidity and risks he can tolerate</arg>
      </example>
      <example name="attract-v: with instrument" src="" type="">
        <text>John attracts flies with his goaty boy smell.</text>
        <arg f="" n="0">John</arg>
        <rel f="">attracts</rel>
        <arg f="" n="1">flies</arg>
        <arg f="" n="3">with his goaty boy smell</arg>
      </example>
      <example name="attraction-n: Args 1 &amp; 2" src="ON sense 1" type="">
        <text>The physics teacher demonstrated the attraction of iron filings to a magnet.</text>
        <rel f="">attraction</rel>
        <arg f="" n="1">of iron fillings</arg>
        <arg f="" n="2">to a magnet</arg>
      </example>
      <example name="attraction-n: Arg0 and MNR" src="ON sense 4" type="">
        <text>People wear perfume to enhance their sexual attraction.</text>
        <arg f="" n="0">their</arg>
        <arg f="mnr" n="m">sexual</arg>
        <rel f="">attraction</rel>
      </example>
      <example name="attraction-n: Args 1, 2, and EXT" src="ON sense 4" type="">
        <inflection aspect="ns" form="ns" person="ns" tense="ns" voice="ns"/>
        <text>His deep attraction to dangerous thrills has gotten him into trouble on occasion.</text>
        <arg f="" n="1">His</arg>
        <arg f="ext" n="m">deep</arg>
        <rel f="">attraction</rel>
        <arg f="" n="2">to dangerous thrills</arg>
      </example>
      <example name="attraction-n: Args 0, 1, 2 and TMP" src="ON sense 5" type="">
        <inflection aspect="ns" form="ns" person="ns" tense="ns" voice="ns"/>
        <text>The child's constant attraction of attention to himself began to annoy us.</text>
        <arg f="" n="0">child's</arg>
        <arg f="tmp" n="m">constant</arg>
        <rel f="">attraction</rel>
        <arg f="" n="1">of attention</arg>
        <arg f="" n="2">to himself</arg>
      </example>
      <example name="attraction-n: With arg 3, invented" src="invented" type="">
        <inflection aspect="ns" form="ns" person="ns" tense="ns" voice="ns"/>
        <text>Mary's attraction of John with Chanel No. 5 perfume was not surprising considering that was his grandmother's signature scent.</text>
        <arg f="" n="0">Mary's</arg>
        <rel f="">attraction</rel>
        <arg f="" n="1">of John</arg>
        <arg f="" n="3">with Chanel No. 5 perfume</arg>
      </example>
      <example name="attracted-j: attractor in obj position" src="" type="">
        <text>[British Air]-2 was originally attracted *trace*-2 to the chance of obtaining a 15% stake in the company, but wasn't particularly happy with paying $750 million.</text>
        <arg f="tmp" n="m">originally</arg>
        <rel f="">attracted</rel>
        <arg f="" n="1">*trace*-2</arg>
        <arg f="" n="0">to the chance of obtaining a 15% stake in the company</arg>
      </example>
      <example name="attracted-j" src="BOLT-4,5" type="">
        <inflection aspect="ns" form="ns" person="ns" tense="ns" voice="ns"/>
        <text>it seems strange when-1 I am physically attracted to men [*-1]?</text>
        <arg f="" n="1">I</arg>
        <arg f="mnr" n="m">physically</arg>
        <rel f="">attracted</rel>
        <arg f="" n="0">to men</arg>
        <arg f="tmp" n="m">[*-1]</arg>
      </example>
      <example name="attractive-j" src="BOLT-6" type="">
        <inflection aspect="ns" form="ns" person="ns" tense="ns" voice="ns"/>
        <text>Teacher salaries are very high , is that so ? If there comes a day when everyone will become a teacher [ by hook or by crook | sharpen their heads ] , = as popular as the civil servants of today , that will mean that teachers are really attractive .</text>
        <arg f="" n="0">teachers</arg>
        <arg f="ext" n="m">really</arg>
        <rel f="">attractive</rel>
      </example>
      <example name="attractive-j" src="" type="">
        <inflection aspect="ns" form="ns" person="ns" tense="ns" voice="ns"/>
        <text>It 's just so aggravating when-1 she is n't very attractive *T*-1 . I like that picture too</text>
        <arg f="" n="0">she</arg>
        <arg f="neg" n="m">n't</arg>
        <rel f="">attractive</rel>
        <arg f="tmp" n="m">*T*-1</arg>
      </example>
    </roleset>
  </predicate>
</frameset>
