<!DOCTYPE frameset SYSTEM "frameset.dtd">
<frameset>
  <predicate lemma="attribute">
    <roleset id="attribute.01" name="assign attribution to">
      <aliases>
        <alias framenet="" pos="v" verbnet="">attribute</alias>
      </aliases>
      <note>ATTRIBUTE-V NOTES: This might be the only verb (so far) where the attribute comes beforethe entity with the attribute. Curious.(from attribute.01-v)</note>
      <roles>
        <role descr="attributor" f="pag" n="0"/>
        <role descr="thing attributed, attribute" f="ppt" n="1"/>
        <role descr="attributed to (benefactive?)" f="gol" n="2"/>
      </roles>
      <example name="typical usage" src="" type="">
        <text>Mr. Hahn attributes the gains to the philosophy of concentrating on what a company knows best.</text>
        <arg f="" n="0">Mr. Hahn</arg>
        <rel f="">attributes</rel>
        <arg f="" n="1">the gains</arg>
        <arg f="" n="2">to the philosophy of concentrating on what a company knows best.</arg>
      </example>
    </roleset>
  </predicate>
  <predicate lemma="attributable">
    <roleset id="attributable.02" name="able to be attributed to">
      <aliases>
        <alias framenet="" pos="j" verbnet="">attributable</alias>
      </aliases>
      <note>ATTRIBUTABLE-J NOTES: Based on Thyme data. Comaparison to attribute.01-v. (from attributable.01-j)</note>
      <roles>
        <role descr="attributor" f="pag" n="0"/>
        <role descr="thing attributed, attribute" f="ppt" n="1"/>
        <role descr="attributed to (benefactive?)" f="gol" n="2"/>
      </roles>
      <example name="typical usage" src="" type="">
        <text>He finds "misuse of the offending term attributable to spurious erudition on the part of the writers combined with scientific illiteracyon the part of copy editors."</text>
        <arg f="" n="1">misuse of the offending term</arg>
        <rel f="">attributable</rel>
        <arg f="" n="2">to spurious erudition on the part of the writers combined with scientific illiteracy on the part of the copy editors</arg>
      </example>
    </roleset>
  </predicate>
</frameset>
