<!DOCTYPE frameset SYSTEM "frameset.dtd">
<frameset>
  <predicate lemma="attune">
    <roleset id="attune.01" name="to bring into accord">
      <aliases>
        <alias framenet="" pos="v" verbnet="">attune</alias>
      </aliases>
      <note>ATTUNE-V NOTES: Frame created by Claire (from attune.01-v)</note>
      <roles>
        <role descr="causer" f="pag" n="0"/>
        <role descr="entity adjusted, attuned" f="ppt" n="1"/>
        <role descr="attuned to what?" f="gol" n="2"/>
      </roles>
      <example name="Descriptive Usage" src="" type="">
        <text>A brisk, amusing man, apparently constructed * on an ingenious system ofspring-joints attuned *none* to the same peppery rhythm as his mind...</text>
        <rel f="">attuned</rel>
        <arg f="" n="1">* -- an ingeniuos system of spring-joints</arg>
        <arg f="" n="2">to the same peppery rhythm as his mind</arg>
      </example>
    </roleset>
  </predicate>
</frameset>
