<!DOCTYPE frameset SYSTEM "frameset.dtd">
<frameset>
  <predicate lemma="atypical">
    <roleset id="atypical.01" name="not usual">
      <aliases>
        <alias framenet="" pos="j" verbnet="">atypical</alias>
      </aliases>
      <note>ATYPICAL-J NOTES: Relation to 'typical.01'. (from atypical.01-j)</note>
      <roles>
        <role descr="usual thing" f="pag" n="1"/>
        <role descr="entity arg1 is typical for/of" f="ppt" n="2"/>
      </roles>
      <example name="both args" src="SHARP" type="">
        <inflection aspect="ns" form="ns" person="ns" tense="ns" voice="ns"/>
        <text>Its appearance also atypical for simple atherosclerosis .</text>
        <arg f="" n="1">Its</arg>
        <arg f="dis" n="m">also</arg>
        <rel f="">typical</rel>
        <arg f="" n="2">for simple atherosclerosis</arg>
      </example>
    </roleset>
  </predicate>
</frameset>
