<!DOCTYPE frameset SYSTEM "frameset.dtd">
<frameset>
  <predicate lemma="auction_off">
    <roleset id="auction_off.01" name="sell at auction">
      <aliases>
        <alias framenet="" pos="v" verbnet="">auction_off</alias>
        <alias framenet="" pos="n" verbnet="">auction</alias>
      </aliases>
      <note>AUCTION_OFF-V NOTES: Frames file for 'auction' based on sentences in financial subcorpus. (from auction.01-v predicate notes)</note>
      <note>AUCTION-N NOTES: Roleset based on verb entry auction.01, OntoNotes grouping auction-n senses 1&amp; 3; maps to VN class price-54.4. Framed by Claire. (from auction.01-n)</note>
      <roles>
        <note>highest bidder/buyer will definitely occur at some point; I'm not sureabout price and benefactive though. (from auction.01-v)
As with verb frame, beneficiary arg seems unlikely. (from auction.01-n)</note>
        <role descr="seller" f="pag" n="0"/>
        <role descr="sold" f="ppt" n="1"/>
        <role descr="highest bidder (recipient)" f="gol" n="2"/>
        <role descr="Price Paid" f="vsp" n="3"/>
        <role descr="Benefactive" f="vsp" n="4"/>
      </roles>
      <example name="just transitive" src="" type="">
        <inflection aspect="ns" form="infinitive" person="ns" tense="ns" voice="ns"/>
        <text>Indeed. Recently, [the trust]-1 failed *trace*-1 to auction off the paper mill, a bank, an office building and a small cotton-ginning plant.</text>
        <arg f="" n="0">*trace*-1</arg>
        <rel f="">[ auction] [ off]</rel>
        <arg f="" n="1">the paper mill, a bank, an office building and a small cotton-ginning plant</arg>
      </example>
      <example name="Arg0 and TMP" src="NomBank Frames" type="">
        <text>Mr. Payson , an art dealer and collector , sold Vincent van Gogh's `` Irises '' at a Sotheby 's auction in November 1987 toAustralian businessman Alan Bond .</text>
        <arg f="" n="0">Sotheby 's</arg>
        <rel f="">auction</rel>
        <arg f="tmp" n="m">in November 1987</arg>
      </example>
      <example name="Args 0 &amp; 1" src="NomBank Frames" type="">
        <text>Sotheby 's auction of the Linda and Gerald Guterman collection inNew York</text>
        <arg f="" n="0">Sotheby 's</arg>
        <rel f="">auction</rel>
        <arg f="" n="1">of the Linda and Gerald Guterman collection in New York</arg>
      </example>
      <example name="Arg0 and TMP" src="ON sense 1" type="">
        <inflection aspect="ns" form="ns" person="ns" tense="ns" voice="ns"/>
        <text>Their firm buys government notes at the monthly auction of the Treasury Department.</text>
        <arg f="tmp" n="m">monthly</arg>
        <rel f="">auction</rel>
        <arg f="" n="0">of the Treasury Department</arg>
      </example>
      <example name="Arg 1 &amp; 3" src="web" type="">
        <inflection aspect="ns" form="ns" person="ns" tense="ns" voice="ns"/>
        <text>A recent example is the auction of a cheese sandwich for thousands of dollars because it contained a supposed likeness of the Virgin Mary.</text>
        <rel f="">auction</rel>
        <arg f="" n="1">of a cheese sandwich</arg>
        <arg f="" n="3">for thousands of dollars</arg>
      </example>
      <example name="Args 1 &amp; 2" src="web" type="">
        <inflection aspect="ns" form="ns" person="ns" tense="ns" voice="ns"/>
        <text>But in 1991, when the government of Orissa proposed a leasing policy that would have resulted in the auction of leases to the highest bidder...</text>
        <rel f="">auction</rel>
        <arg f="" n="1">of leases</arg>
        <arg f="" n="2">to the highest bidder</arg>
      </example>
    </roleset>
  </predicate>
  <predicate lemma="auction">
    <roleset id="auction.02" name="sell at auction, no particle">
      <aliases>
        <alias framenet="" pos="v" verbnet="">auction</alias>
      </aliases>
      <note>AUCTION-V NOTES: VerbNet class price-54.4. (from auction.02-v)</note>
      <roles>
        <note>highest bidder/buyer will definitely occur at some point; I'm not sureabout price and benefactive though. (from auction.02-v)</note>
        <role descr="seller" f="pag" n="0">
          <vnrole vncls="54.4" vntheta="agent"/>
        </role>
        <role descr="sold" f="ppt" n="1">
          <vnrole vncls="54.4" vntheta="theme"/>
        </role>
        <role descr="highest bidder (recipient)" f="gol" n="2"/>
        <role descr="Price Paid" f="vsp" n="3">
          <vnrole vncls="54.4" vntheta="value"/>
        </role>
        <role descr="Benefactive" f="vsp" n="4"/>
      </roles>
      <example name="just transitive" src="" type="">
        <inflection aspect="ns" form="infinitive" person="ns" tense="ns" voice="ns"/>
        <text>Indeed. Recently, [the trust]-1 failed *trace*-1 to auction the paper mill, a bank, an office building and a small cotton-ginning plant.</text>
        <arg f="" n="0">*trace*-1</arg>
        <rel f="">auction</rel>
        <arg f="" n="1">the paper mill, a bank, an office building and a small cotton-ginning plant</arg>
      </example>
    </roleset>
  </predicate>
</frameset>
