<!DOCTYPE frameset SYSTEM "frameset.dtd">
<frameset>
  <predicate lemma="audacious">
    <roleset id="audacious.01" name="bold, brazen">
      <aliases>
        <alias framenet="Daring" pos="j" verbnet="">audacious</alias>
      </aliases>
      <note>AUDACIOUS-J NOTES: Added by Julia based on BOLT-7. (from audacious.01-j)</note>
      <roles>
        <role descr="bold entity/action (may require concatenation)" f="ppt" n="1"/>
      </roles>
      <example name="arg1" src="BOLT-7" type="">
        <inflection aspect="ns" form="ns" person="ns" tense="ns" voice="ns"/>
        <text>In this case , " I am a Secretary of the Committee for Discipline Inspection " used his own official title as a " magic weapon " for committing violence without scruples ; he was really audacious and foolish .</text>
        <arg f="" n="1">he</arg>
        <arg f="adv" n="m">really</arg>
        <rel f="">audacious</rel>
      </example>
      <example name="concatenation" src="BOLT-7" type="">
        <inflection aspect="ns" form="ns" person="ns" tense="ns" voice="ns"/>
        <text>He was audacious to recognize publicly the Valera Project which contained the signatures of Cubans inside Cuba asking for a referendum for free and fair elections.</text>
        <arg f="" n="1">[He] [to recognize publicly the Valera Project which contained the signatures of Cubans inside Cuba asking for a referendum for free and fair election]</arg>
        <rel f="">audacious</rel>
      </example>
    </roleset>
  </predicate>
</frameset>
