<!DOCTYPE frameset SYSTEM "frameset.dtd">
<frameset>
  <predicate lemma="audition">
    <roleset id="audition.01" name="try to get a role">
      <aliases>
        <alias framenet="" pos="v" verbnet="">audition</alias>
        <alias framenet="" pos="n" verbnet="">audition</alias>
      </aliases>
      <note>AUDITION-V NOTES: Arg2 seems rarer, to me. (from audition.01-v)</note>
      <note>AUDITION-N NOTES: Added by Julia based on BOLT, audition-v.01. No VNcls. (from audition.01-n)</note>
      <roles>
        <role descr="auditionee" f="pag" n="0"/>
        <role descr="role" f="ppt" n="1"/>
        <role descr="casting agency" f="com" n="2"/>
      </roles>
      <example name="intransitive" src="" type="">
        <inflection aspect="ns" form="full" person="ns" tense="present" voice="active"/>
        <text>Well, they can now go and audition there.</text>
        <arg f="dis" n="m">Well</arg>
        <arg f="" n="0">they</arg>
        <arg f="mod" n="m">can</arg>
        <arg f="tmp" n="m">now</arg>
        <rel f="">audition</rel>
        <arg f="loc" n="m">there</arg>
      </example>
      <example name="all args" src="" type="">
        <inflection aspect="ns" form="full" person="ns" tense="past" voice="active"/>
        <text>John auditioned with the local community theatre for the role of Bottom.</text>
        <arg f="" n="0">John</arg>
        <rel f="">auditioned</rel>
        <arg f="" n="2">with the local community theatre</arg>
        <arg f="" n="1">for the role of Bottom</arg>
      </example>
      <example name="arg 1" src="BOLT" type="">
        <inflection aspect="ns" form="ns" person="ns" tense="ns" voice="ns"/>
        <text>Personally , I never hear where auditions for Idol will be held , but maybe I 'm not paying attention to that since I would n't qualify , and I do n't live near a city where auditions might take place .</text>
        <rel f="">auditions</rel>
        <arg f="" n="1">for Idol</arg>
      </example>
      <example name="args 0, 2" src="internet" type="">
        <inflection aspect="ns" form="ns" person="ns" tense="ns" voice="ns"/>
        <text>For his audition with Murray Campbell, Jack was to play Ray Brown's solo 'One Bass Hit'.</text>
        <arg f="" n="0">his</arg>
        <rel f="">audition</rel>
        <arg f="" n="2">with Murray Campbell</arg>
      </example>
    </roleset>
  </predicate>
  <predicate lemma="audible">
    <roleset id="audible.02" name="able to be heard">
      <aliases>
        <alias framenet="" pos="j" verbnet="">audible</alias>
      </aliases>
      <note>AUDIBLE-J NOTES: Added by Julia based on SHARP-SRED (from audible.01-j)</note>
      <roles>
        <role descr="hearer" f="pag" n="0"/>
        <role descr="thing that can be heard" f="ppt" n="1"/>
      </roles>
      <example name="both args" src="internet" type="">
        <inflection aspect="ns" form="ns" person="ns" tense="ns" voice="ns"/>
        <text>Phil made sure to yell loud enough so that he was audible to his friends</text>
        <arg f="" n="1">he</arg>
        <rel f="">audible</rel>
        <arg f="" n="0">to his friends</arg>
      </example>
    </roleset>
  </predicate>
</frameset>
