<!DOCTYPE frameset SYSTEM "frameset.dtd">
<frameset>
  <predicate lemma="audit">
    <roleset id="audit.01" name="assess">
      <aliases>
        <alias framenet="" pos="n" verbnet="">audit</alias>
        <alias framenet="" pos="v" verbnet="">audit</alias>
      </aliases>
      <note>AUDIT-V NOTES: Verbnet class assessment-34.1 (from audit.01-v)</note>
      <note>AUDIT-N NOTES: (from audit.01-n)</note>
      <roles>
        <role descr="auditor" f="PAG" n="0">
          <vnrole vncls="34.1" vntheta="Agent"/>
        </role>
        <role descr="audited" f="PPT" n="1">
          <vnrole vncls="34.1" vntheta="Theme"/>
        </role>
      </roles>
      <example name="death and taxes" src="" type="">
        <text>The Illinois Supreme Court ordered [the commission]-2 *trace* -2 to audit Commonwealth Edison's construction expenses and refund any unreasonable expenses.</text>
        <arg f="" n="0">*trace*-2</arg>
        <rel f="">audit</rel>
        <arg f="" n="1">Commonwealth Edison's construction expenses</arg>
      </example>
      <example name="arg1" src="on499-nouns-be" type="">
        <text>On the morning of the crash , he had been put on notice that an audit committee was recommending his dismissal because of invoicing irregularities in a company audit .</text>
        <arg f="" n="1">company</arg>
        <rel f="">audit</rel>
      </example>
      <example name="arg0" src="" type="">
        <inflection aspect="ns" form="ns" person="ns" tense="ns" voice="ns"/>
        <text>The administration of federal credit should closely parallel private lending practices , including the development of a loan loss reserve and regular outside audits .</text>
        <arg f="adj" n="m">regular</arg>
        <arg f="" n="0">outside</arg>
        <rel f="">audits</rel>
      </example>
    </roleset>
  </predicate>
</frameset>
