<!DOCTYPE frameset SYSTEM "frameset.dtd">
<frameset>
  <predicate lemma="augment">
    <roleset id="augment.01" name="to increase, supplement">
      <aliases>
        <alias framenet="Cause_expansion" pos="n" verbnet="">augmentation</alias>
        <alias framenet="" pos="v" verbnet="">augment</alias>
      </aliases>
      <note>AUGMENT-V NOTES: Based on WSJ. Member of VNcls other_cos-45.4. (from augment.01-v)</note>
      <note>AUGMENTATION-N NOTES: Based on augment-v.01. Corresponds to VNcls other_cos-45.4. (from augmentation.01-n)</note>
      <roles>
        <role descr="augmentor, agent" f="PAG" n="0">
          <vnrole vncls="45.4" vntheta="Agent"/>
        </role>
        <role descr="entity augmented" f="PPT" n="1">
          <vnrole vncls="45.4" vntheta="Patient"/>
        </role>
        <role descr="augmented with/by; the augment itself" f="ppt" n="2"/>
      </roles>
      <example name="transitive" src="" type="">
        <inflection aspect="ns" form="full" person="ns" tense="future" voice="active"/>
        <text>`` We will support it , we will thank him , and we will augment it where appropriate , '' said [*T*-1] Rep. Vic Fazio ( D. , Calif . ) .</text>
        <arg f="" n="0">we</arg>
        <arg f="mod" n="m">will</arg>
        <rel f="">augment</rel>
        <arg f="" n="1">it</arg>
        <arg f="loc" n="m">where appropriate</arg>
      </example>
      <example name="transitive with ARG2" src="" type="">
        <text>We will augment your salary by $10,000 per annum</text>
        <arg f="" n="0">we</arg>
        <arg f="mod" n="m">will</arg>
        <rel f="">augment</rel>
        <arg f="" n="1">your salary</arg>
        <arg f="" n="2">by $10,000 per annum</arg>
      </example>
      <example name="another arg2" src="" type="">
        <inflection aspect="ns" form="ns" person="ns" tense="ns" voice="ns"/>
        <text>To give this patient the best result Dr. Pousti augmented her breasts with silicone implants and performed an extended tummy tuck on her.</text>
        <arg f="prp" n="m">To give this patient the best result</arg>
        <arg f="" n="0">Dr. Pousti</arg>
        <rel f="">augmented</rel>
        <arg f="" n="1">her breasts</arg>
        <arg f="" n="2">with silicone implants</arg>
      </example>
      <example name="args 0 and 1" src="" type="">
        <inflection aspect="ns" form="ns" person="ns" tense="ns" voice="ns"/>
        <text>He still wants posterity to revere and remember him, as is indicated by his augmentation of Walton's written account of his tale.</text>
        <arg f="" n="0">his</arg>
        <rel f="">augmentation</rel>
        <arg f="" n="1">of Walton's written account of his tale</arg>
      </example>
      <example name="args 1 and 2" src="" type="">
        <inflection aspect="ns" form="ns" person="ns" tense="ns" voice="ns"/>
        <text>the augmentation of your salary by $10,000 per annum</text>
        <rel f="">augmentation</rel>
        <arg f="" n="1">of your salary</arg>
        <arg f="" n="2">by $10,000 per anum</arg>
      </example>
      <example name="another arg2" src="" type="">
        <inflection aspect="ns" form="ns" person="ns" tense="ns" voice="ns"/>
        <text>This woman desired an augmentation of her breasts with saline breast implants.</text>
        <rel f="">augmentation</rel>
        <arg f="" n="1">of her breasts</arg>
        <arg f="" n="2">with saline breast implants</arg>
      </example>
    </roleset>
  </predicate>
</frameset>
