<!DOCTYPE frameset SYSTEM "frameset.dtd">
<frameset>
  <predicate lemma="auguster">
    <roleset id="auguster.01" name="movement, interstellar?">
      <aliases>
        <alias framenet="" pos="v" verbnet="">auguster</alias>
      </aliases>
      <note>AUGUSTER-V NOTES: Roleset based on instances in ON-miss. Framed by Claire. No VerbNet entry; can't find this verb in any dictionaries. (from auguster.01-v)</note>
      <roles>
        <role descr="thing in motion" f="ppt" n="1"/>
        <role descr="destination" f="gol" n="2"/>
      </roles>
      <example name="only example...ever?" src="" type="">
        <inflection aspect="ns" form="ns" person="ns" tense="ns" voice="ns"/>
        <text>Now , it will auguster into the surface of the Red Planet and put those samples into various scientific instruments .</text>
        <arg f="tmp" n="m">Now</arg>
        <arg f="" n="1">it</arg>
        <arg f="mod" n="m">will</arg>
        <rel f="">auguster</rel>
        <arg f="" n="2">into the surface of the Red Planet</arg>
      </example>
    </roleset>
  </predicate>
</frameset>
