<!DOCTYPE frameset SYSTEM "frameset.dtd">
<frameset>
  <predicate lemma="augur">
    <roleset id="augur.01" name="foretell or be an omen of a future event">
      <aliases>
        <alias framenet="Omen" pos="v" verbnet="">augur</alias>
      </aliases>
      <note>AUGUR-V NOTES: augur: Frames file for 'augur' based on sentences in Webtext2.5-2. No VN entry. (from augur.01-v)</note>
      <roles>
        <role descr="omen, thing foretelling future event" f="pag" n="0"/>
        <role descr="thing prophecied" f="ppt" n="1"/>
        <role descr="recipient, hearer" f="gol" n="2"/>
      </roles>
      <example name="Transitive, Args 0 &amp; 1" src="" type="">
        <inflection aspect="ns" form="ns" person="ns" tense="ns" voice="ns"/>
        <text>As for the United States, this will augur low exchange rates for the U.S. dollar.</text>
        <arg f="adv" n="m">As for the United States</arg>
        <arg f="" n="0">this</arg>
        <arg f="mod" n="m">will</arg>
        <rel f="">augur</rel>
        <arg f="" n="1">low exchange rates for the U.S. dollar</arg>
      </example>
    </roleset>
  </predicate>
</frameset>
