<!DOCTYPE frameset SYSTEM "frameset.dtd">
<frameset>
  <predicate lemma="auscultate">
    <roleset id="auscultate.01" name="listen to internal organs, listening to internal organs using stethoscope">
      <aliases>
        <alias framenet="" pos="n" verbnet="">auscultation</alias>
        <alias framenet="" pos="v" verbnet="">auscultate</alias>
      </aliases>
      <note>AUSCULTATE-V NOTES: Based on temprel and stratified data. Comparison to auscultation. No VN or FN classes. Framed by Katie. (from auscultate.01-v)</note>
      <note>AUSCULTATION-N NOTES: (from auscultation.01-n)</note>
      <roles>
        <role descr="listener" f="pag" n="0"/>
        <role descr="listened to (sound/organ/patient)" f="ppt" n="1"/>
      </roles>
      <example name="arg 1 only" src="" type="">
        <inflection aspect="ns" form="ns" person="ns" tense="ns" voice="ns"/>
        <text>[No murmers, gallops or extra sounds -1] auscultated [*-1].</text>
        <rel f="">auscultated</rel>
        <arg f="" n="1">[*-1].</arg>
      </example>
      <example name="All args" src="" type="">
        <inflection aspect="ns" form="ns" person="ns" tense="ns" voice="ns"/>
        <text>A 23 year-old, healthy Caucasian male was referred for an echocardiogram by his primary care physician who suspected the presence of a prolapsing mitral valve, based on his auscultation of a midsystolic click.</text>
        <arg f="" n="0">his</arg>
        <rel f="">auscultation</rel>
        <arg f="" n="1">of a mid-systolic click</arg>
      </example>
    </roleset>
  </predicate>
</frameset>
