<!DOCTYPE frameset SYSTEM "frameset.dtd">
<frameset>
  <predicate lemma="authorize">
    <roleset id="authorize.01" name="allow, grant permission">
      <aliases>
        <alias framenet="" pos="v" verbnet="">authorize</alias>
        <alias framenet="" pos="n" verbnet="">authorization</alias>
      </aliases>
      <note>AUTHORIZE-V NOTES: Note that the subordinate agent can be passivized: "The railroadcompany was authorized to buy back..." This justifies splitting thesubordinate S. (from authorize.01-v)</note>
      <note>AUTHORIZATION-N NOTES: Added due to expansion of Nombank. Comparison to 'authorize.01' No VN class. Framed by Katie. (from authorization.01-n)</note>
      <roles>
        <role descr="allower" f="pag" n="0"/>
        <role descr="action allowed" f="prd" n="1"/>
        <role descr="explicit allowed-agent" f="ppt" n="2"/>
        <role descr="purpose" f="prp" n="3"/>
      </roles>
      <example name="just transitive" src="" type="">
        <text>Rymer Foods Inc. said its board authorized the purchase of as many as 500,000 of its common stock purchase warrants at a price of $4 a warrant.</text>
        <arg f="" n="0">its board</arg>
        <rel f="">authorized</rel>
        <arg f="" n="1">the purchase of as many as 500,000 of its common stock purchase warrants at a price of $4 a warrant</arg>
      </example>
      <example name="agent and action" src="" type="">
        <text>Norfolk Southern Corp. directors authorized the railroad company to buy back as many as 45 million of its shares, which would have a current value of more than $1.7 billion.</text>
        <arg f="" n="0">Norfolk Southern Corp. directors</arg>
        <rel f="">authorized</rel>
        <arg f="" n="2">the railroad company</arg>
        <arg f="" n="1">to buy back as many as 45 million of its shares, which would have a current value of more than $1.7 billion</arg>
      </example>
      <example name="with purpose" src="" type="">
        <text>[An additional 299,000 shares]-1 are authorized *trace*-1 for repurchase under an earlier stock buy-back program.</text>
        <rel f="">authorized</rel>
        <arg f="" n="1">*trace*-1</arg>
        <arg f="" n="3">for repurchase</arg>
        <arg f="loc" n="m">under an earlier stock buy-back program</arg>
      </example>
      <example name="arg 1" src="" type="">
        <inflection aspect="ns" form="ns" person="ns" tense="ns" voice="ns"/>
        <text>gives an authorization [*ich*-1] to every Israeli soldier [to commit murder]-1</text>
        <rel f="">authorization</rel>
        <arg f="" n="1">[*ich*-1]</arg>
      </example>
      <example name="Noun not used with a light verb" src="" type="">
        <inflection aspect="ns" form="ns" person="ns" tense="ns" voice="ns"/>
        <text>The authorization of Taiwan-area residents</text>
        <rel f="">authorization</rel>
        <arg f="" n="2">of Taiwan-area residents</arg>
      </example>
      <example name="arg 1 only" src="" type="">
        <inflection aspect="ns" form="ns" person="ns" tense="ns" voice="ns"/>
        <text>authorization to carry out a campaign to beautify Hsia Street.</text>
        <rel f="">authorize</rel>
        <arg f="" n="1">to carry out a campaign to beautify Hsia Street.</arg>
      </example>
      <example name="with purpose" src="" type="">
        <inflection aspect="ns" form="ns" person="ns" tense="ns" voice="ns"/>
        <text>$4.5 million authorization for a health center in South Carolina</text>
        <arg f="" n="1">$4.5 million</arg>
        <rel f="">authorization</rel>
        <arg f="" n="3">for a health center in South Carolina</arg>
      </example>
    </roleset>
  </predicate>
</frameset>
