<!DOCTYPE frameset SYSTEM "frameset.dtd">
<frameset>
  <predicate lemma="author">
    <roleset id="author.01" name="to write or construct">
      <aliases>
        <alias framenet="Text_creation" pos="v" verbnet="">author</alias>
      </aliases>
      <note>AUTHOR-V NOTES: No Vncls. (from author.01-v)</note>
      <roles>
        <role descr="author, agent" f="pag" n="0"/>
        <role descr="text authored" f="ppt" n="1"/>
      </roles>
      <example name="passive" src="" type="">
        <inflection aspect="ns" form="participle" person="ns" tense="ns" voice="passive"/>
        <text>Although [the proposal]*-2 , authored [*-2]by Mr. Packwood and Sen. William Roth ( R. , Del. ) , appears [*-1] to have general backing by Republicans , their votes are n't sufficient [*] to pass it .</text>
        <rel f="">authored</rel>
        <arg f="" n="1">[*-2}</arg>
        <arg f="" n="0">by Mr. Packwood and Sen. William Roth ( R. , Del. )</arg>
      </example>
    </roleset>
  </predicate>
</frameset>
