<!DOCTYPE frameset SYSTEM "frameset.dtd">
<frameset>
  <predicate lemma="authoritarian">
    <roleset id="authoritarian.01" name="tyrranical">
      <aliases>
        <alias framenet="Strictness" pos="j" verbnet="">authoritarian</alias>
      </aliases>
      <note>AUTHORITARIAN-J NOTES: Added by Julia based on BOLT-7. (from authoritarian.01-j)</note>
      <roles>
        <role descr="tyranical entity/action (may require concatenation)" f="ppt" n="1"/>
      </roles>
      <example name="arg1" src="BOLT-7" type="">
        <inflection aspect="ns" form="ns" person="ns" tense="ns" voice="ns"/>
        <text>When the basic conditions are lacking and mainland China and Taiwan call out loudly about characteristics , both of them are -LRB--LRB- authoritarian -RRB--RRB- . = What else can they be ?</text>
        <arg f="" n="1">both of them</arg>
        <rel f="">authoritarian</rel>
      </example>
    </roleset>
  </predicate>
</frameset>
