<!DOCTYPE frameset SYSTEM "frameset.dtd">
<frameset>
  <predicate lemma="authenticate">
    <roleset id="authenticate.01" name="provide proof that a document is authentic">
      <aliases>
        <alias framenet="" pos="v" verbnet="">authenticate</alias>
        <alias framenet="" pos="n" verbnet="">authentication</alias>
      </aliases>
      <note>AUTHENTICATE-V NOTES: Frame by Claire based on sentences in ULA Brown; nominal 'authentication' based on BOLT-7. No Verbnet entry, comparison with 'verify.' (from authenticate.01-v)</note>
      <note>AUTHENTICATION-N NOTES: Automatically created by Julia as an alias file for unification. (from authentication.01-n)</note>
      <roles>
        <role descr="verifier" f="pag" n="0"/>
        <role descr="entity authenticated" f="ppt" n="1"/>
      </roles>
      <example name="authenticate-v: Transmissions" src="" type="">
        <text>And no messages can be transmitted on these circuits until senders andreceivers authenticate in advance by special codes that the messagesactually come from their purported sources.</text>
        <arg f="" n="0">senders and receivers</arg>
        <rel f="">authenticate</rel>
        <arg f="tmp" n="m">in advance</arg>
        <arg f="mnr" n="m">by special codes</arg>
        <arg f="" n="1">that the messages actually come from their purportedsources</arg>
      </example>
      <example name="authentication-n" src="internet" type="">
        <inflection aspect="ns" form="ns" person="ns" tense="ns" voice="ns"/>
        <text>Biro told me that his request for millions of dollars from the Parkers came after he had finished his authentication of their painting.</text>
        <arg f="" n="0">his</arg>
        <rel f="">authentication</rel>
        <arg f="" n="1">of their painting</arg>
      </example>
    </roleset>
  </predicate>
  <predicate lemma="authentic">
    <roleset id="authentic.02" name="the real deal, genuine">
      <aliases>
        <alias framenet="" pos="j" verbnet="">authentic</alias>
      </aliases>
      <note>AUTHENTIC-J NOTES: Added by Julia based on BOLT. Relation to 'authenticate', but not unified. (from authentic.01-j)</note>
      <roles>
        <role descr="real entity (concatenation may be required)" f="ppt" n="1"/>
      </roles>
      <example name="authentic-j: arg1" src="bolt" type="">
        <inflection aspect="ns" form="ns" person="ns" tense="ns" voice="ns"/>
        <text>And the thing that makes Me lucky is how incredibly dedicated and authentic her love for me is</text>
        <rel f="">authentic</rel>
        <arg f="" n="1">her love for me</arg>
      </example>
    </roleset>
  </predicate>
</frameset>
