<!DOCTYPE frameset SYSTEM "frameset.dtd">
<frameset>
  <predicate lemma="automate">
    <roleset id="automate.01" name="to make automatic">
      <aliases>
        <alias framenet="" pos="v" verbnet="">automate</alias>
        <alias framenet="" pos="n" verbnet="">automation</alias>
      </aliases>
      <note>AUTOMATE-V NOTES: No Vncls. (from automate.01-v)</note>
      <note>AUTOMATION-N NOTES: (from automation.01-n)</note>
      <roles>
        <role descr="causer of automation, agent" f="PAG" n="0"/>
        <role descr="entity automated" f="PPT" n="1"/>
      </roles>
      <example name="transitive" src="" type="">
        <inflection aspect="ns" form="gerund" person="ns" tense="present" voice="active"/>
        <text>Olivetti also plans to sell the CP486 computer in the U.S. starting next year through Olivetti USA and through its ISC\/Bunker Ramo unit , which specializes in [*-3] automating bank-branch networks .</text>
        <arg f="" n="0">[*-3]</arg>
        <rel f="">automating</rel>
        <arg f="" n="1">bank-branch networks</arg>
      </example>
      <example name="args 0, 1" src="on499-nouns-be" type="">
        <inflection aspect="ns" form="ns" person="ns" tense="ns" voice="ns"/>
        <text>The Wangma Computer Company , a high science and technology enterprise in Beijing 's Zhongguan village , held a press conference in the Great Hall Of the People on January 4th and announced : to meet urgent demands for office automation of all Party departments , the government and the army , it was decided to " open " a whole set of top - quality products of Wangma Software , which can profit more than one million yuan , to the home , all in the way to non-encoded floppy disks , exempting technical fees , so that all domestic computer users can copy and use .</text>
        <arg f="" n="1">office</arg>
        <rel f="">automation</rel>
        <arg f="" n="0">of all Party departments , the government and the army</arg>
      </example>
    </roleset>
  </predicate>
</frameset>
