<!DOCTYPE frameset SYSTEM "frameset.dtd">
<frameset>
  <predicate lemma="autorefraction">
    <roleset id="autorefraction.01" name="automatically measure refraction">
      <aliases>
        <alias framenet="" pos="n" verbnet="">autorefraction</alias>
      </aliases>
      <note>AUTOREFRACTION-N NOTES: Based on Sharp data. Slight comparison to refration. No VN or FN classes. Framed by Katie. (from autorefraction.01-n)</note>
      <roles>
        <role descr="giver of test, doctor" f="pag" n="0"/>
        <role descr="patient, eye, deflector of light" f="ppt" n="1"/>
        <role descr="explicit mention of machine used, instrument" f="mnr" n="2"/>
      </roles>
      <example name="args 0 and 1" src="" type="">
        <inflection aspect="ns" form="ns" person="ns" tense="ns" voice="ns"/>
        <text>His autorefraction of the eye was quite exact from a technical perspective.</text>
        <arg f="" n="0">His</arg>
        <rel f="">autorefraction</rel>
        <arg f="" n="1">of the eye</arg>
      </example>
    </roleset>
  </predicate>
</frameset>
