<!DOCTYPE frameset SYSTEM "frameset.dtd">
<frameset>
  <predicate lemma="autoreinvest">
    <roleset id="autoreinvest.01" name="put $ into an investment, again, automatically">
      <aliases>
        <alias framenet="" pos="v" verbnet="">autoreinvest</alias>
      </aliases>
      <note>AUTOREINVEST-V NOTES: Added by Julia based on BOLT, reinvest.01. No VNcls. (from autoreinvest.01-v)</note>
      <roles>
        <role descr="investor" f="PAG" n="0"/>
        <role descr="invested" f="ppt" n="1"/>
        <role descr="invested in what" f="gol" n="2"/>
      </roles>
      <example name="just arg1" src="BOLT" type="">
        <inflection aspect="ns" form="ns" person="ns" tense="ns" voice="ns"/>
        <text>[All divis]-1 auto reinvested *-1 .</text>
        <rel f="">[auto] [reinvested]</rel>
        <arg f="" n="1">*-1</arg>
      </example>
    </roleset>
  </predicate>
</frameset>
