<!DOCTYPE frameset SYSTEM "frameset.dtd">
<frameset>
  <predicate lemma="autonomous">
    <roleset id="autonomous.01" name="independent, self-ruling">
      <aliases>
        <alias framenet="" pos="j" verbnet="">autonomous</alias>
      </aliases>
      <note>AUTONOMOUS-J NOTES: (from autonomous.01-j)</note>
      <roles>
        <role descr="entity in control" f="pag" n="0"/>
        <role descr="control over what" f="ppt" n="1"/>
      </roles>
      <example name="arg0" src="BOLT-4,5" type="">
        <inflection aspect="ns" form="ns" person="ns" tense="ns" voice="ns"/>
        <text>3 -RRB- He 's autonomous and needs a LOT of space .</text>
        <arg f="" n="0">He</arg>
        <rel f="">autonomous</rel>
      </example>
      <example name="both args; Netherlands Antilles" src="internet" type="">
        <inflection aspect="ns" form="ns" person="ns" tense="ns" voice="ns"/>
        <text>However, like European Netherlands and Aruba it is autonomous over internal affairs and the three are constitutionally equal.</text>
        <arg f="dis" n="m">However</arg>
        <arg f="mnr" n="m">like European Netherlands and Aruba</arg>
        <arg f="" n="0">it</arg>
        <rel f="">autonomous</rel>
        <arg f="" n="1">over internal affairs</arg>
      </example>
    </roleset>
  </predicate>
</frameset>
