<!DOCTYPE frameset SYSTEM "frameset.dtd">
<frameset>
  <predicate lemma="autoanticoagulate">
    <roleset id="autoanticoagulate.01" name="be prevented from coagulating">
      <aliases>
        <alias framenet="" pos="v" verbnet="">autoanticoagulate</alias>
        <alias framenet="" pos="n" verbnet="">autoanticoagulation</alias>
      </aliases>
      <note>AUTOANTICOAGULATION-N NOTES: Based on temprel 5 data. Comparison to coagulate.01. Framed by Katie. (from autoanticoagulation.01-n)</note>
      <note>AUTOANTICOAGULATE-V NOTES: Automatically added alias.</note>
      <roles>
        <role descr="&quot;auto&quot;, causer of coagulation prevention (should be rare)" f="PAG" n="0"/>
        <role descr="entity lacking coagulation" f="PPT" n="1"/>
      </roles>
      <example name="with arg 1" src="" type="">
        <inflection aspect="ns" form="ns" person="ns" tense="ns" voice="ns"/>
        <text>Canine autoanticoagulation</text>
        <arg f="" n="1">Canine</arg>
        <rel f="">autoanticoagulation</rel>
      </example>
    </roleset>
  </predicate>
</frameset>
