<!DOCTYPE frameset SYSTEM "frameset.dtd">
<frameset>
  <predicate lemma="autopsy">
    <roleset id="autopsy.01" name="perform a post-mortem dissection in search of cause of death">
      <aliases>
        <alias framenet="" pos="v" verbnet="">autopsy</alias>
      </aliases>
      <note>AUTOPSY-V NOTES: Added by Julia based on Brown corpus. No Vncls. Comparison to 'probe'. (from autopsy.01-v)</note>
      <roles>
        <role descr="agent, entity performing or responsible for autopsy" f="pag" n="0"/>
        <role descr="the body" f="ppt" n="1"/>
        <role descr="in search of" f="prp" n="2"/>
      </roles>
      <example name="with arg2" src="internet" type="-">
        <inflection aspect="ns" form="participle" person="third" tense="past" voice="passive"/>
        <text>[Twenty-two]-1 patients were autopsied *trace*-1 for brain damage.</text>
        <arg f="" n="1">*trace*-1: [Twenty-two patients]</arg>
        <rel f="">autopsied</rel>
        <arg f="" n="2">for brain damage</arg>
      </example>
      <example name="dead winos take all args" src="Brown" type="-">
        <inflection aspect="ns" form="full" person="third" tense="future" voice="active"/>
        <text>hey find dead winos every day , maybe they wo n't even autopsy him for the cause of death '' .</text>
        <arg f="adv" n="m">maybe</arg>
        <arg f="" n="0">they</arg>
        <arg f="mod" n="m">wo</arg>
        <arg f="neg" n="m">n't</arg>
        <arg f="adv" n="m">even</arg>
        <rel f="">autopsy</rel>
        <arg f="" n="1">him</arg>
        <arg f="" n="2">for the cause of death</arg>
      </example>
    </roleset>
  </predicate>
</frameset>
