<!DOCTYPE frameset SYSTEM "frameset.dtd">
<frameset>
  <predicate lemma="autograph">
    <roleset id="autograph.01" name="to sign">
      <aliases>
        <alias framenet="" pos="v" verbnet="">autograph</alias>
      </aliases>
      <note>AUTOGRAPH-V NOTES: Frames file for 'autograph' based on survey of sentences in the WSJ corpus. (from autograph.01-v predicate notes)</note>
      <roles>
        <role descr="celebrity, autographer, agent" f="PAG" n="0">
          <vnrole vncls="25.3" vntheta="Agent"/>
        </role>
        <role descr="entity autographed" f="PPT" n="1">
          <vnrole vncls="25.3" vntheta="Theme"/>
        </role>
      </roles>
      <example name="passive" src="" type="">
        <inflection aspect="ns" form="infinitive" person="ns" tense="ns" voice="passive"/>
        <text>`` I feel like a little kid , '' says a gleeful Alex de Castro , a car salesman , who has stopped by a workout of the Suns to slip six Campaneris cards to the Great Man Himself [0] [*T*-4]to be autographed [*-30] .</text>
        <rel f="">autographed</rel>
        <arg f="" n="1">[*-30] (= *T*-4 = [0])</arg>
        <arg f="slc" n="m">[0] -&gt; six Campaneris cards</arg>
      </example>
    </roleset>
  </predicate>
</frameset>
