<!DOCTYPE frameset SYSTEM "frameset.dtd">
<frameset>
  <predicate lemma="autotitrate">
    <roleset id="autotitrate.01" name="automatically calculate the amount of a constituent in a solution">
      <aliases>
        <alias framenet="" pos="n" verbnet="">autotitration</alias>
        <alias framenet="" pos="v" verbnet="">autotitrate</alias>
      </aliases>
      <note>AUTOTITRATE-V NOTES: Based on medical data. Comparison to titrate.01. No VN class. Framed by Katie. (from autotitrate.01-v)</note>
      <note>AUTOTITRATION-N NOTES: Based on Sharp data. Comparison to autotitrate.01. No VN or FN classes. Framed by Katie. (from autotitration.01-n)</note>
      <roles>
        <role descr="measurer" f="pag" n="0"/>
        <role descr="chemical/drugs (occasionally disease or condition)" f="ppt" n="1"/>
        <role descr="starting point before titration" f="dir" n="2"/>
        <role descr="end point after titration" f="gol" n="3"/>
      </roles>
      <example name="VBG usage" src="" type="">
        <inflection aspect="ns" form="ns" person="ns" tense="ns" voice="ns"/>
        <text>an autotitrating CPAP machine</text>
        <rel f="">autotitrating</rel>
        <arg f="" n="1">CPAP</arg>
        <arg f="" n="0">machine</arg>
      </example>
      <example name="arg 0 can be the machine" src="" type="">
        <inflection aspect="ns" form="ns" person="ns" tense="ns" voice="ns"/>
        <text>His CPAP autotitration machine</text>
        <arg f="gol" n="m">His</arg>
        <arg f="" n="1">CPAP</arg>
        <rel f="">autotitration</rel>
        <arg f="" n="0">machine</arg>
      </example>
    </roleset>
  </predicate>
</frameset>
