<!DOCTYPE frameset SYSTEM "frameset.dtd">
<frameset>
  <predicate lemma="avail">
    <roleset id="avail.01" name="provide, often 'take advantage of'">
      <aliases>
        <alias framenet="Using" pos="v" verbnet="">avail</alias>
      </aliases>
      <note>AVAIL-V NOTES: Frames file for 'avail' based on sentences in brown. (from avail.01-v predicate notes)</note>
      <roles>
        <role descr="one providing, taking advantage, includes causes" f="pag" n="0"/>
        <role descr="recipient" f="gol" n="1"/>
        <role descr="thing provided, taken advantage of" f="ppt" n="2"/>
      </roles>
      <example name="avail-v: typical usage" src="" type="">
        <inflection aspect="progressive" form="participle" person="ns" tense="present" voice="active"/>
        <text>I'm not giving you a chance, Bill, but availing myself of your generous offer of assistance.</text>
        <arg f="" n="0">I</arg>
        <rel f="">availing</rel>
        <arg f="rec" n="1">myself</arg>
        <arg f="" n="2">of your generous offer of assistance</arg>
      </example>
      <example name="avail-v: without reflexive" src="" type="">
        <inflection aspect="ns" form="full" person="ns" tense="future" voice="active"/>
        <text>Furthermore -- and this, to me, strikes an especially warming note -- it shall avail the vandals naught [*] to throw away or dispose of their loot.</text>
        <rel f="">avail</rel>
        <arg f="" n="1">the vandals</arg>
        <arg f="" n="2">naught</arg>
        <arg f="" n="0">[*] to throw away or dispose of their loot</arg>
      </example>
    </roleset>
  </predicate>
  <predicate lemma="available">
    <roleset id="available.02" name="ready for use">
      <aliases>
        <alias framenet="" pos="j" verbnet="">available</alias>
      </aliases>
      <note>AVAILABLE-J NOTES: Added by Julia based on WSJ data, relation to avail-v.01. (from available.01-j)</note>
      <roles>
        <role descr="available to whom/what? entity having access to arg2" f="gol" n="1"/>
        <role descr="thing that is available" f="ppt" n="2"/>
      </roles>
      <example name="available-j: args 1, 2" src="web" type="">
        <inflection aspect="ns" form="ns" person="ns" tense="ns" voice="ns"/>
        <text>He was available to us for meetings before the wedding and happy to do so.</text>
        <arg f="" n="2">He</arg>
        <rel f="">available</rel>
        <arg f="" n="1">to us</arg>
        <arg f="prp" n="m">for meetings before the wedding</arg>
      </example>
    </roleset>
  </predicate>
</frameset>
