<!DOCTYPE frameset SYSTEM "frameset.dtd">
<frameset>
  <predicate lemma="avalanche">
    <roleset id="avalanche.01" name="natural disaster: snowslide">
      <aliases>
        <alias framenet="" pos="v" verbnet="">avalanche</alias>
        <alias framenet="" pos="n" verbnet="">avalanche</alias>
      </aliases>
      <note>AVALANCHE-N NOTES: Added by Julia in a natral disaster frame endeavor. (from avalanche.01-n)</note>
      <note>AVALANCHE-V NOTES: Automatically added alias.</note>
      <roles>
        <note>The "VSP" function tags on 'death/injury toll' and 'damages/cost' correspond to the RED cause relation.</note>
        <role descr="snow (may incl. type: loose, slab, powder, wet)" f="ppt" n="1"/>
        <role descr="volume/weight" f="ext" n="2"/>
        <role descr="casualties/injuries" f="vsp" n="3"/>
        <role descr="damages/costs" f="vsp" n="4"/>
      </roles>
      <example name="avalanche-n" src="" type="">
        <inflection aspect="ns" form="ns" person="ns" tense="ns" voice="ns"/>
        <text>To find out why a peaceful snowy mountainside suddenly turns into a 300 mph (500 kph) avalanche, researchers at Montana State University Bozeman allow themselves to be buried alive time after time in a little shed in the Bridger Mountains.</text>
        <arg f="adj" n="m">a 300 mph (500 kph) </arg>
        <rel f="">avalanche</rel>
      </example>
      <example name="avalanche-n" src="" type="">
        <inflection aspect="ns" form="ns" person="ns" tense="ns" voice="ns"/>
        <text>Separately, a main Hurunui road has been closed after a 15-tonne avalanche yesterday.</text>
        <arg f="" n="2">15-tonne</arg>
        <rel f="">avalanche</rel>
        <arg f="tmp" n="m">yesterday</arg>
      </example>
      <example name="avalanche-n" src="" type="">
        <inflection aspect="ns" form="ns" person="ns" tense="ns" voice="ns"/>
        <text>Just got a call at work from the rescue center about an avalanche with 1 dead and 1 missing.</text>
        <rel f="">avalanche</rel>
        <arg f="" n="3">with 1 dead and 1 missing</arg>
      </example>
    </roleset>
  </predicate>
</frameset>
