<!DOCTYPE frameset SYSTEM "frameset.dtd">
<frameset>
  <predicate lemma="avenge">
    <roleset id="avenge.01" name="to take revenge for a perceived wrong">
      <aliases>
        <alias framenet="Revenge" pos="v" verbnet="">avenge</alias>
      </aliases>
      <note>AVENGE-V NOTES: No Vncls. (from avenge.01-v)</note>
      <roles>
        <role descr="avenger, agent" f="PAG" n="0"/>
        <role descr="a perceived wrong" f="PPT" n="1"/>
      </roles>
      <example name="transitive" src="" type="">
        <inflection aspect="ns" form="infinitive" person="ns" tense="ns" voice="active"/>
        <text>Gunmen in Lebanon assassinated a Saudi Arabian Embassy employee , and the pro-Iranian Islamic Jihad took responsibility for the slaying [0] [*T*-1]to avenge the beheading of 16 terrorists by Riyadh 's government in September .</text>
        <arg f="slc" n="m">[0] -&gt; the slaying</arg>
        <arg f="" n="0">[*T*-1] (= [0])</arg>
        <rel f="">avenge</rel>
        <arg f="" n="1">the beheading of 16 terrorists by Riyadh 's government in September</arg>
      </example>
    </roleset>
  </predicate>
</frameset>
