<!DOCTYPE frameset SYSTEM "frameset.dtd">
<frameset>
  <predicate lemma="average">
    <roleset id="average.01" name="to amount to or come to an average, compute an average, calculating/finding/creating a mean, median or mode, computed mean">
      <aliases>
        <alias framenet="" pos="n" verbnet="">averaging</alias>
        <alias framenet="" pos="v" verbnet="">average</alias>
      <alias framenet="" pos="n" verbnet="">average</alias>
</aliases>
      
      
      <roles>
        <role descr="agent, person computing the average" f="pag" n="0">
          <vnrole vncls="108-3" vntheta="agent"/>
        </role>
        <role descr="average(d) entity" f="ppt" n="1">
          <vnrole vncls="108-3" vntheta="theme"/>
        </role>
        <role descr="numerical value of the average (or whatever final form it takes)" f="vsp" n="2"/>
        <role descr="scale" f="vsp" n="3"/>
      </roles>
      <example name="average-v: non-agentive" src="" type="">
        <inflection aspect="ns" form="full" person="ns" tense="past" voice="active"/>
        <text>In October , the busiest month of the year so far , daily volume averaged roughly 145 million shares .</text>
        <arg f="tmp" n="m">In October , the busiest month of the year so far ,</arg>
        <arg f="" n="1">daily volume</arg>
        <rel f="">averaged</rel>
        <arg f="" n="2">roughly 145 million shares</arg>
      </example>
      <example name="average-v: with Arg3" src="" type="">
        <inflection aspect="ns" form="participle" person="ns" tense="present" voice="active"/>
        <text>The Manhattan U.S. attorney 's office stressed [criminal cases]*-1 from 1980 to 1987 , [*-1]averaging 43 for every 100,000 adults .</text>
        <arg f="" n="1">[*-1]</arg>
        <rel f="">averaging</rel>
        <arg f="" n="2">43</arg>
        <arg f="" n="3">for every 100,000 adults</arg>
      </example>
      <example name="average-v: agentive" src="" type="">
        <inflection aspect="ns" form="full" person="ns" tense="past" voice="active"/>
        <text>On the civil side , the Manhattan prosecutor filed an average of only 11 cases for every 100,000 adults during the same period ; the San Francisco U.S. attorney averaged 79 .</text>
        <arg f="" n="1">the San Francisco U.S. attorney</arg>
        <rel f="">averaged</rel>
        <arg f="" n="2">79</arg>
      </example>
      <example name="average-v: transitive" src="" type="">
        <inflection aspect="ns" form="infinitive" person="ns" tense="ns" voice="active"/>
        <text>That is in part because of the effect of [*]-2 having [*-2]to average the number of shares outstanding , she said [0] [*T*-1] .</text>
        <arg f="" n="0">[*-2]</arg>
        <rel f="">average</rel>
        <arg f="" n="1">the number of shares outstanding</arg>
      </example>
      <example name="averaging-n: financial strategy. Arg1" src="BOLT" type="">
        <inflection aspect="ns" form="ns" person="ns" tense="ns" voice="ns"/>
        <text>Read up on Pound Cost Averaging .</text>
        <arg f="" n="1">Pound Cost</arg>
        <rel f="">Averaging</rel>
      </example>
    <note>AVERAGE-V NOTES: Frames file for 'average' based on WSJ. Member of Vncls multiply-108-3. (from average.01-v)

AVERAGING-N NOTES: Added by Julia based on BOLT, average.01. Corresponds to VNcls multiply-108-3. (from averaging.01-n)</note>
</roleset>
    <roleset id="average.03" name="having a normal skill level">
      <aliases>
        <alias framenet="" pos="j" verbnet="">average</alias>
      </aliases>
      
      <roles>
        <role descr="moderately skilled entity" f="pag" n="1"/>
        <role descr="skill" f="ppt" n="2"/>
      </roles>
      <example name="average-j: both args" src="internet" type="">
        <inflection aspect="ns" form="ns" person="ns" tense="ns" voice="ns"/>
        <text>The first is a master a gaming, the latter is average at doing all things.</text>
        <arg f="" n="1">the latter</arg>
        <rel f="">average</rel>
        <arg f="" n="2">at doing all things</arg>
      </example>
    <note>AVERAGE-J NOTES: Added by Julia. (from average.02-j)</note>
</roleset>
    <roleset id="average.04" name="normal, in the range of mean, meadian or mode">
      <aliases>
        <alias framenet="Desirability Typicality" pos="j" verbnet="">average</alias>
      </aliases>
      
      <roles>
        <role descr="agent of computation" f="pag" n="0"/>
        <role descr="average entity" f="ppt" n="1"/>
        <role descr="numerical value" f="vsp" n="2"/>
        <role descr="scale" f="vsp" n="3"/>
      </roles>
      <example name="average-j:  arg1" src="BOLT-7" type="">
        <inflection aspect="ns" form="ns" person="ns" tense="ns" voice="ns"/>
        <text>By the time we get them , their effect and value will only be average .</text>
        <arg f="tmp" n="m">By the time we get them</arg>
        <arg f="" n="1">their effect and value</arg>
        <arg f="mod" n="m">will</arg>
        <arg f="adv" n="m">only</arg>
        <rel f="">average</rel>
      </example>
    <note>AVERAGE-J NOTES: Added by Julia based on average-v.01. (from average.01-j)</note>
</roleset>
  </predicate>
  <predicate lemma="averaging">
    <roleset id="averaging.02" name="experiencing or having an average">
      <aliases>
        <alias framenet="" pos="n" verbnet="">averaging</alias>
      </aliases>
      
      <roles>
        <role descr="entity having the average" f="ppt" n="0"/>
        <role descr="value, average" f="ext" n="1"/>
        <role descr="domain of the average" f="vsp" n="2"/>
      </roles>
      <example name="averaging-n: all args" src="" type="">
        <inflection aspect="ns" form="ns" person="ns" tense="ns" voice="ns"/>
        <text>his averaging a 220 at bowling</text>
        <arg f="" n="0">his</arg>
        <rel f="">averaging</rel>
        <arg f="" n="1">a 220</arg>
        <arg f="" n="2">at bowling</arg>
      </example>
    <note>AVERAGING-N NOTES: Added by Julia. No VNcls. (from averaging.02-n)</note>
</roleset>
  </predicate>
</frameset>
