<!DOCTYPE frameset SYSTEM "frameset.dtd">
<frameset>
  <predicate lemma="aversion">
    <roleset id="aversion.01" name="dislike, turn away from">
      <aliases>
        <alias framenet="" pos="n" verbnet="">averseness</alias>
        <alias framenet="" pos="j" verbnet="">averseness</alias>
        <alias framenet="" pos="n" verbnet="">aversion</alias>
      </aliases>
      <note>AVERSION-N NOTES: Based on Sharp data. No comparison. No VN or FN classes. Framed by Katie. (from aversion.01-n)</note>
      <note>AVERSENESS-N NOTES: Automatically added alias.</note>
      <note>AVERSENESS-J NOTES: Automatically added alias.</note>
      <roles>
        <role descr="entity disprefering something" f="pag" n="0"/>
        <role descr="thing being avoided" f="ppt" n="1"/>
      </roles>
      <example name="both args" src="" type="">
        <inflection aspect="ns" form="ns" person="ns" tense="ns" voice="ns"/>
        <text>His aversion to IV antibiotics is due to the claim that it "gets in the way".</text>
        <arg f="" n="0">His</arg>
        <rel f="">aversion</rel>
        <arg f="" n="1">to IV antibiotics</arg>
      </example>
    </roleset>
  </predicate>
</frameset>
