<!DOCTYPE frameset SYSTEM "frameset.dtd">
<frameset>
  <predicate lemma="aver">
    <roleset id="aver.01" name="assert to be true">
      <aliases>
        <alias framenet="Statement" pos="v" verbnet="">aver</alias>
      </aliases>
      <note>AVER-V NOTES: Based on WSJ. VN updated by Julia, 9/2010. Member of Vncls conjecture-29.5-2. (from aver.01-v)</note>
      <roles>
        <role descr="agent, speaker" f="PAG" n="0">
          <vnrole vncls="29.5-2" vntheta="Agent"/>
        </role>
        <role descr="proposition held to be true" f="PPT" n="1">
          <vnrole vncls="29.5-2" vntheta="Theme"/>
        </role>
      </roles>
      <example name="here a hapax, there a hapax..." src="" type="">
        <inflection aspect="ns" form="full" person="ns" tense="past" voice="active"/>
        <text>Globe columnist Mike Barnicle -- in the second attack on his employer in as many weeks -- averred that his shadowy countenance was so bad, it looked ``like a face you'd find on a bottle of miracle elixir that promises to do away with diarrhea in our lifetime.''</text>
        <arg f="" n="0">Globe columnist Mike Barnicle</arg>
        <rel f="">averred</rel>
        <arg f="" n="1">that his shadowy countenance was so bad, it looked ``like a face you'd find on a bottle of miracle elixir that promises to do away with diarrhea in our lifetime</arg>
      </example>
    </roleset>
  </predicate>
</frameset>
