<!DOCTYPE frameset SYSTEM "frameset.dtd">
<frameset>
  <predicate lemma="avert">
    <roleset id="avert.01" name="stop, prevent, move away from, avoid">
      <aliases>
        <alias framenet="Preventing" pos="v" verbnet="">avert</alias>
      </aliases>
      <note>AVERT-V NOTES: No verbnet entry. Comparison with 'prevent'. (from avert.01-v)</note>
      <roles>
        <role descr="stopper, Agent" f="pag" n="0"/>
        <role descr="Theme (action or object being prevented)" f="ppt" n="1"/>
        <role descr="thing being avoided" f="dir" n="2"/>
        <role descr="instrument" f="mnr" n="3"/>
      </roles>
      <example name="just transitive" src="" type="">
        <text>Subcontractors will be offered a settlement and [a swift transition to new management]-1 is expected *trace*-1 to avert an exodus of skilled workers from Waertsilae Marine's two big shipyards, government officials said.</text>
        <arg f="" n="0">*trace*-1</arg>
        <rel f="">avert</rel>
        <arg f="" n="1">an exodus of skilled workers from Waertsilae Marine's two big shipyards</arg>
      </example>
      <example name="with arg2" src="" type="">
        <text>John averted his gaze from Mary's overwhelming beauty.</text>
        <arg f="" n="0">John</arg>
        <rel f="">averted</rel>
        <arg f="" n="1">his gaze</arg>
        <arg f="" n="2">from Mary's overwhelming beauty</arg>
      </example>
    </roleset>
  </predicate>
</frameset>
