<!DOCTYPE frameset SYSTEM "frameset.dtd">
<frameset>
  <predicate lemma="aviation">
    <roleset id="aviation.01" name="fly an aircraft">
      <aliases>
        <alias framenet="" pos="n" verbnet="">aviation</alias>
      </aliases>
      <note>AVIATION-N NOTES: Based on ontonotes nouns. Comparison with fly.01. No VN or FN classes. Framed by Katie. (from aviation.01-n)</note>
      <roles>
        <role descr="agent, one flying the plane" f="pag" n="0"/>
        <role descr="aircraft" f="ppt" n="1"/>
        <role descr="passanger, one riding but not flying the plane" f="gol" n="2"/>
      </roles>
      <example name="this is arg 0 because the civilians are flying the planes" src="" type="">
        <text>Civil aiviation and air force transport</text>
        <arg f="" n="0">Civil</arg>
        <rel f="">aviation</rel>
      </example>
    </roleset>
  </predicate>
</frameset>
