<!DOCTYPE frameset SYSTEM "frameset.dtd">
<frameset>
  <predicate lemma="avidity">
    <roleset id="avidity.01" name="eagerness for, have an eagerness for">
      <aliases>
        <alias framenet="" pos="j" verbnet="">avid</alias>
        <alias framenet="" pos="n" verbnet="">avidity</alias>
        <alias framenet="" pos="j" verbnet="">avidity</alias>
      </aliases>
      <note>AVIDITY-J NOTES: Based on Thyme and Sharp data. No comparison. No VN or FN classes. Framed by Katie. (from avidity.01-j)</note>
      <note>AVID-J NOTES: Based on medical notes. Comparison with avidity.01-j. Framed by Katie. (from avid.01-j)</note>
      <note>AVIDITY-N NOTES: Based on Thyme and Sharp data. No comparison. No VN or FN classes. Framed by Katie. (from avidity.01-n)</note>
      <roles>
        <role descr="eager entity" f="pag" n="0"/>
        <role descr="eager for" f="ppt" n="1"/>
      </roles>
      <example name="normal example" src="" type="">
        <inflection aspect="ns" form="ns" person="ns" tense="ns" voice="ns"/>
        <text>avidity for learning</text>
        <rel f="">avidity</rel>
        <arg f="" n="1">for learning</arg>
      </example>
      <example name="medical example" src="" type="">
        <inflection aspect="ns" form="ns" person="ns" tense="ns" voice="ns"/>
        <text>A left pelvic lymph node was also PET avid</text>
        <arg f="" n="0">A left pelvic lymph node</arg>
        <arg f="dis" n="m">also</arg>
        <arg f="" n="1">PET</arg>
        <rel f="">avid</rel>
      </example>
      <example name="both args" src="" type="">
        <inflection aspect="ns" form="ns" person="ns" tense="ns" voice="ns"/>
        <text>four lesions are PET-avid</text>
        <arg f="" n="0">four lesions</arg>
        <arg f="" n="1">PET</arg>
        <rel f="">avid</rel>
      </example>
      <example name="normal example" src="" type="">
        <inflection aspect="ns" form="ns" person="ns" tense="ns" voice="ns"/>
        <text>avidity for learning</text>
        <rel f="">avidity</rel>
        <arg f="" n="1">for learning</arg>
      </example>
    </roleset>
  </predicate>
</frameset>
