<!DOCTYPE frameset SYSTEM "frameset.dtd">
<frameset>
  <predicate lemma="avoid">
    <roleset id="avoid.01" name="stay away from">
      <aliases>
        <alias framenet="Avoiding Preventing" pos="v" verbnet="">avoid</alias>
      </aliases>
      <note>AVOID-V NOTES: Member of Vncls avoid-52. (from avoid.01-v)</note>
      <roles>
        <role descr="avoider" f="PAG" n="0">
          <vnrole vncls="52" vntheta="Agent"/>
        </role>
        <role descr="thing avoided" f="PPT" n="1">
          <vnrole vncls="52" vntheta="Theme"/>
        </role>
      </roles>
      <example name="NP thing avoided" src="" type="">
        <text>[She]-2 wanted *trace*-2 to avoid the morale-damaging public disclosure that a trial would bring.</text>
        <arg f="" n="0">*trace*-2</arg>
        <rel f="">avoid</rel>
        <arg f="" n="1">the morale-damaging public disclosure that a trial would bring.</arg>
      </example>
      <example name="S thing avoided" src="" type="">
        <text>[Mr. Stoll]-1 wanted *trace-1* to avoid *trace-2* arousing suspicion.</text>
        <arg f="" n="0">*trace-1*</arg>
        <rel f="">avoid</rel>
        <arg f="" n="1">*trace-2* arousing suspicion</arg>
      </example>
    </roleset>
  </predicate>
</frameset>
