<!DOCTYPE frameset SYSTEM "frameset.dtd">
<frameset>
  <predicate lemma="avulse">
    <roleset id="avulse.101" name="tear away">
      <aliases>
        <alias framenet="" pos="n" verbnet="">avulsion</alias>
        <alias framenet="" pos="v" verbnet="">avulse</alias>
      </aliases>
      <note>AVULSE-V NOTES: Based on medical QA corpus (Framed by Anwen 07/19/10) (from avulse.101-v predicate notes)</note>
      <note>AVULSION-N NOTES: Based on Thyme and Sharp data. Comparison to avulse.01 and seperate.01. No VN class. Framed by Katie. (from avulsion.01-n)</note>
      <roles>
        <role descr="Agent" f="PAG" n="0"/>
        <role descr="Body part, object" f="PPT" n="1"/>
      </roles>
      <example name="" src="" type="">
        <inflection aspect="ns" form="ns" person="ns" tense="ns" voice="ns"/>
        <text>The man partially avulsed his fingernail in a snow blower accident.</text>
        <arg f="" n="0">The man</arg>
        <arg f="ext" n="m">partially</arg>
        <rel f="">avulsed</rel>
        <arg f="" n="1">his fingernail</arg>
        <arg f="mnr" n="m">in a snow blower accident</arg>
      </example>
      <example name="Arg 1" src="" type="">
        <inflection aspect="ns" form="ns" person="ns" tense="ns" voice="ns"/>
        <text>subsequent bone avulsion</text>
        <arg f="tmp" n="m">subsequent</arg>
        <arg f="" n="1">bone</arg>
        <rel f="">avulsion</rel>
      </example>
      <example name="with dir" src="" type="">
        <inflection aspect="ns" form="ns" person="ns" tense="ns" voice="ns"/>
        <text>small avulsion of bone from the fibular head</text>
        <arg f="adj" n="m">small</arg>
        <rel f="">avulsion</rel>
        <arg f="" n="1">of bone</arg>
        <arg f="dir" n="m">from the fibular head</arg>
      </example>
    </roleset>
  </predicate>
</frameset>
