<!DOCTYPE frameset SYSTEM "frameset.dtd">
<frameset>
  <predicate lemma="await">
    <roleset id="await.01" name="wait for">
      <aliases>
        <alias framenet="" pos="v" verbnet="">await</alias>
      </aliases>
      <note>AWAIT-V NOTES: Frames file for 'await' based on sentences in financial subcorpus. No access to verbnet. Comparison to 'wait'. (from await.01-v predicate notes)</note>
      <roles>
        <role descr="wait-er (not waiter, that's a different sense)" f="ppt" n="1"/>
        <role descr="thing waited for" f="ppt" n="2"/>
        <role descr="period of time waited through" f="tmp" n="m"/>
      </roles>
      <example name="typical usage" src="" type="">
        <text>Trading is expected to remain subdued as the market awaits tomorrow's release of the jobs data with the hope that it will point toward a decline in interest rates.</text>
        <arg f="" n="1">the market</arg>
        <rel f="">awaits</rel>
        <arg f="" n="2">tomorrow's release of the jobs data</arg>
        <arg f="mnr" n="m">with the hope that it will point toward a decline in interest rates</arg>
      </example>
    </roleset>
  </predicate>
</frameset>
