<!DOCTYPE frameset SYSTEM "frameset.dtd">
<frameset>
  <predicate lemma="award">
    <roleset id="award.01" name="give an award">
      <aliases>
        <alias framenet="" pos="n" verbnet="">award</alias>
        <alias framenet="" pos="v" verbnet="">award</alias>
      </aliases>
      <note>AWARD-V NOTES: Frames file for 'award' based on sentences in financial subcorpus.Comparison with 'give'. (from award.01-v predicate notes)</note>
      <note>AWARD-N NOTES: Roleset based on verb entry award.01, OntoNotes grouping award-n sense 1; maps to VN class future_having-13.3. Framed by Claire. (from award.01-n)</note>
      <roles>
        <role descr="giver" f="pag" n="0">
          <vnrole vncls="13.3" vntheta="agent"/>
        </role>
        <role descr="award" f="ppt" n="1">
          <vnrole vncls="13.3" vntheta="theme"/>
        </role>
        <role descr="beneficiary" f="gol" n="2">
          <vnrole vncls="13.3" vntheta="goal"/>
        </role>
        <role descr="reason" f="cau" n="3"/>
      </roles>
      <example name="all args" src="" type="">
        <text>RJR Nabisco Inc. awarded its national broadcast media-buying assignment to FCB/Leber Katz Partners, the New York outpost of Chicago-based Foote, Cone&amp; Belding.</text>
        <arg f="" n="0">RJR Nabisco Inc.</arg>
        <rel f="">awarded</rel>
        <arg f="" n="1">its national broadcast media-buying assignment</arg>
        <arg f="" n="2">to FCB/Leber Katz Partners, the New York outpost of Chicago-based Foote, Cone&amp; Belding</arg>
      </example>
      <example name="passivized double object" src="" type="">
        <text>[Eastern Airlines pilots]-2 were awarded *trace*-2 between $60 million and $100 million in back pay by an arbitrator, a decision that could complicate the carrier's bankruptcy reorganization.</text>
        <rel f="">awarded</rel>
        <arg f="" n="2">*trace*-2 (= Eastern Airlines pilots)</arg>
        <arg f="" n="1">between $60 million and $100 million in back pay</arg>
        <arg f="" n="0">by an arbitrator</arg>
        <arg f="adv" n="m">a decision that could complicate the carrier's bankruptcy reorganization</arg>
      </example>
      <example name="Args 1 &amp; 2" src="ON sense 1" type="">
        <text>He criticized the award of compensation to the defendant.</text>
        <rel f="">award</rel>
        <arg f="" n="1">of compensation</arg>
        <arg f="" n="2">to the defendant</arg>
      </example>
      <example name="Args 1 &amp; 3" src="NomBank Frames" type="">
        <text>The National Academy of Engineering gives two inventors of thesemiconductor microchip a $ 350,000 achievement award</text>
        <arg f="" n="1">$ 350,000</arg>
        <arg f="" n="3">achievement</arg>
        <rel f="">award</rel>
      </example>
      <example name="Args 0 &amp;" src="web" type="">
        <inflection aspect="ns" form="ns" person="ns" tense="ns" voice="ns"/>
        <text>The Islamic Center of Northeast Florida has increased their reward for catching the suspect who set off a pipe bomb outside their mosque.</text>
        <arg f="" n="0">their</arg>
        <rel f="">reward</rel>
        <arg f="" n="3">for catching the suspect who set off a pipe bomb outside their mosque.</arg>
      </example>
    </roleset>
  </predicate>
</frameset>
