<!DOCTYPE frameset SYSTEM "frameset.dtd">
<frameset>
  <predicate lemma="aware">
    <roleset id="aware.01" name="knowledgeable">
      <aliases>
        <alias framenet="Awareness" pos="j" verbnet="">aware</alias>
      </aliases>
      <note>AWARE-J NOTES: Roleset based on BOLT P01. (from aware.01-j)</note>
      <roles>
        <role descr="knowledgeable entity" f="pag" n="0"/>
        <role descr="knowledge, aware of what?" f="ppt" n="1"/>
      </roles>
      <example name="All args" src="BOLT P01" type="">
        <inflection aspect="ns" form="ns" person="ns" tense="ns" voice="ns"/>
        <text>I am sure many of us are well aware of Samuel Huntington 's " Clash of Civilizations " theory , that future conflict would be along cultural lines between " West " , " East " and " Confucian " blocks , whatever they are .</text>
        <arg f="" n="0">many of us</arg>
        <arg f="ext" n="m">well</arg>
        <rel f="">aware</rel>
        <arg f="" n="1">of Samuel Huntington's " Clash of Civilizations " theory , that future conflict would be along cultural lines between " West " , " East " and " Confucian " blocks , whatever they are .</arg>
      </example>
    </roleset>
  </predicate>
</frameset>
