<!DOCTYPE frameset SYSTEM "frameset.dtd">
<frameset>
  <predicate lemma="awe">
    <roleset id="awe.01" name="inspire fear/awe in someone, inspiring of awe, generally positive">
      <aliases>
        <alias framenet="" pos="j" verbnet="">awesome</alias>
        <alias framenet="" pos="v" verbnet="">awe</alias>
      </aliases>
      <note>AWE-V NOTES: Frame created by Arrick (from awe.01-v)</note>
      <note>AWESOME-J NOTES: Based on in BOLT-1, awe-v.01. (from awesome.01-j)</note>
      <roles>
        <role descr="cause of awe, stupefication" f="pag" n="0">
          <vnrole vncls="31.1" vntheta="stimulus"/>
        </role>
        <role descr="awed entity" f="ppt" n="1">
          <vnrole vncls="31.1" vntheta="experiencer"/>
        </role>
        <role descr="instrument, if separate from arg0" f="mnr" n="2"/>
      </roles>
      <example name="with instrument" src="" type="">
        <text>The Unites States attacking Iraq and telling the world we-1 were going *-1 to shock and awe the world with the attack that we were going * to make *T* on</text>
        <arg f="" n="0">*-1</arg>
        <rel f="">awe</rel>
        <arg f="" n="1">the world</arg>
        <arg f="" n="2">with the attack that we were going * to make *T* on</arg>
      </example>
      <example name="All args" src="web" type="">
        <inflection aspect="ns" form="ns" person="ns" tense="ns" voice="ns"/>
        <text>I mean when I was underage the place was awesome to me.</text>
        <arg f="tmp" n="m">when I was underage</arg>
        <arg f="" n="0">the place</arg>
        <rel f="">awesome</rel>
        <arg f="" n="1">to me</arg>
      </example>
      <example name="args 0,2" src="internet" type="">
        <inflection aspect="ns" form="ns" person="ns" tense="ns" voice="ns"/>
        <text>he was awesome with his cane and hat.</text>
        <arg f="" n="0">He</arg>
        <rel f="">awesome</rel>
        <arg f="" n="2">with his cane and hat</arg>
      </example>
    </roleset>
  </predicate>
  <predicate lemma="awesome">
    <roleset id="awesome.02" name="really skilled at">
      <aliases>
        <alias framenet="" pos="j" verbnet="">awesome</alias>
      </aliases>
      <note>AWESOME-J NOTES: Added by Julia based on a combo of awesome.01 and good.02. (from awesome.02-j)</note>
      <roles>
        <role descr="skilled entity" f="pag" n="0"/>
        <role descr="at what (skill)" f="ppt" n="1"/>
      </roles>
      <example name="Because he's all net?" src="internet" type="">
        <inflection aspect="ns" form="ns" person="ns" tense="ns" voice="ns"/>
        <text>Spider-Man is awesome at basketball.</text>
        <arg f="" n="0">Spider-Man</arg>
        <rel f="">awesome</rel>
        <arg f="" n="1">at basketball</arg>
      </example>
    </roleset>
    <roleset id="awesome.03" name="extremely beneficial for">
      <aliases>
        <alias framenet="" pos="j" verbnet="">awesome</alias>
      </aliases>
      <note>AWESOME-J NOTES: Added by Julia based on good.04. (from awesome.03-j)</note>
      <roles>
        <role descr="beneficial thing" f="pag" n="1"/>
        <role descr="beneficiary" f="gol" n="2"/>
      </roles>
      <example name="both args" src="internet" type="">
        <inflection aspect="ns" form="ns" person="ns" tense="ns" voice="ns"/>
        <text>A tablespoon of oil (any oil will do, I like to use coconut oil because apparently it is awesome for you)</text>
        <arg f="adv" n="m">apparently</arg>
        <arg f="" n="1">it</arg>
        <rel f="">awesome</rel>
        <arg f="" n="2">for you</arg>
      </example>
    </roleset>
  </predicate>
</frameset>
