<!DOCTYPE frameset SYSTEM "frameset.dtd">
<frameset>
  <predicate lemma="awful">
    <roleset id="awful.01" name="generally terrible, displeasing">
      <aliases>
        <alias framenet="Desirability" pos="j" verbnet="">awful</alias>
      </aliases>
      <note>AWFUL-J NOTES: Added by Julia based on BOLT-1, good.01. (from awful.01-j)</note>
      <roles>
        <role descr="terrible thing" f="pag" n="1"/>
        <role descr="recipient, experiencer of awfulness" f="gol" n="2"/>
      </roles>
      <example name="both args" src="internet" type="">
        <inflection aspect="ns" form="ns" person="ns" tense="ns" voice="ns"/>
        <text>He was awful to me in the end, why can't I get over him</text>
        <arg f="" n="1">He</arg>
        <rel f="">awful</rel>
        <arg f="" n="2">to me</arg>
        <arg f="tmp" n="m">in the end</arg>
      </example>
      <example name="empty it, arg1" src="internet" type="">
        <inflection aspect="ns" form="ns" person="ns" tense="ns" voice="ns"/>
        <text>It was awful to know that he felt all the deaths deeply and yet he still went out to kill others in order to protect his beloved village.</text>
        <rel f="">awful</rel>
        <arg f="" n="1">to know that he felt all the deaths deeply and yet he still went out to kill others in order to protect his beloved village</arg>
      </example>
      <example name="concatenation of arg1" src="internet" type="">
        <inflection aspect="ns" form="ns" person="ns" tense="ns" voice="ns"/>
        <text>He was awful to look at, to me his face was greenish white</text>
        <arg f="" n="1">[he][to look at]</arg>
        <rel f="">awful</rel>
      </example>
      <example name="arg2" src="SMS" type="">
        <inflection aspect="ns" form="ns" person="ns" tense="ns" voice="ns"/>
        <text>I feel aweful</text>
        <arg f="" n="2">I</arg>
        <rel f="">aweful</rel>
      </example>
    </roleset>
    <roleset id="awful.02" name="horribly unskilled at">
      <aliases>
        <alias framenet="" pos="j" verbnet="">awful</alias>
      </aliases>
      <note>AWFUL-J NOTES: Added by Julia based on BOLT-1, good.02. (from awful.02-j)</note>
      <roles>
        <role descr="unskilled entity" f="pag" n="1"/>
        <role descr="non-skill, at what" f="ppt" n="2"/>
      </roles>
      <example name="both args" src="internet" type="">
        <inflection aspect="ns" form="ns" person="ns" tense="ns" voice="ns"/>
        <text>He is awful at everything except finances but his parents still let him "help out" around the farm.</text>
        <arg f="" n="1">He</arg>
        <rel f="">awful</rel>
        <arg f="" n="2">at everything except finances</arg>
      </example>
    </roleset>
    <roleset id="awful.03" name="extremely unbeneficial, unhealthful">
      <aliases>
        <alias framenet="" pos="j" verbnet="">awful</alias>
      </aliases>
      <note>AWFUL-J NOTES: Added by Julia based on BOLT-1, good.04. (from awful.03-j)</note>
      <roles>
        <role descr="unbeneficial thing" f="pag" n="1"/>
        <role descr="unbeneficiary" f="gol" n="2"/>
      </roles>
      <example name="both args" src="internet" type="">
        <inflection aspect="ns" form="ns" person="ns" tense="ns" voice="ns"/>
        <text>I know soda is awful for you, but has anyone had the Mexican coke?</text>
        <arg f="" n="1">soda</arg>
        <rel f="">awful</rel>
        <arg f="" n="2">for you</arg>
      </example>
    </roleset>
  </predicate>
</frameset>
