<!DOCTYPE frameset SYSTEM "frameset.dtd">
<frameset>
  <predicate lemma="awkward">
    <roleset id="awkward.01" name="generally clumsy, cumbersome, uncomfortable">
      <aliases>
        <alias framenet="" pos="j" verbnet="">awkward</alias>
      </aliases>
      <note>AWKWARD-J NOTES: Added by Julia based on BOLT-4,5. (from awkward.01-j)</note>
      <roles>
        <role descr="awkward duck" f="pag" n="1"/>
      </roles>
      <example name="arg1" src="BOLT-4,5" type="">
        <inflection aspect="ns" form="ns" person="ns" tense="ns" voice="ns"/>
        <text>I had mine pierced with a straight stud , it was flipping awkward .</text>
        <arg f="" n="1">it</arg>
        <arg f="dis" n="m">flipping</arg>
        <rel f="">awkward</rel>
      </example>
      <example name="arg1" src="internet" type="">
        <inflection aspect="ns" form="ns" person="ns" tense="ns" voice="ns"/>
        <text>That standing ovation was extremely awkward, wasn't it?</text>
        <arg f="" n="1">That standing ovation</arg>
        <arg f="ext" n="m">extremely</arg>
        <rel f="">awkward</rel>
      </example>
    </roleset>
    <roleset id="awkward.02" name="skill level (requires both args)">
      <aliases>
        <alias framenet="" pos="j" verbnet="">awkward</alias>
      </aliases>
      <note>AWKWARD-J NOTES: Added by Julia based on bad-j.02. (from awkward.02-j)</note>
      <roles>
        <role descr="awkwardly unskilled one" f="pag" n="1"/>
        <role descr="non-skill" f="ppt" n="2"/>
      </roles>
      <example name="both args" src="internet" type="">
        <inflection aspect="ns" form="ns" person="ns" tense="ns" voice="ns"/>
        <text>I am awkward at anything resembling line dancing.</text>
        <arg f="" n="1">I</arg>
        <rel f="">awkward</rel>
        <arg f="" n="2">at anything resembling line dancing</arg>
      </example>
    </roleset>
  </predicate>
</frameset>
