<!DOCTYPE frameset SYSTEM "frameset.dtd">
<frameset>
  <predicate lemma="axe">
    <roleset id="axe.01" name="chop/remove/end, as with an axe">
      <aliases>
        <alias framenet="" pos="v" verbnet="">axe</alias>
      </aliases>
      <note>AXE-V NOTES: Added by Julia based on BOLT. No VNcls. (from axe.01-v)</note>
      <roles>
        <role descr="lumberjack" f="PAG" n="0"/>
        <role descr="thing chopped/removed" f="ppt" n="1"/>
      </roles>
      <example name="passive, metaphorical" src="BOLT" type="">
        <inflection aspect="ns" form="ns" person="ns" tense="ns" voice="ns"/>
        <text>[Child Benefit]-1 would be axed *-1.</text>
        <arg f="mod" n="m">would</arg>
        <rel f="">axed</rel>
        <arg f="" n="1">*-1</arg>
      </example>
      <example name="both args" src="internet" type="">
        <inflection aspect="ns" form="ns" person="ns" tense="ns" voice="ns"/>
        <text>THE Hour's Ben Whishaw has slated BBC bosses after they axed the period drama ? and said the cast had been left with unfinished business.</text>
        <arg f="" n="0">they</arg>
        <rel f="">axed</rel>
        <arg f="" n="1">the period drama</arg>
      </example>
    </roleset>
  </predicate>
</frameset>
