<!DOCTYPE frameset SYSTEM "frameset.dtd">
<frameset>
  <predicate lemma="baa">
    <roleset id="baa.01" name="make the characteristic noise of a sheep">
      <aliases>
        <alias framenet="" pos="v" verbnet="">baa</alias>
      </aliases>
      <note>BAA-V NOTES: Frames file for 'baa' based on dictionary.com. Verbnet entry 38. (from baa.01-v predicate notes)</note>
      <roles>
        <role descr="baa-er" f="PAG" n="0">
          <vnrole vncls="38" vntheta="Agent"/>
        </role>
      </roles>
      <example name="Sheep" src="" type="">
        <text>The sheep baaed at it's neighbor.</text>
        <arg f="" n="0">The sheep</arg>
        <rel f="">baaed</rel>
        <arg f="DIR" n="M">at it's neighbor</arg>
      </example>
    </roleset>
  </predicate>
</frameset>
