<!DOCTYPE frameset SYSTEM "frameset.dtd">
<frameset>
  <predicate lemma="babble">
    <roleset id="babble.01" name="make babbling sounds">
      <aliases>
        <alias framenet="" pos="v" verbnet="">babble</alias>
      </aliases>
      <note>BABBLE-V NOTES: Hand-corrected by Claire. (from babble.01-v)</note>
      <roles>
        <role descr="babbler" f="pag" n="0">
          <vnrole vncls="37.3" vntheta="agent"/>
          <vnrole vncls="43.2" vntheta="theme"/>
        </role>
        <role descr="utterance babbled, babbled about what?" f="ppt" n="1">
          <vnrole vncls="37.3" vntheta="topic"/>
        </role>
      </roles>
      <example name="Baby babble" src="web usage" type="">
        <text>She babbled a lot, in an age-appropriate way with reduplicated syllables.</text>
        <arg f="" n="0">She</arg>
        <rel f="">babbled</rel>
        <arg f="ext" n="m">a lot</arg>
        <arg f="mnr" n="m">in an age-appropriate way with reduplicated syllables</arg>
      </example>
      <example name="With topic" src="web usage" type="">
        <inflection aspect="ns" form="ns" person="ns" tense="ns" voice="ns"/>
        <text>He babbled all about the surprise party we had planned.</text>
        <arg f="" n="0">He</arg>
        <rel f="">babbled</rel>
        <arg f="" n="1">all about the surprise party we had planned</arg>
      </example>
    </roleset>
  </predicate>
</frameset>
