<!DOCTYPE frameset SYSTEM "frameset.dtd">
<frameset>
  <predicate lemma="babysit">
    <roleset id="babysit.01" name="watch/take care of something for someone else, child-caring">
      <aliases>
        <alias framenet="" pos="v" verbnet="">babysit</alias>
        <alias framenet="" pos="n" verbnet="">babysitting</alias>
      </aliases>
      
      
      <roles>
        <role descr="babysitter" f="pag" n="0"/>
        <role descr="thing being babysat" f="ppt" n="1"/>
        <role descr="person/entity seeking babyistter" f="gol" n="2"/>
      </roles>
      <example name="no baby" src="" type="">
        <text>For example, a child in her early teens might babysit fofr the neighbors or cut lawns, and then put the money in a mutual fund.</text>
        <arg f="dis" n="m">For example,</arg>
        <arg f="" n="0">a child in her early teens</arg>
        <arg f="mod" n="m">might</arg>
        <rel f="">babysit</rel>
        <arg f="" n="1">for the neighbors</arg>
      </example>
    <note>BABYSIT-V NOTES: Frame created by Arrick (from babysit.01-v)

BABYSITTING-N NOTES: Added by Julia based on BOLT. (from babysitting.01-n)</note>
</roleset>
  </predicate>
</frameset>
