<!DOCTYPE frameset SYSTEM "frameset.dtd">
<frameset>
  <predicate lemma="backstab">
    <roleset id="backstab.01" name="stab literally in the back, or betray">
      <aliases>
        <alias framenet="" pos="n" verbnet="">backstabbing</alias>
        <alias framenet="" pos="v" verbnet="">backstab</alias>
      </aliases>
      <note>BACKSTABBING-N NOTES: Added by Julia based on BOLT-7. Relation to 'stab.01'. (from backstabbing.01-n)</note>
      <note>BACKSTAB-V NOTES: Automatically added alias.</note>
      <roles>
        <role descr="backstabber" f="pag" n="0"/>
        <role descr="entity stabbed" f="ppt" n="1"/>
        <role descr="stabbing instrument: knife or act of betrayal" f="mnr" n="2"/>
      </roles>
      <example name="args 0, 1" src="internet" type="">
        <inflection aspect="ns" form="ns" person="ns" tense="ns" voice="ns"/>
        <text>Wikileaks shows Meles' contempt for the South Sudanese and his backstabbing of Al-Bashir.</text>
        <arg f="" n="0">his</arg>
        <rel f="">backstabbing</rel>
        <arg f="" n="1">of Al-Bashir</arg>
      </example>
    </roleset>
  </predicate>
</frameset>
