<!DOCTYPE frameset SYSTEM "frameset.dtd">
<frameset>
  <predicate lemma="backpack">
    <roleset id="backpack.01" name="backpack">
      <aliases>
        <alias framenet="" pos="v" verbnet="">backpack</alias>
      </aliases>
      <note>BACKPACK-V NOTES: hand-checked by Kevin (from backpack.01-v)</note>
      <roles>
        <role descr="entity moving, backpacker(s)" f="ppt" n="1">
          <vnrole vncls="51.3.2" vntheta="theme"/>
        </role>
        <role descr="start point" f="dir" n="2"/>
        <role descr="end point" f="gol" n="3">
          <vnrole vncls="51.3.2" vntheta="location"/>
        </role>
        <role descr="path" f="loc" n="4"/>
      </roles>
      <example name="backpack-v: from Google" src="web usage" type="">
        <text>In eight days, we backpacked to a base camp near the Arrigetch Peaks, and explored three of the surrounding valleys.</text>
        <arg f="tmp" n="m">In eight days</arg>
        <arg f="" n="1">we</arg>
        <rel f="">backpacked</rel>
        <arg f="" n="3">to a base camp near the Arrigetch Peaks</arg>
      </example>
      <example name="backpack-v" src="" type="">
        <text>They backpacked through the country as well as hiked the 7,972 feet to the top of Machu Picchu</text>
        <arg f="" n="1">They</arg>
        <rel f="">backpacked</rel>
        <arg f="" n="4">through the country</arg>
      </example>
      <example name="backpack-v" src="" type="">
        <text>They backpacked from Mexico to Canada on the Pacific Crest Trail.</text>
        <arg f="" n="1">They</arg>
        <rel f="">backpacked</rel>
        <arg f="" n="2">from Mexico</arg>
        <arg f="" n="3">to Canada</arg>
        <arg f="" n="4">on the Pacific Crest Trail</arg>
      </example>
    </roleset>
  </predicate>
</frameset>
