<!DOCTYPE frameset SYSTEM "frameset.dtd">
<frameset>
  <predicate lemma="backfire">
    <roleset id="backfire.01" name="have a bad result">
      <aliases>
        <alias framenet="" pos="v" verbnet="">backfire</alias>
      </aliases>
      <note>BACKFIRE-V NOTES: Frames file for 'backfire' based on sentences in financial subcorpus. No Verbnet entry. (from backfire.01-v predicate notes)</note>
      <roles>
        <role descr="thing with bad result" f="ppt" n="1"/>
        <role descr="'benefactive'" f="gol" n="2"/>
      </roles>
      <example name="unaccusative" src="" type="">
        <inflection aspect="perfect" form="participle" person="ns" tense="present" voice="active"/>
        <text>Some other fare promotions have backfired.</text>
        <arg f="" n="1">Some other fare promotions</arg>
        <rel f="">backfired</rel>
      </example>
      <example name="with 'benefactive'" src="" type="">
        <inflection aspect="ns" form="full" person="ns" tense="past" voice="active"/>
        <text>John's plan to make himself irresistable to women backfired on him, when he instead became only irresistable to female cats.</text>
        <arg f="" n="1">John's plan to make himself irresistable to women</arg>
        <rel f="">backfired</rel>
        <arg f="" n="2">on him</arg>
        <arg f="tmp" n="m">when he instead became only irresistable to female cats</arg>
      </example>
    </roleset>
  </predicate>
</frameset>
