<!DOCTYPE frameset SYSTEM "frameset.dtd">
<frameset>
  <predicate lemma="backward">
    <roleset id="backward.01" name="slow in progress, feeble-minded in some aspect">
      <aliases>
        <alias framenet="" pos="j" verbnet="">backward</alias>
      </aliases>
      <note>BACKWARD-J NOTES: Roleset based on instances in BOLT P01, parts 2,3. Framed by Claire. (from backward.01-j)</note>
      <roles>
        <role descr="entity that is slow on the uptake" f="pag" n="1"/>
        <role descr="subject that arg1 is slow in, backward on" f="ppt" n="2"/>
      </roles>
      <example name="All args" src="web" type="">
        <inflection aspect="ns" form="ns" person="ns" tense="ns" voice="ns"/>
        <text>Republicans have been losing political clout and power because they are so backward on social issues.</text>
        <arg f="" n="1">they</arg>
        <arg f="ext" n="m">so</arg>
        <rel f="">backward</rel>
        <arg f="" n="2">on social issues</arg>
      </example>
      <example name="Arg 2 expressed as &quot;when&quot; phrase" src="BOLT P01, parts 2,3" type="">
        <inflection aspect="ns" form="ns" person="ns" tense="ns" voice="ns"/>
        <text>My sister is a primary school teacher and teachers generally hate the tories , before all this pension business came to the surface but because they 're so backward when it comes to education .</text>
        <arg f="" n="1">they</arg>
        <arg f="ext" n="m">so</arg>
        <rel f="">backward</rel>
        <arg f="" n="2">when it comes to education .</arg>
      </example>
    </roleset>
    <roleset id="backward.02" name="directed or facing backward">
      <aliases>
        <alias framenet="" pos="j" verbnet="">backward</alias>
      </aliases>
      <note>BACKWARD-J NOTES: (from backward.02-j)</note>
      <roles>
        <role descr="backward facing thing" f="ppt" n="1"/>
        <role descr="backward from what -- correctly oriented point of comparison" f="ppt" n="2"/>
      </roles>
      <example name="All args" src="web" type="">
        <inflection aspect="ns" form="ns" person="ns" tense="ns" voice="ns"/>
        <text>That seal actually needs to keep air from entering more than oil from escaping - it's backward from what you might expect.</text>
        <arg f="" n="1">it</arg>
        <rel f="">backward</rel>
        <arg f="" n="2">from what you might expect.</arg>
      </example>
    </roleset>
  </predicate>
</frameset>
