<!DOCTYPE frameset SYSTEM "frameset.dtd">
<frameset>
  <predicate lemma="backflip">
    <roleset id="backflip.01" name="jump backwards heels over head">
      <aliases>
        <alias framenet="" pos="v" verbnet="">backflip</alias>
      </aliases>
      <note>BACKFLIP-V NOTES: Added by Julia based on Newswire. No VNcls. (from backflip.01-v)</note>
      <roles>
        <note>All arg1s I've found are inanimate, which is my motivation for keeping all animate entities in motion as arg0. (from backflip.01-v)</note>
        <role descr="Agent of motion (animate entity in motion)" f="PAG" n="0"/>
        <role descr="thing in motion, if in addition to arg0" f="ppt" n="1"/>
        <role descr="location, over what" f="loc" n="2"/>
      </roles>
      <example name="arg0, GOL" src="" type="">
        <inflection aspect="ns" form="ns" person="ns" tense="ns" voice="ns"/>
        <text>He backflips into a desktop computer terminal , which explodes , covering Huntz Hall 's face with microchips .</text>
        <arg f="" n="0">He</arg>
        <rel f="">backflips</rel>
        <arg f="gol" n="m">into a desktop computer terminal , which explodes , covering Huntz Hall 's face with microchips</arg>
      </example>
      <example name="All args" src="" type="">
        <inflection aspect="ns" form="ns" person="ns" tense="ns" voice="ns"/>
        <text>Petr Pilat, aerobatic motorbike rider from the Czech Republic, backflipped his bike over a plane flown by Kirby Chambliss, Red Bull champion pilot from Texas.</text>
        <arg f="" n="0">Petr Pilat, aerobatic motorbike rider from the Czech Republic,</arg>
        <rel f="">backflipped</rel>
        <arg f="" n="1">his bike</arg>
        <arg f="" n="2">over a plane flown by Kirby Chambliss, Red Bull champion pilot from Texas</arg>
      </example>
      <example name="Args 0, 1, PRD and GOL" src="" type="">
        <inflection aspect="ns" form="ns" person="ns" tense="ns" voice="ns"/>
        <text>LMAO dude backflipped his damn pants off into a wall.</text>
        <arg f="dis" n="m">LMAO</arg>
        <arg f="" n="0">dude</arg>
        <rel f="">backflipped</rel>
        <arg f="" n="1">his damn pants</arg>
        <arg f="prd" n="m">off</arg>
        <arg f="gol" n="m">into a wall</arg>
      </example>
    </roleset>
  </predicate>
</frameset>
