<!DOCTYPE frameset SYSTEM "frameset.dtd">
<frameset>
  <predicate lemma="backbite">
    <roleset id="backbite.01" name="to attack the character or reputation of   someone who is not present">
      <aliases>
        <alias framenet="" pos="v" verbnet="">backbite</alias>
      </aliases>
      <note>BACKBITE-V NOTES: Frames file for 'backbite' based on dictionary.com. Verbnet entry 33.frame by Perryn (from backbite.01-v predicate notes)</note>
      <roles>
        <role descr="attacker, agent" f="pag" n="0">
          <vnrole vncls="33" vntheta="agent"/>
        </role>
        <role descr="entity attacked" f="ppt" n="1">
          <vnrole vncls="33" vntheta="theme"/>
        </role>
        <role descr="attacked about" f="cau" n="2"/>
      </roles>
      <example name="meanness of others" src="" type="">
        <text>John backbit Mary to his friends.</text>
        <arg f="" n="0">John</arg>
        <rel f="">backbit</rel>
        <arg f="" n="1">Mary</arg>
      </example>
    </roleset>
  </predicate>
</frameset>
