<!DOCTYPE frameset SYSTEM "frameset.dtd">
<frameset>
  <predicate lemma="backslap">
    <roleset id="backslap.01" name="slap on the back">
      <aliases>
        <alias framenet="" pos="v" verbnet="">backslap</alias>
      </aliases>
      <note>BACKSLAP-V NOTES: Frames file for 'backslap' based on sentences in wsj. No Verbnet entry. (from backslap.01-v predicate notes)</note>
      <roles>
        <role descr="backslapper" f="PAG" n="0"/>
      </roles>
      <example name="this is a noun!" src="" type="">
        <inflection aspect="ns" form="gerund" person="ns" tense="ns" voice="ns"/>
        <text>Still, amid all the backslapping and signs of relief over yesterday's events, some market professionals cautioned that there is nothing present in the current market system to prevent another dizzying drop such as Friday's.</text>
        <rel f="">backslapping</rel>
      </example>
    </roleset>
  </predicate>
</frameset>
