<!DOCTYPE frameset SYSTEM "frameset.dtd">
<frameset>
  <predicate lemma="backtrack">
    <roleset id="backtrack.01" name="retrace one's course">
      <aliases>
        <alias framenet="" pos="v" verbnet="">backtrack</alias>
      </aliases>
      <note>BACKTRACK-V NOTES: Frame created by Arrick (from backtrack.01-v)</note>
      <roles>
        <role descr="entity in motion" f="ppt" n="1"/>
        <role descr="(extent -- rare)" f="ext" n="2"/>
        <role descr="start point" f="dir" n="3"/>
        <role descr="end point" f="gol" n="4"/>
        <role descr="medium" f="loc" n="m"/>
      </roles>
      <example name="entity only" src="" type="">
        <text>And he 'll backtrack</text>
        <arg f="dis" n="m">And</arg>
        <arg f="" n="1">he</arg>
        <arg f="mod" n="m">'ll</arg>
        <rel f="">backtrack</rel>
      </example>
    </roleset>
  </predicate>
</frameset>
