<!DOCTYPE frameset SYSTEM "frameset.dtd">
<frameset>
  <predicate lemma="back">
    <roleset id="back.01" name="support">
      <aliases>
        <alias framenet="taking_sides" pos="n" verbnet="">backing</alias>
        <alias framenet="" pos="v" verbnet="">back</alias>
      </aliases>
      <note>BACK-V NOTES: Could be interpreted as phrasal "back_out" also (but I don't likethat). Follow Treebank's parsing. (from back.01-v)</note>
      <note>BACKING-N NOTES: Added due to expansion of Nombank. No VN class. FN class taking_sides. Comparison to 'support'. Framed by Katie. (from backing.01-n)</note>
      <roles>
        <role descr="supporter" f="PAG" n="0"/>
        <role descr="thing being supported" f="ppt" n="1"/>
      </roles>
      <example name="support" src="" type="">
        <text>...asking [him]-1 *trace*-1 to back a Palestinian bid to joing the committee.</text>
        <arg f="" n="0">*trace*-1</arg>
        <rel f="">back</rel>
        <arg f="" n="1">a Palestinian bid to joing the committee</arg>
      </example>
      <example name="cease support" src="" type="">
        <text>The big brokerage firms back out of program trading for their own accounts or for clients.</text>
        <arg f="" n="0">The big brokerage firms</arg>
        <rel f="">back</rel>
        <arg f="" n="1">out of program trading</arg>
        <arg f="pnc" n="m">for their own accounts or for clients.</arg>
      </example>
      <example name="cease support, with NP" src="" type="">
        <text>Eastern Airline's creditors committee backed off a move to come up with its own alternative proposals to the carrier's bankruptcy reorganization plans.</text>
        <arg f="" n="0">Eastern Airline's creditors committee</arg>
        <rel f="">backed</rel>
        <arg f="" n="1">off a move to come up with its own alternative proposals to the carrier's bankruptcy reorganization plans.</arg>
      </example>
      <example name="Both args" src="" type="">
        <inflection aspect="ns" form="ns" person="ns" tense="ns" voice="ns"/>
        <text>Russia's backing of Kostunica</text>
        <arg f="" n="0">Russia's</arg>
        <rel f="">backing</rel>
        <arg f="" n="1">of Kostunica</arg>
      </example>
      <example name="Arg 0 only" src="" type="">
        <inflection aspect="ns" form="ns" person="ns" tense="ns" voice="ns"/>
        <text>Congressional backing</text>
        <arg f="" n="0">Congressional</arg>
        <rel f="">backing</rel>
      </example>
    </roleset>
    <roleset id="back.02" name="move backwards">
      <aliases>
        <alias framenet="" pos="v" verbnet="">back</alias>
      </aliases>
      <note>BACK-V NOTES: Could be interpreted as phrasal "back_away" also. Followthe parsing given by Treebank. (from back.02-v)</note>
      <roles>
        <role descr="causer of backwards motion" f="PAG" n="0"/>
        <role descr="entity in motion" f="ppt" n="1"/>
      </roles>
      <example name="retreat" src="" type="">
        <text>The Soviets might back away from the current conciliatory attitude</text>
        <arg f="" n="1">The Soviets</arg>
        <arg f="mod" n="m">might</arg>
        <rel f="">back</rel>
        <arg f="dir" n="m">away from the current conciliatory attitude</arg>
      </example>
    </roleset>
    <roleset id="back.03" name="face backwards">
      <aliases>
        <alias framenet="" pos="v" verbnet="">back</alias>
        <alias framenet="" pos="j" verbnet="">back</alias>
      </aliases>
      <note>BACK-V NOTES: Frames file for 'back' based on survey of initial sentences of big corpus and comparison with 'face' and 'support' (from back.03-v predicate notes)</note>
      <note>BACK-J NOTES: Automatically created by Julia as an alias file for unification. (from back.03-j)</note>
      <roles>
        <role descr="looker, facer" f="PAG" n="0"/>
        <role descr="looked at, faced" f="gol" n="1"/>
      </roles>
      <example name="with PP" src="" type="">
        <text>John's house backs onto the city dump.</text>
        <arg f="" n="0">John's house</arg>
        <rel f="">backs</rel>
        <arg f="" n="1">onto the city dump</arg>
      </example>
    </roleset>
  </predicate>
  <predicate lemma="back_up">
    <roleset id="back_up.04" name="back up: support">
      <aliases>
        <alias framenet="" pos="v" verbnet="">back_up</alias>
      </aliases>
      <note>BACK_UP-V NOTES: (from back.04-v)</note>
      <roles>
        <role descr="supporter" f="PAG" n="0"/>
        <role descr="thing being supported" f="ppt" n="1"/>
      </roles>
      <example name="Reaganomics" src="" type="">
        <text>[You]-1 should quote Mr. Reagan, the man who believed trees cause air pollution, *trace*-1 to back up your position that economics is more important than the Earth.</text>
        <arg f="" n="0">*trace*-1</arg>
        <rel f="">back up</rel>
        <arg f="" n="1">your position that economics is more important than the Earth.</arg>
      </example>
    </roleset>
    <roleset id="back_up.06" name="back up: move backwards">
      <aliases>
        <alias framenet="" pos="v" verbnet="">back_up</alias>
      </aliases>
      <note>BACK_UP-V NOTES: (from back.06-v)</note>
      <roles>
        <role descr="causer of backwards motion" f="PAG" n="0"/>
        <role descr="entity in motion" f="ppt" n="1"/>
      </roles>
      <example name="oops" src="" type="">
        <text>The garbage truck backed up into John's living room.</text>
        <arg f="" n="1">The garbage truck</arg>
        <rel f="">backed up</rel>
        <arg f="dir" n="m">into John's living room</arg>
      </example>
      <example name="double oops" src="" type="">
        <text>John backed the garbage truck up into Mary's living room.</text>
        <arg f="" n="0">John</arg>
        <rel f="">backed up</rel>
        <arg f="" n="1">the garbage truck</arg>
        <arg f="dir" n="m">into Mary's living room</arg>
      </example>
    </roleset>
    <roleset id="back_up.08" name="back up: face backwards">
      <aliases>
        <alias framenet="" pos="v" verbnet="">back_up</alias>
      </aliases>
      <note>BACK_UP-V NOTES: (from back.08-v)</note>
      <roles>
        <role descr="looker, facer" f="PAG" n="0"/>
        <role descr="looked at, faced" f="gol" n="1"/>
      </roles>
      <example name="icky" src="" type="">
        <text>John's house backs up to the city dump.</text>
        <arg f="" n="0">John's house</arg>
        <rel f="">backs up</rel>
        <arg f="" n="1">to the city dump</arg>
      </example>
    </roleset>
    <roleset id="back_up.09" name="back up: preserve data">
      <aliases>
        <alias framenet="" pos="v" verbnet="">back_up</alias>
      </aliases>
      <note>BACK_UP-V NOTES: (from back.09-v)</note>
      <roles>
        <role descr="preserver, agent" f="PAG" n="0"/>
        <role descr="data" f="ppt" n="1"/>
        <role descr="permanent storage device" f="gol" n="2"/>
      </roles>
      <example name="instrumental subject" src="" type="">
        <inflection aspect="ns" form="infinitive" person="ns" tense="ns" voice="active"/>
        <text>Exabyte Corp., a Boulder, Colo., maker of [high-capacity tape cartridge systems]*-1 used [*][*-1] to back up computer disk drives, started OTC trading with the symbol EXBT.</text>
        <arg f="" n="2">[*-1]</arg>
        <rel f="">[back] [up]</rel>
        <arg f="" n="1">computer disk drives</arg>
      </example>
    </roleset>
    <roleset id="back_up.10" name="back up: traffic">
      <aliases>
        <alias framenet="" pos="v" verbnet="">back_up</alias>
      </aliases>
      <note>BACK_UP-V NOTES: (from back.10-v)</note>
      <roles>
        <role descr="traffic" f="ppt" n="1"/>
      </roles>
      <example name="Schuylkill expressway" src="" type="">
        <inflection aspect="ns" form="full" person="third" tense="present" voice="active"/>
        <text>The companies block traffic much as highway on-ramps are blocked when traffic backs up.</text>
        <arg f="" n="1">traffic</arg>
        <rel f="">backs up</rel>
      </example>
    </roleset>
  </predicate>
  <predicate lemma="back_off">
    <roleset id="back_off.11" name="back off: to retreat from">
      <aliases>
        <alias framenet="" pos="v" verbnet="">back_off</alias>
      </aliases>
      <note>BACK_OFF-V NOTES: (from back.11-v)</note>
      <roles>
        <role descr="retreator" f="PAG" n="0"/>
        <role descr="location or thing retreating from" f="loc" n="1"/>
      </roles>
      <example name="intransitive" src="" type="">
        <inflection aspect="ns" form="ns" person="ns" tense="ns" voice="ns"/>
        <text>When his arm came up [*T*-1] I ducked away but it caught me on the side of the neck , [*-2]watering my eyes , and I backed off [*-3] to cough .</text>
        <arg f="" n="0">I</arg>
        <rel f="">[ backed] [ off]</rel>
        <arg f="pnc" n="m">[*-3] to cough</arg>
      </example>
    </roleset>
  </predicate>
</frameset>
