<!DOCTYPE frameset SYSTEM "frameset.dtd">
<frameset>
  <predicate lemma="backlash">
    <roleset id="backlash.01" name="adverse reaction">
      <aliases>
        <alias framenet="" pos="n" verbnet="">backlash</alias>
      </aliases>
      <note>BACKLASH-N NOTES: Based on ontonouns. No comparison. Framed by Katie. (from backlash.01-n)</note>
      <roles>
        <role descr="agent, one lashing back" f="pag" n="0"/>
        <role descr="about, backlash over, topic" f="ppt" n="1"/>
        <role descr="lashed at, beneficiary of lashing" f="gol" n="2"/>
      </roles>
      <example name="backlash-n: all args" src="" type="">
        <text>Chinese media's backlash against Apple over Iphone iOS tracking ability.</text>
        <arg f="" n="0">Chinese media's</arg>
        <rel f="">backlash</rel>
        <arg f="" n="2">against Apple</arg>
        <arg f="" n="1">over Iphone iOS tracking ability</arg>
      </example>
    </roleset>
  </predicate>
</frameset>
