<!DOCTYPE frameset SYSTEM "frameset.dtd">
<frameset>
  <predicate lemma="backpedal">
    <roleset id="backpedal.01" name="to retreat or withdraw">
      <aliases>
        <alias framenet="" pos="v" verbnet="">backpedal</alias>
      </aliases>
      <note>BACKPEDAL-V NOTES: Frames file for 'backpedal' based on survey of sentences in the WSJ corpus. (from backpedal.01-v predicate notes)</note>
      <roles>
        <role descr="entity retreating, agent" f="PAG" n="0"/>
        <role descr="thing backpedaled on" f="PPT" n="1"/>
      </roles>
      <example name="gerund" src="" type="">
        <inflection aspect="ns" form="gerund" person="ns" tense="ns" voice="active"/>
        <text>The chief economist of Merrill Lynch&amp; Co. finds himself in such a position as [he]-1 buzzes the Midwest on his first road trip since *trace*-1 backpedaling on a major prediction .</text>
        <arg f="" n="0">*trace*-1</arg>
        <rel f="">backpedaling</rel>
        <arg f="" n="1">on a major prediction</arg>
      </example>
    </roleset>
  </predicate>
</frameset>
