<!DOCTYPE frameset SYSTEM "frameset.dtd">
<frameset>
  <predicate lemma="backburn">
    <roleset id="backburn.01" name="light a controled fire in the path of a wild fire to gain control">
      <aliases>
        <alias framenet="" pos="v" verbnet="">backburn</alias>
        <alias framenet="" pos="n" verbnet="">backburn</alias>
        <alias framenet="" pos="l" verbnet="">do_backburn</alias>
      </aliases>
      <note>BACKBURN-V, BACKBURN-N NOTES: Added by Julia for Lorelei.</note>
      <roles>
        <role descr="firemen" f="pag" n="0"/>
        <role descr="fire" f="ppt" n="1"/>
      </roles>
      <example name="backburn-v" src="" type="">
        <text>[Fire crews]-1 are continuing *PRO*-1 to backburn at The Cape, near Charters Towers, and expect to have that fire contained by this afternoon.</text>
        <arg f="" n="0">*PRO*-1</arg>
        <rel f="">backburn</rel>
        <arg f="loc" n="m">at The Cape, near Charters Towers</arg>
      </example>
      <example name="do_backburn-l" src="" type="">
        <text>'Simmo, I want you to go to the intersection near the houses and do a backburn to clear the east side of the road.</text>
        <arg f="" n="0">you</arg>
        <arg f="lvb" n="m">do</arg>
        <rel f="">backburn</rel>
        <arg f="prp" n="m">to clear the east side of the road</arg>
      </example>
    </roleset>
  </predicate>
</frameset>
