<!DOCTYPE frameset SYSTEM "frameset.dtd">
<frameset>
  <predicate lemma="badmouth">
    <roleset id="badmouth.01" name="insult, criticize">
      <aliases>
        <alias framenet="" pos="v" verbnet="">badmouth</alias>
      </aliases>
      <note>BADMOUTH-V NOTES: Created by Claire based on sentences in Webtext 2.5-2, comparison with 'criticize'. Member of VNcls judgment-33-1. (from badmouth.01-v)</note>
      <roles>
        <role descr="critic, badmouther" f="pag" n="0">
          <vnrole vncls="33-1" vntheta="agent"/>
        </role>
        <role descr="entity being criticized, badmouthed" f="ppt" n="1">
          <vnrole vncls="33-1" vntheta="theme"/>
        </role>
        <role descr="arg1 is badmouthed for what? grounds of criticism" f="cau" n="2">
          <vnrole vncls="33-1" vntheta="attribute"/>
        </role>
      </roles>
      <example name="Badmouth students?!" src="Badmouth students?!" type="Badmouth students?!">
        <text>Gaddy, for example, who-1 *T*-1 badmouths USTC students for not wanting to contribute money...</text>
        <arg f="slc" n="m">who-1 --&gt; Gaddy</arg>
        <arg f="" n="0">*T*-1</arg>
        <rel f="">badmouths</rel>
        <arg f="" n="1">USTC students</arg>
        <arg f="" n="2">for not wanting to contribute money</arg>
      </example>
    </roleset>
  </predicate>
</frameset>
