<!DOCTYPE frameset SYSTEM "frameset.dtd">
<frameset>
  <predicate lemma="baffle">
    <roleset id="baffle.01" name="to bewilder, perplex">
      <aliases>
        <alias framenet="" pos="v" verbnet="">baffle</alias>
      </aliases>
      <note>BAFFLE-V NOTES: Frame created by Claire (from baffle.01-v)</note>
      <roles>
        <role descr="cause of bewilderment, stupefication" f="pag" n="0">
          <vnrole vncls="31.1" vntheta="stimulus"/>
        </role>
        <role descr="baffled entity" f="ppt" n="1">
          <vnrole vncls="31.1" vntheta="experiencer"/>
        </role>
        <role descr="instrument, if separate from arg0" f="mnr" n="2"/>
      </roles>
      <example name="with instrument" src="" type="">
        <text>John baffled Mary with his impression of stupid pet tricks.</text>
        <arg f="" n="0">John</arg>
        <rel f="">baffled</rel>
        <arg f="" n="1">Mary</arg>
        <arg f="" n="2">with his impression of stupid pet tricks</arg>
      </example>
    </roleset>
  </predicate>
</frameset>
