<!DOCTYPE frameset SYSTEM "frameset.dtd">
<frameset>
  <predicate lemma="bag">
    <roleset id="bag.01" name="to gain something and/or place in a location (bag)">
      <aliases>
        <alias framenet="" pos="v" verbnet="">bag</alias>
      </aliases>
      <note>BAG-V NOTES: Frames file for 'bag' based on sentences in EBC. Verbnet class 9.10; other framed members include bottle, can, file, house, imprison, pocket, shelve, trap. Frame created by Arrick (from bag.01-v)</note>
      <roles>
        <role descr="gainer/placer" f="PAG" n="0">
          <vnrole vncls="9.10" vntheta="Agent"/>
        </role>
        <role descr="thing gained/placed" f="PPT" n="1">
          <vnrole vncls="9.10" vntheta="Theme"/>
        </role>
        <role descr="bag, location" f="GOL" n="2">
          <vnrole vncls="9.10" vntheta="Destination"/>
        </role>
      </roles>
      <example name="financial gain" src="" type="">
        <text>In 1997 for example, of the 227 foreign films on release in Taiwan, one third -LRB- 72 films -RRB- were released * by the Taiwan branches of Hollywood companies, yet they bagged a 76 % share of total box office.</text>
        <arg f="" n="0">they</arg>
        <rel f="">bagged</rel>
        <arg f="" n="1">a 76 % share of total box office</arg>
      </example>
    </roleset>
    <roleset id="bag.02" name="discard or abandon">
      <aliases>
        <alias framenet="" pos="v" verbnet="">bag</alias>
      </aliases>
      <note>BAG-V NOTES: Based on twitter disaster data. No comparison. No VN or FN classes. Framed by Katie. (from bag.02-v)</note>
      <roles>
        <role descr="abandoner" f="PAG" n="0"/>
        <role descr="thing abandoned" f="ppt" n="1"/>
      </roles>
      <example name="abandon event" src="" type="">
        <inflection aspect="ns" form="ns" person="ns" tense="ns" voice="ns"/>
        <text>Bush, Cheney bag convention</text>
        <arg f="" n="0">Bush, Cheney</arg>
        <rel f="">bag</rel>
        <arg f="" n="1">convention</arg>
      </example>
    </roleset>
  </predicate>
</frameset>
