<!DOCTYPE frameset SYSTEM "frameset.dtd">
<frameset>
  <predicate lemma="baidu">
    <roleset id="baidu.01" name="use the chinese language search engine &quot;baidu&quot;">
      <aliases>
        <alias framenet="" pos="v" verbnet="">baidu</alias>
      </aliases>
      <note>BAIDU-V NOTES: Added by Julia based on Newswire. No VNcls. For reference, see http://en.wikipedia.org/wiki/Baidu . (from baidu.01-v)</note>
      <roles>
        <note>Usage should be the same as "google". (from baidu.01-v)</note>
        <role descr="Entity using the search engine" f="PAG" n="0"/>
        <role descr="thing looked up" f="ppt" n="1"/>
      </roles>
      <example name="just arg0" src="" type="">
        <inflection aspect="ns" form="ns" person="ns" tense="ns" voice="ns"/>
        <text>Therefore , text searches can reach the level of " when there is a question , let 's Baidu " , because text content on the Internet virtually covers all the information that we require on a daily basis .</text>
        <arg f="" n="0">'s</arg>
        <rel f="">Baidu</rel>
      </example>
      <example name="Both args" src="" type="">
        <inflection aspect="ns" form="ns" person="ns" tense="ns" voice="ns"/>
        <text>It sparked panic among "Baiduholics" like "lost-web", who-1 [*-1] baidued everything, sometimes even without realizing it.</text>
        <arg f="" n="0">[*-1] (= who)</arg>
        <arg f="slc" n="m">who -&gt; ["Baiduholics" like "lost-web"]</arg>
        <rel f="">baidued</rel>
        <arg f="" n="1">everything</arg>
        <arg f="adv" n="m">sometimes even without realizing it</arg>
      </example>
    </roleset>
  </predicate>
</frameset>
