<!DOCTYPE frameset SYSTEM "frameset.dtd">
<frameset>
  <predicate lemma="bail_out">
    <roleset id="bail_out.01" name="abandon a project">
      <aliases>
        <alias framenet="" pos="v" verbnet="">bail_out</alias>
      </aliases>
      <note>BAIL_OUT-V NOTES: Frames file for 'bail' based on automatic expansion through verbnet andsentences in the WSJ corpus. (from bail.01-v predicate notes)</note>
      <roles>
        <role descr="abadoner, agent" f="PAG" n="0">
          <vnrole vncls="10.4.1-1" vntheta="agent"/>
        </role>
        <role descr="project or enterprise" f="PPT" n="1">
          <vnrole vncls="10.4.1-1" vntheta="theme"/>
        </role>
      </roles>
      <example name="transitive" src="" type="">
        <inflection aspect="ns" form="infinitive" person="ns" tense="ns" voice="active"/>
        <text>But the board 's decision prompted many to bail out of the stock yesterday .</text>
        <arg f="" n="0">many</arg>
        <rel f="">[ bail] [ out]</rel>
        <arg f="" n="1">of the stock</arg>
        <arg f="tmp" n="m">yesterday</arg>
      </example>
    </roleset>
    <roleset id="bail_out.02" name="extricate from a difficult situation">
      <aliases>
        <alias framenet="" pos="v" verbnet="">bail_out</alias>
      </aliases>
      <note>BAIL_OUT-V NOTES: frames created by Olga (from bail.02-v)</note>
      <roles>
        <role descr="agent, causer" f="PAG" n="0">
          <vnrole vncls="10.4.1-1" vntheta="agent"/>
        </role>
        <role descr="entity extricated" f="PPT" n="1">
          <vnrole vncls="10.4.1-1" vntheta="theme"/>
        </role>
        <role descr="situation extricated from" f="DIR" n="2">
          <vnrole vncls="10.4.1-1" vntheta="source"/>
        </role>
      </roles>
      <example name="automatically generated" src="" type="">
        <inflection aspect="ns" form="infinitive" person="ns" tense="ns" voice="ns"/>
        <text>They say [0] that 's especially important this late in the growth phase of the economic cycle , when there 's [no robust bull market]*-1 [*-1] to bail investors out of their mistakes [*T*-2] .</text>
        <arg f="" n="0">[*-1]</arg>
        <rel f="">[ bail] [ out]</rel>
        <arg f="" n="1">investors</arg>
        <arg f="" n="2">of their mistakes</arg>
      </example>
    </roleset>
  </predicate>
</frameset>
