<!DOCTYPE frameset SYSTEM "frameset.dtd">
<frameset>
  <predicate lemma="bait">
    <roleset id="bait.01" name="tease, rag on">
      <aliases>
        <alias framenet="" pos="v" verbnet="">bait</alias>
        <alias framenet="" pos="n" verbnet="">baiting</alias>
      </aliases>
      <note>BAIT-V NOTES: Roleset for 'bait' based on parallel additions to VerbNet, sense groupings, and PropBank. Comparison with 'tease.' Framed by Claire (from bait.01-v)</note>
      <roles>
        <role descr="teaser" f="pag" n="0"/>
        <role descr="person being teased" f="gol" n="1"/>
        <role descr="teased about what?" f="ppt" n="2"/>
      </roles>
      <example name="An Affair to Remember" src="An Affair to Remember" type="An Affair to Remember">
        <inflection aspect="ns" form="ns" person="ns" tense="ns" voice="ns"/>
        <text>He baits her about missing their meeting atop the Empire State Building.</text>
        <arg f="" n="0">He</arg>
        <rel f="">baits</rel>
        <arg f="" n="1">her</arg>
        <arg f="" n="2">about missing their meeting atop the Empire State Building.</arg>
      </example>
      <example name="With manner" src="With manner" type="With manner">
        <inflection aspect="ns" form="ns" person="ns" tense="ns" voice="ns"/>
        <text>His boss baits him with letting him know what he is doing wrong.</text>
        <arg f="" n="0">His boss</arg>
        <rel f="">baits</rel>
        <arg f="" n="1">him</arg>
        <arg f="mnr" n="m">with letting him know what he is doing wrong.</arg>
      </example>
    </roleset>
    <roleset id="bait.02" name="lure, entice, entrap with bait">
      <aliases>
        <alias framenet="" pos="v" verbnet="">bait</alias>
        <alias framenet="" pos="n" verbnet="">baiting</alias>
      </aliases>
      <note>BAIT-V NOTES: Roleset for 'bait' based on parallel additions to VerbNet, sense groupings, and PropBank. Comparison to 'lure'.Framed by Claire (from bait.02-v)</note>
      <roles>
        <note>The bait itself can be the subject. Be careful to distinguish bait from agent baiting. (from bait.02-v)</note>
        <role descr="agent, volitional entity enticing" f="pag" n="0"/>
        <role descr="patient, entity lured, enticed, entrapped" f="ppt" n="1"/>
        <role descr="Trap, entity, action arg1 is lured towards or into" f="prd" n="2"/>
        <role descr="bait itself, instrument" f="mnr" n="3"/>
      </roles>
      <example name="Buffy the Vampire Slayer" src="Buffy the Vampire Slayer" type="Buffy the Vampire Slayer">
        <inflection aspect="ns" form="ns" person="ns" tense="ns" voice="ns"/>
        <text>He baits her into killing another vampire so he can watch her technique.</text>
        <arg f="" n="0">He</arg>
        <rel f="">baits</rel>
        <arg f="" n="1">her</arg>
        <arg f="" n="2">into killing another vampire</arg>
        <arg f="prp" n="m">so he can watch her technique</arg>
      </example>
      <example name="With bait" src="With bait" type="With bait">
        <inflection aspect="ns" form="ns" person="ns" tense="ns" voice="ns"/>
        <text>Employers bait employees into staying with perks and pay raises.</text>
        <arg f="" n="0">Employers</arg>
        <rel f="">bait</rel>
        <arg f="" n="1">employees</arg>
        <arg f="" n="2">into staying</arg>
        <arg f="" n="3">with perks and pay raises</arg>
      </example>
      <example name="Bait as subject, no agent" src="Bait as subject, no agent" type="Bait as subject, no agent">
        <inflection aspect="ns" form="ns" person="ns" tense="ns" voice="ns"/>
        <text>Lollipops and money bait children onto his lap.</text>
        <arg f="" n="3">Lollipops and money</arg>
        <rel f="">bait</rel>
        <arg f="" n="1">children</arg>
        <arg f="" n="2">onto his lap</arg>
      </example>
    </roleset>
    <roleset id="bait.03" name="put bait on a trap, hook, etc.">
      <aliases>
        <alias framenet="" pos="v" verbnet="">bait</alias>
      </aliases>
      <note>BAIT-V NOTES: Roleset for 'bait' based on parallel additions to VerbNet, sense groupings, and PropBank. VerbNet class butter-9.9. Comparison to 'blanket'.Framed by Claire (from bait.03-v)</note>
      <roles>
        <note>Unlike some other members of butter-9.9 class, it seems unlikely that arg2 could occur in the subject position: worms baited the hook? (from bait.03-v)</note>
        <role descr="agent, entity putting bait on trap, hook" f="pag" n="0">
          <vnrole vncls="9.9" vntheta="agent"/>
        </role>
        <role descr="entity baited, trap or hook itself" f="gol" n="1">
          <vnrole vncls="9.9" vntheta="destination"/>
        </role>
        <role descr="instrument, bait itself" f="ppt" n="2">
          <vnrole vncls="9.9" vntheta="theme"/>
        </role>
      </roles>
      <example name="All arguments" src="All arguments" type="All arguments">
        <inflection aspect="ns" form="ns" person="ns" tense="ns" voice="ns"/>
        <text>Fishermen bait hooks with chicken liver.</text>
        <arg f="" n="0">Fishermen</arg>
        <rel f="">bait</rel>
        <arg f="" n="1">hooks</arg>
        <arg f="" n="2">with chicken liver</arg>
      </example>
      <example name="Instructions" src="Instructions" type="Instructions">
        <inflection aspect="ns" form="ns" person="ns" tense="ns" voice="ns"/>
        <text>*PRO* bait each trap with cull apples, bread crumbs, or vegetable scraps.</text>
        <arg f="" n="0">*PRO*</arg>
        <rel f="">bait</rel>
        <arg f="" n="1">each trap</arg>
        <arg f="" n="2">with cull apples, bread crumbs, or vegetable scraps.</arg>
      </example>
    </roleset>
  </predicate>
</frameset>
