<!DOCTYPE frameset SYSTEM "frameset.dtd">
<frameset>
  <predicate lemma="bake">
    <roleset id="bake.01" name="create via heat">
      <aliases>
        <alias framenet="Cooking_creation Apply_heat Absorb_heat" pos="v" verbnet="">bake</alias>
        <alias framenet="" pos="n" verbnet="">baking</alias>
      </aliases>
      <note>BAKE-V NOTES: Based on Brown. Member of VNcls cooking-45.3, preparing-26.3-1, build-26.1. (from bake.01-v)</note>
      <roles>
        <role descr="baker" f="PAG" n="0">
          <vnrole vncls="45.3" vntheta="Agent"/>
          <vnrole vncls="26.3-1" vntheta="Agent"/>
          <vnrole vncls="26.1" vntheta="Agent"/>
        </role>
        <role descr="creation" f="ppt" n="1">
          <vnrole vncls="45.3" vntheta="Patient"/>
        </role>
        <role descr="ingredients" f="VSP" n="2">
          <vnrole vncls="26.1" vntheta="Material"/>
        </role>
        <role descr="benefactive" f="gol" n="3">
          <vnrole vncls="26.3-1" vntheta="Beneficiary"/>
          <vnrole vncls="26.1" vntheta="Beneficiary"/>
        </role>
      </roles>
      <example name="source and creation" src="" type="">
        <inflection aspect="ns" form="participle" person="ns" tense="present" voice="passive"/>
        <text>Today whole grains are freshly ground every day and baked into bread.</text>
        <arg f="tmp" n="m">Today</arg>
        <arg f="" n="2">whole grains</arg>
        <rel f="">baked</rel>
        <arg f="" n="1">into break</arg>
      </example>
      <example name="creation and source" src="" type="">
        <inflection aspect="ns" form="participle" person="ns" tense="ns" voice="passive"/>
        <text>[The bread]*-2 baked [*-2]from this mixture is light in color and fragrant in aroma.</text>
        <rel f="">baked</rel>
        <arg f="" n="1">[*-2]</arg>
        <arg f="" n="2">from this mixture</arg>
      </example>
      <example name="agent and creation" src="" type="">
        <inflection aspect="perfect" form="participle" person="ns" tense="past" voice="active"/>
        <text>The cooks had prepared one of the best meals we'd had in a long time, and on Montero's orders had baked enough bread to last the day.</text>
        <arg f="" n="0">The cooks</arg>
        <arg f="cau" n="m">on Montero's orders</arg>
        <rel f="">baked</rel>
        <arg f="" n="1">enough bread to last the day</arg>
      </example>
      <example name="and benefactive" src="" type="">
        <inflection aspect="ns" form="full" person="ns" tense="past" voice="active"/>
        <text>John baked Mary a cake.</text>
        <arg f="" n="0">John</arg>
        <rel f="">baked</rel>
        <arg f="" n="3">Mary</arg>
        <arg f="" n="1">a cake</arg>
      </example>
    </roleset>
  </predicate>
</frameset>
