<!DOCTYPE frameset SYSTEM "frameset.dtd">
<frameset>
  <predicate lemma="balance">
    <roleset id="balance.01" name="establish a balance">
      <aliases>
        <alias framenet="" pos="v" verbnet="">balance</alias>
      </aliases>
      <note>BALANCE-V NOTES: Frames file for 'balance' based on sentences in wsj. Verbnet entries 47.6, 45.4. (from balance.01-v predicate notes)</note>
      <roles>
        <role descr="balancer, agent" f="pag" n="0">
          <vnrole vncls="47.6" vntheta="agent"/>
          <vnrole vncls="45.4" vntheta="agent"/>
        </role>
        <role descr="thing balanced" f="ppt" n="1">
          <vnrole vncls="47.6" vntheta="theme"/>
          <vnrole vncls="45.4" vntheta="patient"/>
        </role>
        <role descr="in comparison to" f="ppt" n="2"/>
      </roles>
      <example name="simple transitive" src="simple transitive" type="simple transitive">
        <inflection aspect="ns" form="full" person="ns" tense="present" voice="active"/>
        <text>And even those who say some selective selling may be in order stress that [individuals]-3 need to be in the stock market *trace* to achieve their long-term investment objectives and to help *trace*-3 balance their other assets.</text>
        <arg f="" n="0">*trace*-3</arg>
        <rel f="">balance</rel>
        <arg f="" n="1">their other assets</arg>
      </example>
      <example name="ergative" src="ergative" type="ergative">
        <inflection aspect="ns" form="full" person="ns" tense="present" voice="active"/>
        <text>To make the books balance, as is required by law, somebody invented a new budget line item that simply subtracted $45 billion.</text>
        <arg f="" n="1">the books</arg>
        <rel f="">balance</rel>
        <arg f="adv" n="m">as is required by law</arg>
      </example>
      <example name="ergative with comparator" src="ergative with comparator" type="ergative with comparator">
        <inflection aspect="ns" form="full" person="ns" tense="present" voice="active"/>
        <text>[Stock-market investments]-1 also help *trace*-1 balance the other assets an individual owns, says John Blankenship Jr., president of the Institute of Certified Financial Planners.</text>
        <arg f="" n="1">*trace*-1</arg>
        <rel f="">balance</rel>
        <arg f="" n="2">the other assets an individual owns</arg>
      </example>
      <example name="passive with comparator" src="passive with comparator" type="passive with comparator">
        <inflection aspect="ns" form="participle" person="ns" tense="ns" voice="passive"/>
        <text>2 . In seeking approval of a TRO, the prosecutor must articulate [any anticipated impact that forfeiture and the TRO would have on innocent third parties]-2, balanced *trace*-2 against the government's need to preserve the assets.</text>
        <rel f="">balanced</rel>
        <arg f="" n="1">*trace*-2</arg>
        <arg f="" n="2">against the government's need to preserve the assets</arg>
      </example>
      <example name="agent and thing balanced merged" src="agent and thing balanced merged" type="agent and thing balanced merged">
        <inflection aspect="ns" form="full" person="ns" tense="past" voice="active"/>
        <text>John balanced on the peak of the roof.</text>
        <arg f="" n="0">John</arg>
        <rel f="">balanced</rel>
        <arg f="loc" n="m">on the peak of the roof</arg>
      </example>
    </roleset>
  </predicate>
  <predicate lemma="balance_out">
    <roleset id="balance_out.02" name="balance completely over time">
      <aliases>
        <alias framenet="" pos="v" verbnet="">balance_out</alias>
      </aliases>
      <note>BALANCE_OUT-V NOTES: Framed by Claire (from balance.02-v)</note>
      <roles>
        <role descr="balancer, agent doing balancing" f="pag" n="0"/>
        <role descr="focus, first thing balanced" f="ppt" n="1"/>
        <role descr="arg1 balances out with what?  Point of comparison when separate mention" f="ppt" n="2"/>
      </roles>
      <example name="Arg's 0 &amp; 1 only" src="Arg's 0 &amp; 1 only" type="Arg's 0 &amp; 1 only">
        <inflection aspect="ns" form="ns" person="ns" tense="ns" voice="ns"/>
        <text>Fortunately, [people's luck]-1 always tends *-1 to balance out.</text>
        <arg f="" n="1">*-1</arg>
        <rel f="">[balance][out]</rel>
      </example>
    </roleset>
  </predicate>
</frameset>
