<!DOCTYPE frameset SYSTEM "frameset.dtd">
<frameset>
  <predicate lemma="bale">
    <roleset id="bale.01" name="wrap stringy goods into a bale for easy trasport">
      <aliases>
        <alias framenet="" pos="v" verbnet="">bale</alias>
      </aliases>
      <note>BALE-V NOTES: Added by Julia. No VNcls. (from bale.01-v)</note>
      <roles>
        <role descr="Agent, packager" f="PAG" n="0"/>
        <role descr="the stringy goods being packaged" f="ppt" n="1"/>
        <role descr="end state" f="prd" n="2"/>
      </roles>
      <example name="All args" src="internet" type="">
        <inflection aspect="ns" form="ns" person="ns" tense="ns" voice="ns"/>
        <text>my contractor cut and baled the hay into 1200-lb rolls.</text>
        <arg f="" n="0">my contractor</arg>
        <rel f="">baled</rel>
        <arg f="" n="1">the hay</arg>
        <arg f="" n="2">into 1200-lb rolls</arg>
      </example>
    </roleset>
  </predicate>
</frameset>
