<!DOCTYPE frameset SYSTEM "frameset.dtd">
<frameset>
  <predicate lemma="balkanize">
    <roleset id="balkanize.01" name="to divide into smaller, quarrelsome and ineffectual groups">
      <aliases>
        <alias framenet="" pos="v" verbnet="">balkanize</alias>
      </aliases>
      <note>BALKANIZE-V NOTES: Frameset by Claire (from balkanize.01-v)</note>
      <roles>
        <role descr="causer, agent" f="pag" n="0"/>
        <role descr="larger group/region divided, entity balkanized" f="ppt" n="1"/>
        <role descr="resulting state of arg1, secondary predication on arg1" f="prd" n="2"/>
      </roles>
      <example name="Transitive" src="Transitive" type="Transitive">
        <text>There are efforts to expand it and generalize it in the region, or what is sometimes called *PRO* balkanizing the region, like what happened after the collapse of the Soviet Union.</text>
        <arg f="" n="0">*PRO*</arg>
        <rel f="">balkanizing</rel>
        <arg f="" n="1">the region</arg>
      </example>
      <example name="All args" src="web" type="">
        <inflection aspect="ns" form="ns" person="ns" tense="ns" voice="ns"/>
        <text>We have balkanized ourselves into islands of ethnocentrism: Italian-Americans, Irish-Americans, Jewish-Americans, Hispanic-Americans...</text>
        <arg f="" n="0">We</arg>
        <rel f="">balkanized</rel>
        <arg f="" n="1">ourselves</arg>
        <arg f="" n="2">into islands of ethnocentrism: Italian-Americans, Irish-Americans, Jewish-Americans, Hispanic-Americans...</arg>
      </example>
    </roleset>
  </predicate>
</frameset>
