<!DOCTYPE frameset SYSTEM "frameset.dtd">
<frameset>
  <predicate lemma="balk">
    <roleset id="balk.01" name="flinch, be hesitant">
      <aliases>
        <alias framenet="" pos="v" verbnet="">balk</alias>
      </aliases>
      <note>BALK-V NOTES: Frames file for 'balk' based on sentences in financial subcorpus andautomatic expansion via verbnet. (from balk.01-v predicate notes)</note>
      <roles>
        <role descr="balker" f="PPT" n="0">
          <vnrole vncls="40.5" vntheta="Experiencer"/>
        </role>
        <role descr="balk at, cause of hesitation" f="PAG" n="1">
          <vnrole vncls="40.5" vntheta="Stimulus"/>
        </role>
      </roles>
      <example name="all args" src="" type="">
        <inflection aspect="progressive" form="participle" person="ns" tense="present" voice="active"/>
        <text>Consumers, he said, are balking at higher prices on 1990 cars, especially after seeing the incentive-reduced prices on 1989 models.</text>
        <arg f="" n="0">Consumers</arg>
        <rel f="">balking</rel>
        <arg f="" n="1">at higher prices on 1990 cars</arg>
        <arg f="TMP" n="M">especially after seeing the incentive-reduced prices on 1989 models</arg>
      </example>
      <example name="intransitive" src="" type="">
        <inflection aspect="ns" form="full" person="ns" tense="past" voice="active"/>
        <text>When First Interstate balked, arguing that the figure was too high, regulators responded by raising their recommendation to $350 million.</text>
        <arg f="" n="0">First Interstate</arg>
        <rel f="">balked</rel>
        <arg f="ADV" n="M">arguing that the figure was too high</arg>
        <arg f="TMP" n="M">When</arg>
      </example>
    </roleset>
  </predicate>
</frameset>
