<!DOCTYPE frameset SYSTEM "frameset.dtd">
<frameset>
  <predicate lemma="ballet">
    <roleset id="ballet.01" name="dance ballet">
      <aliases>
        <alias framenet="" pos="n" verbnet="">ballet</alias>
      </aliases>
      <note>BALLET-N NOTES: Roleset based on instances in BOLT P01. Comparison to verb entry waltz.01. No VN or FN entries. (from ballet.01-n)</note>
      <roles>
        <role descr="dancer (s)" f="pag" n="0"/>
        <role descr="explicit mention of dance itself (rare, impossible?)" f="ppt" n="1"/>
      </roles>
      <example name="Light Verb Construction" src="BOLT P01" type="">
        <inflection aspect="ns" form="ns" person="ns" tense="ns" voice="ns"/>
        <text>People who-3 *T*-3 do ballet have it drilled into them, to the point where I find it more comfortable now.</text>
        <arg f="slc" n="m">who-3 * --&gt; people</arg>
        <arg f="" n="0">*T*-3</arg>
        <arg f="lvb" n="m">do</arg>
        <rel f="">ballet</rel>
      </example>
    </roleset>
  </predicate>
</frameset>
