<!DOCTYPE frameset SYSTEM "frameset.dtd">
<frameset>
  <predicate lemma="ball">
    <roleset id="ball.01" name="form into a ball shape">
      <aliases>
        <alias framenet="" pos="v" verbnet="">ball</alias>
      </aliases>
      <note>BALL-V NOTES: Added by Julia based on Brown corpus. Member of Vncls 26.5. Comparison to 'wad'. (from ball.01-v)</note>
      <roles>
        <role descr="causal agent" f="PAG" n="0">
          <vnrole vncls="26.5" vntheta="Agent"/>
        </role>
        <role descr="thing becoming ball-like" f="VSP" n="1">
          <vnrole vncls="26.5" vntheta="Material"/>
        </role>
        <role descr="end state" f="PRD" n="2">
          <vnrole vncls="26.5" vntheta="Product"/>
        </role>
      </roles>
      <example name="middle voice" src="Brown" type="-">
        <inflection aspect="ns" form="gerund" person="third" tense="present" voice="ns"/>
        <text>Gun stiffened , his hands balling into fists at his sides .</text>
        <arg f="" n="1">his hands</arg>
        <rel f="">balling</rel>
        <arg f="" n="2">into fists</arg>
        <arg f="loc" n="m">at his sides</arg>
      </example>
      <example name="all args" src="internet" type="-">
        <inflection aspect="ns" form="participle" person="third" tense="past" voice="active"/>
        <text>He-1 had stripped the shattered cigarette in the ashtray and *trace*-1 balled the paper into a dry spitball.</text>
        <arg f="" n="0">*trace*-1: He</arg>
        <rel f="">balled</rel>
        <arg f="" n="1">the paper</arg>
        <arg f="" n="2">into a dry spitball</arg>
      </example>
    </roleset>
  </predicate>
</frameset>
