<!DOCTYPE frameset SYSTEM "frameset.dtd">
<frameset>
  <predicate lemma="ballot">
    <roleset id="ballot.01" name="taking a vote (not the piece of paper! that is not eventive!)">
      <aliases>
        <alias framenet="" pos="n" verbnet="">ballot</alias>
        <alias framenet="" pos="v" verbnet="">ballot</alias>
      </aliases>
      <note>BALLOT-N NOTES: Added by Julia based on WN eventive nouns, vote-n.01. No VNcls. (from ballot.01-n)</note>
      <note>BALLOT-V NOTES: Automatically added alias.</note>
      <roles>
        <note>Most instances of 'ballot' in nouns are not going to be eventive. Please refer to the examples, watch out for light verbs, and be very careful! (from ballot.01-n)</note>
        <role descr="voters" f="PAG" n="0"/>
        <role descr="candidate/issue voted on" f="ppt" n="1"/>
        <role descr="numerical count of vote, margin" f="ext" n="2"/>
      </roles>
      <example name="just arg1" src="BOLT" type="">
        <inflection aspect="ns" form="ns" person="ns" tense="ns" voice="ns"/>
        <text>Julia Gillard has beaten her predecessor Kevin Rudd in a ballot for the federal Labor leadership by a margin of 73 votes to 29 .</text>
        <rel f="">ballot</rel>
        <arg f="" n="1">for the federal Labor leadership</arg>
      </example>
      <example name="NOT EVENTIVE!! Call this .YY" src="BOLT" type="">
        <inflection aspect="ns" form="ns" person="ns" tense="ns" voice="ns"/>
        <text>On Indian gaming , I 'll mention that the Navajo Nation put casino gambling on the ballot twice .</text>
        <rel f="">ballot</rel>
      </example>
      <example name="Light Verb: take" src="internet" type="">
        <inflection aspect="ns" form="ns" person="ns" tense="ns" voice="ns"/>
        <text>Well, after we had retired, why, we read over the questions and one thing and another, and spoke to one another about it, and It seemed like one was one way and one another, so we just took a ballot on It, and it was seven to five In favor of Mitchell.</text>
        <arg f="adv" n="m">so</arg>
        <arg f="" n="0">we</arg>
        <arg f="adv" n="m">just</arg>
        <arg f="lvb" n="m">took</arg>
        <rel f="">ballot</rel>
        <arg f="" n="1">on it</arg>
      </example>
    </roleset>
  </predicate>
</frameset>
