<!DOCTYPE frameset SYSTEM "frameset.dtd">
<frameset>
  <predicate lemma="balloon">
    <roleset id="balloon.01" name="to ride in a balloon">
      <aliases>
        <alias framenet="" pos="v" verbnet="">balloon</alias>
      </aliases>
      <note>BALLOON-V NOTES: Frames file for 'balloon' based on survey of sentences in the WSJ corpus. (from balloon.01-v predicate notes)</note>
      <roles>
        <role descr="balloonist, agent" f="pag" n="0">
          <vnrole vncls="51.4.1" vntheta="agent"/>
        </role>
      </roles>
      <example name="intransitive" src="" type="">
        <inflection aspect="ns" form="full" person="ns" tense="present" voice="active"/>
        <text>They will also tell you that even if you hate heights , you can still balloon .</text>
        <arg f="adv" n="m">even if you hate heights</arg>
        <arg f="" n="0">you</arg>
        <arg f="mod" n="m">can</arg>
        <arg f="adv" n="m">still</arg>
        <rel f="">balloon</rel>
      </example>
    </roleset>
    <roleset id="balloon.02" name="to increase or cause to increase">
      <aliases>
        <alias framenet="" pos="v" verbnet="">balloon</alias>
      </aliases>
      <note>BALLOON-V NOTES: Frames file for 'balloon' based on survey of sentences in the WSJ corpus. (from balloon.02-v predicate notes)</note>
      <roles>
        <role descr="agent, causer" f="pag" n="0"/>
        <role descr="entity increased" f="ppt" n="1">
          <vnrole vncls="45.6-1" vntheta="patient"/>
        </role>
        <role descr="endstate" f="prd" n="2"/>
      </roles>
      <example name="with Arg2" src="" type="">
        <inflection aspect="ns" form="infinitive" person="ns" tense="ns" voice="active"/>
        <text>A bloated payroll and pervasive graft caused Pemex 's operating costs to balloon to 95 cents of each $ 1 [*U*] in sales , far above the industry norm .</text>
        <arg f="" n="1">Pemex 's operating costs</arg>
        <rel f="">balloon</rel>
        <arg f="" n="2">to 95 cents of each $ 1 [*U*] in sales , far above the industry norm</arg>
      </example>
    </roleset>
  </predicate>
</frameset>
