<!DOCTYPE frameset SYSTEM "frameset.dtd">
<frameset>
  <predicate lemma="ballyhoo">
    <roleset id="ballyhoo.01" name="advertise noisily or blatantly">
      <aliases>
        <alias framenet="" pos="v" verbnet="">ballyhoo</alias>
      </aliases>
      <note>BALLYHOO-V NOTES: Frames file for 'ballyhoo' based on sentences in financial subcorpus. No Verbnet entry, no Framenet entry. No comparison. (from ballyhoo.01-v predicate notes)</note>
      <roles>
        <role descr="advertiser" f="PAG" n="0"/>
        <role descr="ad" f="PPT" n="1"/>
      </roles>
      <example name="I'll eat my hat if there's another example in the   entire friggin corpus" src="" type="">
        <inflection aspect="progressive" form="participle" person="third" tense="present" voice="passive"/>
        <text>[The problem]-1 is being ballyhooed *trace*-1, experts say, because the 486 is Intel's future flagship.</text>
        <rel f="">ballyhooed</rel>
        <arg f="" n="1">*trace*-1</arg>
        <arg f="" n="M">, experts say ,</arg>
        <arg f="CAU" n="M">because the 486 is Intel's future flagship</arg>
      </example>
    </roleset>
  </predicate>
</frameset>
