<!DOCTYPE frameset SYSTEM "frameset.dtd">
<frameset>
  <predicate lemma="bamboozle">
    <roleset id="bamboozle.01" name="to deceive or get the better of by trickery   or flattery">
      <aliases>
        <alias framenet="" pos="v" verbnet="">bamboozle</alias>
      </aliases>
      <note>BAMBOOZLE-V NOTES: Based on dictionary.com. Member of VNcls force-59. (from bamboozle.01-v)</note>
      <roles>
        <role descr="bamboozler, agent" f="PAG" n="0">
          <vnrole vncls="59" vntheta="Agent"/>
        </role>
        <role descr="bamboozled" f="PPT" n="1">
          <vnrole vncls="59" vntheta="Patient"/>
        </role>
        <role descr="into what" f="PRD" n="2">
          <vnrole vncls="59" vntheta="Result"/>
        </role>
      </roles>
      <example name="watch out for bamboozlers" src="" type="">
        <text>John bamboozled Mary into going to the basketball game with him.</text>
        <arg f="" n="0">John</arg>
        <rel f="">bamboozled</rel>
        <arg f="" n="1">Mary</arg>
        <arg f="" n="2">into going to the basketball game with him</arg>
      </example>
    </roleset>
  </predicate>
</frameset>
