<!DOCTYPE frameset SYSTEM "frameset.dtd">
<frameset>
  <predicate lemma="ban">
    <roleset id="ban.01" name="prohibit">
      <aliases>
        <alias framenet="" pos="v" verbnet="">ban</alias>
        <alias framenet="" pos="n" verbnet="">banning</alias>
      </aliases>
      <note>BAN-V NOTES: Frames file for 'ban' based on sentences in financial subcorpus. No verbnet entry. Loose comparison with 'allow' (from ban.01-v predicate notes)</note>
      <note>BANNING-N NOTES: Roleset based on instances in BOLT-P01, nouns parts 1&amp; 2. Based on verb entry ban.01, which maps to forbid-67. No framenet entry for the noun banning. (from banning.01-n)</note>
      <roles>
        <role descr="lawgiver, usually" f="PAG" n="0">
          <vnrole vncls="67" vntheta="agent"/>
        </role>
        <role descr="activity/place/item not allowed; banned from" f="ppt" n="1">
          <vnrole vncls="67" vntheta="theme"/>
        </role>
        <role descr="secondary agent; entity banned from engaging in/entering arg1" f="gol" n="2"/>
      </roles>
      <example name="typical usage" src="" type="">
        <text>...to have them pressure the exchange to ban program trading.</text>
        <arg f="" n="0">the exchange</arg>
        <rel f="">ban</rel>
        <arg f="" n="1">program trading</arg>
      </example>
      <example name="all args" src="BOLT" type="">
        <inflection aspect="ns" form="ns" person="ns" tense="ns" voice="ns"/>
        <text>I hope the FA ban him from all matches for life , and the courts give him a suspended sentence and some kind of community service .</text>
        <arg f="" n="0">the FA</arg>
        <rel f="">ban</rel>
        <arg f="" n="2">him</arg>
        <arg f="" n="1">from all matches</arg>
        <arg f="tmp" n="m">for life</arg>
      </example>
      <example name="args 0, 1" src="BOLT" type="">
        <inflection aspect="ns" form="ns" person="ns" tense="ns" voice="ns"/>
        <text>Recently France-1 decided *-1 to ban the burka in public places in the interest of public security .</text>
        <arg f="" n="0">*-1</arg>
        <rel f="">ban</rel>
        <arg f="" n="1">the burka</arg>
        <arg f="loc" n="m">in public places</arg>
        <arg f="prp" n="m">in the interest of public security</arg>
      </example>
      <example name="not very helpful example" src="BOLT-P01 nouns parts 1 &amp; 2" type="">
        <text>Free speech is free speech and expressing free speech is actually opposite of the " banning " that is being alleged .</text>
        <rel f="">banning</rel>
        <arg f="adj" n="m">that is being alleged .</arg>
      </example>
      <example name="Args 0 &amp; 1" src="web" type="">
        <inflection aspect="ns" form="ns" person="ns" tense="ns" voice="ns"/>
        <text>The European Commission has been called a nanny state by Martin Callanan for their banning of mercury in barometers as of June 2007.</text>
        <arg f="" n="0">their</arg>
        <rel f="">banning</rel>
        <arg f="" n="1">of mercury in barometers</arg>
        <arg f="tmp" n="m">as of June 2007.</arg>
      </example>
      <example name="Args 1 &amp; 2, action represented as PP" src="web" type="">
        <inflection aspect="ns" form="ns" person="ns" tense="ns" voice="ns"/>
        <text>The banning of women from coffeehouses was not universal, but does appear to have been common in Europe.</text>
        <rel f="">banning</rel>
        <arg f="" n="2">of women</arg>
        <arg f="" n="1">from coffehouses</arg>
      </example>
    </roleset>
  </predicate>
</frameset>
