<!DOCTYPE frameset SYSTEM "frameset.dtd">
<frameset>
  <predicate lemma="bandage">
    <roleset id="bandage.01" name="apply bandage to wound">
      <aliases>
        <alias framenet="" pos="v" verbnet="">bandage</alias>
      </aliases>
      <note>BANDAGE-V NOTES: Based on Brown. Member of VNcls fill-9.8. (from bandage.01-v)</note>
      <roles>
        <role descr="applier" f="PAG" n="0">
          <vnrole vncls="9.8" vntheta="Agent"/>
        </role>
        <role descr="wound" f="GOL" n="1">
          <vnrole vncls="9.8" vntheta="Destination"/>
        </role>
      </roles>
      <example name="passive" src="" type="">
        <inflection aspect="ns" form="ns" person="ns" tense="ns" voice="ns"/>
        <text>At the King Arthur one guest had had [his head]*-1 heavily bandaged [*-1], and another had a bandaged foot and had walked with crutches .</text>
        <arg f="mnr" n="m">heavily</arg>
        <rel f="">bandaged</rel>
        <arg f="" n="1">[*-1]</arg>
      </example>
    </roleset>
  </predicate>
  <predicate lemma="bandage_up">
    <roleset id="bandage_up.03" name="bandage completely">
      <aliases>
        <alias framenet="" pos="v" verbnet="">bandage_up</alias>
      </aliases>
      <note>BANDAGE_UP-V NOTES: Added by Julia based on Call Home. No VNcls, but see fill-9.8. (from bandage.03-v)</note>
      <roles>
        <role descr="bandager" f="PAG" n="0">
          <vnrole vncls="9.8" vntheta="Agent"/>
        </role>
        <role descr="bandaged" f="GOL" n="1">
          <vnrole vncls="9.8" vntheta="Destination"/>
        </role>
      </roles>
      <example name="passive" src="call home" type="-">
        <inflection aspect="ns" form="participle" person="third" tense="past" voice="passive"/>
        <text>But she 's like she had to have [her hand]-1 bandaged *trace*-1 up and stuff</text>
        <rel f="">[bandaged] [up]</rel>
        <arg f="" n="1">*trace*-1</arg>
      </example>
    </roleset>
  </predicate>
</frameset>
