<!DOCTYPE frameset SYSTEM "frameset.dtd">
<frameset>
  <predicate lemma="band">
    <roleset id="band.01" name="attach">
      <aliases>
        <alias framenet="" pos="n" verbnet="">banding</alias>
        <alias framenet="" pos="v" verbnet="">band</alias>
      </aliases>
      <note>BAND-V NOTES: Frames file for 'band' based on sentences in wsj. Verbnet entries 22.4, 22.3-2. (from band.01-v predicate notes)</note>
      <note>BANDING-N NOTES: band.01 (from banding.01-n)</note>
      <roles>
        <role descr="causer of banding together, agent" f="pag" n="0">
          <vnrole vncls="22.3-2" vntheta="agent"/>
          <vnrole vncls="22.4" vntheta="agent"/>
        </role>
        <role descr="first (or all) thing(s) attached" f="ppt" n="1">
          <vnrole vncls="22.3-2" vntheta="patient"/>
          <vnrole vncls="22.4" vntheta="patient"/>
        </role>
        <role descr="other things, if present/separate" f="ppt" n="2">
          <vnrole vncls="22.4" vntheta="co-patient"/>
        </role>
        <role descr="attribute of patients" f="prd" n="3"/>
      </roles>
      <example name="always band together?" src="" type="">
        <inflection aspect="ns" form="infinitive" person="ns" tense="ns" voice="ns"/>
        <text>[Many of the companies]-2 are even dropping their traditional independence and trying *trace*-2 to band together to create some sort of standard.</text>
        <arg f="" n="1">*trace*-2</arg>
        <rel f="">band</rel>
        <arg f="" n="3">together</arg>
        <arg f="pnc" n="m">to create some sort of standard</arg>
      </example>
      <example name="Arg0, 1" src="" type="">
        <inflection aspect="ns" form="ns" person="ns" tense="ns" voice="ns"/>
        <text>Stewart is optimistic about the species population, and with his banding of dozens and dozens of birds each year, he knows that there is more to find out about this hawk that is called "the Urban Bird."</text>
        <arg f="" n="0">his</arg>
        <rel f="">banding</rel>
        <arg f="" n="1">of dozens and dozens of birds</arg>
        <arg f="tmp" n="m">each year</arg>
      </example>
    </roleset>
  </predicate>
</frameset>
