<!DOCTYPE frameset SYSTEM "frameset.dtd">
<frameset>
  <predicate lemma="bang">
    <roleset id="bang.01" name="emit banging noise">
      <aliases>
        <alias framenet="Sounds" pos="n" verbnet="">banging</alias>
        <alias framenet="" pos="v" verbnet="">bang</alias>
      </aliases>
      <note>BANG-V NOTES: Frames file for 'bang' based on sentences in wsj. Verbnet entries 18.1, 43.2, 18.4, and 9.3; Framenet entry Motion noise. (from bang.01-v predicate notes)</note>
      <note>BANGING-N NOTES: Added by Julia based on bang-v.01. Corresponds to VNcls sound_emission-43.2. (from banging.01-n)</note>
      <roles>
        <role descr="thing emitting noise" f="ppt" n="0">
          <vnrole vncls="43.2" vntheta="theme"/>
        </role>
      </roles>
      <example name="bang!" src="" type="">
        <inflection aspect="ns" form="full" person="ns" tense="past" voice="active"/>
        <text>The window shutters banged in the wind.</text>
        <arg f="" n="0">The window shutters</arg>
        <rel f="">banged</rel>
        <arg f="loc" n="m">in the wind</arg>
      </example>
      <example name="the one arg, plus LOC" src="-" type="">
        <inflection aspect="ns" form="ns" person="ns" tense="ns" voice="ns"/>
        <text>The door's banging in the wind kept John up all night.</text>
      </example>
    </roleset>
    <roleset id="bang.02" name="strike so as to make banging noise">
      <aliases>
        <alias framenet="" pos="v" verbnet="">bang</alias>
        <alias framenet="" pos="n" verbnet="">banging</alias>
      </aliases>
      <note>BANG-V NOTES: Frames file for 'bang' based on sentences in wsj. Verbnet entries 18.1, 43.2, 18.4, and 9.3; Framenet entry Motion noise. (from bang.02-v predicate notes)</note>
      <note>BANGING-N NOTES: Added by Julia based on bang-v.02. Corresponds to VNcls bump-18.4-1, hit-18.1. (from banging.02-n)</note>
      <roles>
        <role descr="striker, agent" f="pag" n="0">
          <vnrole vncls="18.1" vntheta="agent"/>
        </role>
        <role descr="thing hit" f="ppt" n="1">
          <vnrole vncls="18.1" vntheta="patient"/>
          <vnrole vncls="18.4-1" vntheta="theme"/>
        </role>
        <role descr="attribute of arg1" f="prd" n="2"/>
      </roles>
      <example name="just transitive" src="" type="">
        <inflection aspect="ns" form="full" person="third" tense="present" voice="active"/>
        <text>He bangs on the piece of paper in frustration, then turns and walks away.</text>
        <arg f="" n="0">He</arg>
        <rel f="">bangs</rel>
        <arg f="" n="1">on the piece of paper</arg>
        <arg f="mnr" n="m">in frustration</arg>
      </example>
      <example name="He's back!" src="" type="">
        <inflection aspect="ns" form="full" person="ns" tense="past" voice="active"/>
        <text>John banged open the lid of his coffin.</text>
        <arg f="" n="0">John</arg>
        <rel f="">banged</rel>
        <arg f="" n="2">open</arg>
        <arg f="" n="1">the lid of his coffin</arg>
      </example>
      <example name="all args" src="internet" type="">
        <inflection aspect="ns" form="ns" person="ns" tense="ns" voice="ns"/>
        <text>The confrontation between supriya and him, his anger, his banging the door shut and what followed next, was all so fresh in her memory.</text>
        <arg f="" n="0">his</arg>
        <rel f="">banging</rel>
        <arg f="" n="1">the door</arg>
        <arg f="" n="2">shut</arg>
      </example>
    </roleset>

    <roleset id="bang.04" name="have sexual relations">
      <aliases>
        <alias framenet="" pos="n" verbnet="">banging</alias>
        <alias framenet="" pos="v" verbnet="">bang</alias>
      </aliases>
      <note>BANGING-N NOTES: Added by Julia based on BOLT. No VNcls. (from banging.03-n)</note>
      <roles>
        <role descr="first party" f="PAG" n="0"/>
        <role descr="second party" f="ppt" n="1"/>
      </roles>
      <example name="TMP" src="BOLT" type="">
        <inflection aspect="ns" form="ns" person="ns" tense="ns" voice="ns"/>
        <text>I get the impression she likes you and is maybe looking for something a little bit serious than occasional banging ..</text>
        <arg f="tmp" n="m">occasional</arg>
        <rel f="">banging</rel>
      </example>
    </roleset>
  </predicate>

  <predicate lemma="bang_on">
    <roleset id="bang_on.03" name="talk about ceaselessly">
      <aliases>
        <alias framenet="" pos="v" verbnet="">bang_on</alias>
      </aliases>
      <note>BANG_ON-V NOTES: Added by Julia based on BOLT. No VNcls. (from bang.03-v)</note>
      <roles>
        <role descr="talker" f="pag" n="0"/>
        <role descr="topic, utterance" f="ppt" n="1"/>
        <role descr="audience" f="gol" n="2"/>
      </roles>
      <example name="args 0, 1" src="BOLT" type="">
        <inflection aspect="ns" form="ns" person="ns" tense="ns" voice="ns"/>
        <text>Most of the past riots have been majorly white , nobody-1 starts *-1 banging on about race then and they should n't .</text>
        <arg f="" n="0">*-1</arg>
        <rel f="">[banging] [on]</rel>
        <arg f="" n="1">about race</arg>
        <arg f="tmp" n="m">then</arg>
      </example>
    </roleset>
  </predicate>
</frameset>
