<!DOCTYPE frameset SYSTEM "frameset.dtd">
<frameset>
  <predicate lemma="banish">
    <roleset id="banish.01" name="send away, expel">
      <aliases>
        <alias framenet="" pos="v" verbnet="">banish</alias>
      </aliases>
      <note>BANISH-V NOTES: I have an intuition about a destination arg also;"banish to thehinterlands". (from banish.01-v)</note>
      <roles>
        <role descr="banisher, agent" f="PAG" n="0">
          <vnrole vncls="10.2" vntheta="Agent"/>
        </role>
        <role descr="entity expelled" f="PPT" n="1">
          <vnrole vncls="10.2" vntheta="Theme"/>
        </role>
        <role descr="expelled from" f="DIR" n="2">
          <vnrole vncls="10.2" vntheta="Source"/>
        </role>
      </roles>
      <example name="transitive" src="" type="">
        <inflection aspect="ns" form="full" person="ns" tense="present" voice="active"/>
        <text>The whole idea of computer-integrated manufacturing, CIM, seems to be making a comeback after losing a little luster over the past couple of years when it became apparent that it wasn't a panacea that [*T*-1] would make U.S. plants more efficient and banish foreign competition.</text>
        <arg f="RCL" n="M">that -&gt; a panacea</arg>
        <arg f="" n="0">[*T*-1]</arg>
        <arg f="MOD" n="M">would</arg>
        <rel f="">banish</rel>
        <arg f="" n="1">foreign competition</arg>
      </example>
      <example name="passive" src="" type="">
        <inflection aspect="ns" form="participle" person="ns" tense="present" voice="passive"/>
        <text>Meanwhile, they tackle the mounds of paper -- and fantasize about a dream world where [bulk-mail postal regulations and government inspectors]*-1 are banished [*-1].</text>
        <rel f="">banished</rel>
        <arg f="" n="1">[*-1]</arg>
      </example>
      <example name="all args" src="" type="">
        <inflection aspect="ns" form="full" person="ns" tense="past" voice="active"/>
        <text>Mary banished John from her bedroom forever.</text>
        <arg f="" n="0">Mary</arg>
        <rel f="">banished</rel>
        <arg f="" n="1">John</arg>
        <arg f="" n="2">from her bedroom</arg>
        <arg f="TMP" n="m">forever</arg>
      </example>
    </roleset>
  </predicate>
</frameset>
