<!DOCTYPE frameset SYSTEM "frameset.dtd">
<frameset>
  <predicate lemma="bankroll">
    <roleset id="bankroll.01" name="provide funding for">
      <aliases>
        <alias framenet="" pos="v" verbnet="">bankroll</alias>
      </aliases>
      <note>BANKROLL-V NOTES: Frames file for 'bankroll' based on sentences in wsj. No Verbnet entry. (from bankroll.01-v predicate notes)</note>
      <roles>
        <role descr="financ(i)er" f="pag" n="0"/>
        <role descr="thing financed" f="ppt" n="1"/>
        <role descr="money" f="mnr" n="2"/>
      </roles>
      <example name="hollywood glitz" src="" type="">
        <inflection aspect="ns" form="infinitive" person="ns" tense="ns" voice="ns"/>
        <text>Their stock in trade as ``executive producers'' is sniffing out hot properties, locking them up and then getting big studios to bankroll and distribute them.</text>
        <arg f="" n="0">big studios</arg>
        <rel f="">bankroll</rel>
        <arg f="" n="1">them</arg>
      </example>
    </roleset>
  </predicate>
</frameset>
