<!DOCTYPE frameset SYSTEM "frameset.dtd">
<frameset>
  <predicate lemma="bank">
    <roleset id="bank.01" name="put (money) in the bank">
      <aliases>
        <alias framenet="" pos="v" verbnet="">bank</alias>
        <alias framenet="" pos="n" verbnet="">banking</alias>
      </aliases>
      <note>BANK-V NOTES: Frames file for 'bank' based on sentences in wsj. Verbnet entry 9.10, Framenet entry Placing. Frames file for 'bank' based on sentences in ectb 2. Verbnet entry 70; other framed members include bet, count, depend, figure, reckon, rely. Comparison with 'count', 'depend', 'rely'. (from bank.01-v predicate notes)</note>
      <note>BANKING-N NOTES: Roleset based on verb entry bank.01, OntoNotes grouping banking-n sense 2; maps to VN class pocket-9.10. Framed by Claire. (from banking.01-n)</note>
      <roles>
        <role descr="putter, agent" f="pag" n="0">
          <vnrole vncls="9.10" vntheta="agent"/>
        </role>
        <role descr="money" f="ppt" n="1">
          <vnrole vncls="9.10" vntheta="theme"/>
        </role>
        <role descr="bank" f="gol" n="2">
          <vnrole vncls="9.10" vntheta="destination"/>
        </role>
      </roles>
      <example name="no mention of bank" src="" type="">
        <inflection aspect="ns" form="full" person="ns" tense="present" voice="active"/>
        <text>What do you say we all close down the poker game, go home and bank the $ 16 billion *U* ?</text>
        <arg f="" n="0">we all</arg>
        <rel f="">bank</rel>
        <arg f="" n="1">the $ 16 billion *U*</arg>
      </example>
      <example name="" src="" type="">
        <inflection aspect="ns" form="full" person="third" tense="present" voice="active"/>
        <text>John banks at the Lower Slobovia Federated Savings and Loan.</text>
        <arg f="" n="0">John</arg>
        <rel f="">banks</rel>
        <arg f="" n="2">at the Lower Slobovia Ferderated Savings and Loan,</arg>
      </example>
      <example name="LOC only" src="ON sense 2" type="">
        <inflection aspect="ns" form="full" person="ns" tense="present" voice="active"/>
        <text>Online banking is simple and convenient.</text>
        <arg f="loc" n="m">online</arg>
        <rel f="">banking</rel>
      </example>
      <example name="Args 0 &amp; 1, real example despite the &quot;John&quot;" src="web" type="">
        <inflection aspect="ns" form="full" person="third" tense="present" voice="active"/>
        <text>After several years, "John" was eventually located through his banking of the ransom money, sketches of him, and the handwriting analysis.</text>
        <arg f="" n="0">his</arg>
        <rel f="">banking</rel>
        <arg f="" n="1">of the ransom money</arg>
      </example>
      <example name="With arg 2, invented" src="invented" type="">
        <inflection aspect="ns" form="ns" person="ns" tense="ns" voice="ns"/>
        <text>Banking at Bank One of Sweden got Mary into trouble with her accountant.</text>
        <rel f="">banking</rel>
        <arg f="" n="2">at Bank One of Sweden</arg>
      </example>
      <example name="&quot;With&quot; alternant, arg 2" src="web" type="">
        <inflection aspect="ns" form="ns" person="ns" tense="ns" voice="ns"/>
        <text>Banking with ING is extremely frustrating.</text>
        <rel f="">banking</rel>
        <arg f="" n="2">with ING</arg>
      </example>
    </roleset>
    <roleset id="bank.02" name="turn like an airplane">
      <aliases>
        <alias framenet="" pos="v" verbnet="">bank</alias>
      </aliases>
      <note>BANK-V NOTES: Frames file for 'bank' based on sentences in wsj. Verbnet entry 9.10, Framenet entry Placing. Frames file for 'bank' based on sentences in ectb 2. Verbnet entry 70; other framed members include bet, count, depend, figure, reckon, rely. Comparison with 'count', 'depend', 'rely'. (from bank.02-v predicate notes)</note>
      <roles>
        <role descr="pilot" f="pag" n="0"/>
        <role descr="aeroplane" f="ppt" n="1"/>
      </roles>
      <example name="I can fly!" src="" type="">
        <inflection aspect="ns" form="full" person="ns" tense="past" voice="active"/>
        <text>John banked the plane into the wind.</text>
        <arg f="" n="0">John</arg>
        <rel f="">banked</rel>
        <arg f="" n="1">the the plane</arg>
        <arg f="dir" n="m">into the wind</arg>
      </example>
    </roleset>
    <roleset id="bank.04" name="rely, depend, bet, take for granted">
      <aliases>
        <alias framenet="" pos="v" verbnet="">bank</alias>
      </aliases>
      <note>BANK-V NOTES: Frame created by Arrick (from bank.04-v)</note>
      <roles>
        <role descr="relier, better" f="pag" n="0">
          <vnrole vncls="70" vntheta="agent"/>
        </role>
        <role descr="thing depeded, banked on" f="ppt" n="1">
          <vnrole vncls="70" vntheta="theme"/>
        </role>
        <role descr="for, in order to" f="prp" n="2"/>
      </roles>
      <example name="no needer" src="" type="">
        <text>* To bank on fish tanks.</text>
        <arg f="" n="0">*</arg>
        <rel f="">bank</rel>
        <arg f="" n="1">on fish tanks</arg>
      </example>
      <example name="args 0, 1" src="BOLT" type="">
        <inflection aspect="ns" form="ns" person="ns" tense="ns" voice="ns"/>
        <text>He said we 'll not make reservations but we will make plans etc but *PRO* not to bank on it .</text>
        <arg f="" n="0">*PRO*</arg>
        <arg f="neg" n="m">not</arg>
        <rel f="">bank</rel>
        <arg f="" n="1">on it</arg>
      </example>
    </roleset>
  </predicate>
  <predicate lemma="bank_up">
    <roleset id="bank_up.03" name="create an embankment">
      <aliases>
        <alias framenet="" pos="v" verbnet="">bank_up</alias>
      </aliases>
      <note>BANK_UP-V NOTES: could also be nonphrasal (from bank.03-v)</note>
      <roles>
        <role descr="creator" f="pag" n="0"/>
        <role descr="embankment or location" f="ppt" n="1"/>
        <role descr="substance of embankment" f="vsp" n="2"/>
      </roles>
      <example name="no creator" src="" type="">
        <inflection aspect="ns" form="participle" person="third" tense="past" voice="passive"/>
        <text>It was a long, low room, like a root cellar, for [it]*-1 was banked [*-1]up with soil, and vines had run [*-2] rampant over that, too.</text>
        <rel f="">[banked] [up]</rel>
        <arg f="" n="1">*-1</arg>
        <arg f="" n="2">with soil</arg>
      </example>
    </roleset>
  </predicate>
</frameset>
