<!DOCTYPE frameset SYSTEM "frameset.dtd">
<frameset>
  <predicate lemma="bankrupt">
    <roleset id="bankrupt.01" name="to cause to become bankrupt (financially or otherwise)">
      <aliases>
        <alias framenet="" pos="j" verbnet="">bankrupt</alias>
        <alias framenet="" pos="v" verbnet="">bankrupt</alias>
        <alias framenet="" pos="n" verbnet="">bankruptcy</alias>
      </aliases>
      <note>BANKRUPT-V NOTES: Frames file for 'bankrupt' based on survey of sentences in the WSJ corpus. (from bankrupt.01-v predicate notes)</note>
      <note>BANKRUPTCY-N NOTES: Roleset based on verb entry bankrupt.01, OntoNotes grouping bankruptcy-n sense 2; no mapping to VN. Framed by Claire. (from bankruptcy.01-n)</note>
      <note>BANKRUPT-J NOTES: Automatically created by Julia as an alias file for unification. (from bankrupt.01-j)</note>
      <roles>
        <role descr="causer" f="PAG" n="0"/>
        <role descr="person bankrupt" f="PPT" n="1"/>
      </roles>
      <example name="transitive" src="" type="">
        <inflection aspect="ns" form="full" person="ns" tense="present" voice="active"/>
        <text>Though [*-1] obscure to most investors , the question of whether [*]to list options on more than one exchange has aroused much interest in Congress , mainly because regional exchanges fear [0] the change could bankrupt them .</text>
        <arg f="" n="0">the change</arg>
        <arg f="MOD" n="M">could</arg>
        <rel f="">bankrupt</rel>
        <arg f="" n="1">them</arg>
      </example>
      <example name="Arg 1 only" src="ON sense 2" type="">
        <text>Fraudulent loans led to the bankruptcy of many fine, upstanding corporations.</text>
        <rel f="">bankruptcy</rel>
        <arg f="" n="1">of many fine, upstanding corporations</arg>
      </example>
      <example name="NP only, Arg1" src="NomBank Frames" type="">
        <text>the bankruptcy of factories</text>
        <rel f="">bankruptcy</rel>
        <arg f="" n="1">of factories</arg>
      </example>
      <example name="Args 0 &amp; 1" src="web" type="">
        <inflection aspect="ns" form="ns" person="ns" tense="ns" voice="ns"/>
        <text>This article has more depth than other material about Nolan Bushnell, as it talks more about the person and his strengths and weaknesses than just his statistics; referring to his bankruptcy of his other major project, Chuck E. Cheese.</text>
        <arg f="" n="0">his</arg>
        <rel f="">bankruptcy</rel>
        <arg f="" n="1">of his other major project, Chuck E. Cheese.</arg>
      </example>
    </roleset>
  </predicate>
</frameset>
