<!DOCTYPE frameset SYSTEM "frameset.dtd">
<frameset>
  <predicate lemma="banquet">
    <roleset id="banquet.01" name="feast">
      <aliases>
        <alias framenet="" pos="v" verbnet="">banquet</alias>
      </aliases>
      <note>BANQUET-V NOTES: Hand-corrected by Claire (from banquet.01-v)</note>
      <roles>
        <role descr="eater" f="PAG" n="0">
          <vnrole vncls="39.5" vntheta="Agent"/>
        </role>
        <role descr="eaten" f="PPT" n="1">
          <vnrole vncls="39.5" vntheta="Patient"/>
        </role>
      </roles>
      <example name="All arguments" src="web usage" type="">
        <text>They banqueted on pheasant, wild boar, and three kinds of fish.</text>
        <arg f="" n="0">They</arg>
        <rel f="">banqueted</rel>
        <arg f="" n="1">on pheasant, wild boar, and three kinds of fish</arg>
      </example>
    </roleset>
  </predicate>
</frameset>
