<!DOCTYPE frameset SYSTEM "frameset.dtd">
<frameset>
  <predicate lemma="banter">
    <roleset id="banter.01" name="speak jokingly, lightheartedly">
      <aliases>
        <alias framenet="" pos="v" verbnet="">banter</alias>
      </aliases>
      <note>BANTER-V NOTES: Hand-corrected by Claire (from banter.01-v)</note>
      <roles>
        <role descr="first speaker (or all speakers if in one mention" f="pag" n="0">
          <vnrole vncls="36.1" vntheta="agent"/>
        </role>
        <role descr="second speaker (when separate mention)" f="com" n="1">
          <vnrole vncls="36.1" vntheta="co-agent"/>
        </role>
        <role descr="topic, bantered about what?" f="ppt" n="2"/>
      </roles>
      <example name="Speakers in single mention, with topic" src="web usage" type="">
        <text>Throughout the interview, however, they bantered about each other's teams and noted players who were doing well.</text>
        <arg f="tmp" n="m">Throughout the interview</arg>
        <arg f="adv" n="m">however</arg>
        <arg f="" n="0">they</arg>
        <rel f="">bantered</rel>
        <arg f="" n="2">about each other's teams</arg>
      </example>
      <example name="All arguments" src="web usage" type="">
        <inflection aspect="ns" form="ns" person="ns" tense="ns" voice="ns"/>
        <text>He bantered with her about her outfit.</text>
        <arg f="" n="0">He</arg>
        <rel f="">bantered</rel>
        <arg f="" n="1">with her</arg>
        <arg f="" n="2">about her outfit</arg>
      </example>
    </roleset>
  </predicate>
</frameset>
