<!DOCTYPE frameset SYSTEM "frameset.dtd">
<frameset>
  <predicate lemma="baptize">
    <roleset id="baptize.01" name="initiate">
      <aliases>
        <alias framenet="" pos="v" verbnet="">baptize</alias>
      </aliases>
      <note>BAPTIZE-V NOTES: Frames file for 'baptize' based on sentences in brown. (from baptize.01-v predicate notes)</note>
      <roles>
        <role descr="initiator" f="pag" n="0"/>
        <role descr="initiatee" f="ppt" n="1"/>
        <role descr="thing being initiated in (a discipline, school of thought, society, etc.)" f="gol" n="2"/>
      </roles>
      <example name="passive, with Arg2-in (-)" src="" type="">
        <inflection aspect="ns" form="ns" person="ns" tense="ns" voice="ns"/>
        <text>The novelist who [*T*-2] has been badly baptized [*-1]in psychoanalysisoften gives us the impression that since all men must have an Oedipus complexall men must have the same faces .</text>
        <arg f="rcl" n="m">who -&gt; The novelist</arg>
        <rel f="">baptized</rel>
        <arg f="" n="1">[*T*-2]</arg>
        <arg f="" n="2">in psychoanalysis</arg>
      </example>
    </roleset>
    <roleset id="baptize.02" name="give a first or christian name to a person">
      <aliases>
        <alias framenet="" pos="v" verbnet="">baptize</alias>
      </aliases>
      <note>BAPTIZE-V NOTES: Framed by Neville. (from baptize.02-v)</note>
      <roles>
        <role descr="baptizer" f="pag" n="0">
          <vnrole vncls="29.3" vntheta="agent"/>
        </role>
        <role descr="baptizee" f="ppt" n="1">
          <vnrole vncls="29.3" vntheta="theme"/>
        </role>
      </roles>
      <example name="passive" src="" type="">
        <inflection aspect="ns" form="ns" person="ns" tense="ns" voice="ns"/>
        <text>He had already been studying the Bible ; he knew the fundamentals , andafter [*] studying with Fletcher for a time he approached Rector , announcedthat [he]*-1 wanted [*-2] to be baptized [*-1] and that was that .</text>
        <rel f="">baptized</rel>
        <arg f="" n="1">[*-1]</arg>
      </example>
    </roleset>
  </predicate>
</frameset>
