<!DOCTYPE frameset SYSTEM "frameset.dtd">
<frameset>
  <predicate lemma="bar">
    <roleset id="bar.01" name="stop, prevent">
      <aliases>
        <alias framenet="" pos="v" verbnet="">bar</alias>
      </aliases>
      <note>BAR-V NOTES: Frames file for 'bar' based on sentences in financial subcorpus. No Verbnet entry. Comparison with 'prevent' et al. (from bar.01-v predicate notes)</note>
      <roles>
        <role descr="stopper, Agent" f="PAG" n="0">
          <vnrole vncls="67" vntheta="Agent"/>
        </role>
        <role descr="action or object being prevented" f="PPT" n="1">
          <vnrole vncls="67" vntheta="Theme"/>
        </role>
        <role descr="secondary predication on action" f="prd" n="2"/>
        <role descr="instrument" f="mnr" n="3"/>
      </roles>
      <example name="args 1 2" src="" type="">
        <text>Temple added that Sea Containers is still mired in legal problems in Bermuda, where the Supreme Court has temporarily barred Sea Containers from buying back its own stock in a case brought by Stena and Tiphook.</text>
        <arg f="" n="0">the Supreme Court</arg>
        <arg f="tmp" n="m">temporarily</arg>
        <rel f="">barred</rel>
        <arg f="" n="1">Sea Containers</arg>
        <arg f="" n="2">from buying back its own stock</arg>
        <arg f="loc" n="m">in a case brought by Stena and Tiphook</arg>
      </example>
      <example name="with instrument" src="" type="">
        <text>But neither the pilots nor the machinists appear interested, and [Mr. Davis]-1 is barred *trace*-1 from making a new bid under terms of an agreement he made with UAL in September unless UAL accepts an offer below $300 a share.</text>
        <rel f="">barred</rel>
        <arg f="" n="1">*trace*-1</arg>
        <arg f="" n="2">from making a new bid</arg>
        <arg f="" n="3">under terms of an agreement he made with UAL in September</arg>
        <arg f="adv" n="m">unless UAL accepts an offer below $300 a share</arg>
      </example>
    </roleset>
  </predicate>
</frameset>
