<!DOCTYPE frameset SYSTEM "frameset.dtd">
<frameset>
  <predicate lemma="barbeque">
    <roleset id="barbeque.01" name="grill">
      <aliases>
        <alias framenet="" pos="v" verbnet="">barbeque</alias>
      </aliases>
      <note>BARBEQUE-V NOTES: Edited by hwangd (from barbeque.01-v)</note>
      <roles>
        <role descr="cook" f="PAG" n="0">
          <vnrole vncls="45.3" vntheta="Agent"/>
        </role>
        <role descr="food" f="PPT" n="1">
          <vnrole vncls="45.3" vntheta="Patient"/>
        </role>
      </roles>
      <example name="Active" src="web usage" type="">
        <text>I barbequed the brisket for a total of 7-1/4 hours.</text>
        <arg f="" n="0">I</arg>
        <rel f="">barbequed</rel>
        <arg f="" n="1">the brisket</arg>
        <arg f="tmp" n="m">for a total of 7-1/4 hours</arg>
      </example>
      <example name="Active" src="web usage" type="">
        <text>I barbequed the brisket for my mother.</text>
        <arg f="" n="0">I</arg>
        <rel f="">barbequed</rel>
        <arg f="" n="1">the brisket</arg>
        <arg f="gol" n="m">for my mother</arg>
      </example>
    </roleset>
  </predicate>
</frameset>
