<!DOCTYPE frameset SYSTEM "frameset.dtd">
<frameset>
  <predicate lemma="barbecue">
    <roleset id="barbecue.01" name="cook by barbecuing">
      <aliases>
        <alias framenet="" pos="v" verbnet="">barbecue</alias>
      </aliases>
      <note>BARBECUE-V NOTES: Created by Jena. (from barbecue.01-v)</note>
      <roles>
        <role descr="cook, agent" f="PAG" n="0">
          <vnrole vncls="26.3-2" vntheta="agent"/>
          <vnrole vncls="45.3" vntheta="agent"/>
        </role>
        <role descr="food,meaterial" f="PPT" n="1">
          <vnrole vncls="45.3" vntheta="patient"/>
          <vnrole vncls="26.3-2" vntheta="patient"/>
        </role>
      </roles>
      <example name="" src="" type="">
        <text>...and left him * to get on with * barbecuing the meat.</text>
        <arg f="" n="0">*</arg>
        <rel f="">barbecuing</rel>
        <arg f="" n="1">the meat</arg>
      </example>
    </roleset>
  </predicate>
</frameset>
