<!DOCTYPE frameset SYSTEM "frameset.dtd">
<frameset>
  <predicate lemma="barb">
    <roleset id="barb.01" name="cause to have barbs">
      <aliases>
        <alias framenet="" pos="v" verbnet="">barb</alias>
      </aliases>
      <note>BARB-V NOTES: Frames file for 'barb' based on sentences in wsj. no Verbnet entry. (from barb.01-v predicate notes)</note>
      <roles>
        <role descr="causer of barbedness" f="PAG" n="0"/>
        <role descr="barbed thing" f="PPT" n="1"/>
      </roles>
      <example name="almost always adjectival" src="" type="">
        <inflection aspect="ns" form="participle" person="ns" tense="ns" voice="passive"/>
        <text>The company claims a 40% share of the U.S. field fence business, a 35% share of poultry netting sales and a 30% share of barbed wire sales.</text>
        <rel f="">barbed</rel>
        <arg f="" n="1">wire</arg>
      </example>
    </roleset>
  </predicate>
</frameset>
