<!DOCTYPE frameset SYSTEM "frameset.dtd">
<frameset>
  <predicate lemma="barbaric">
    <roleset id="barbaric.01" name="act like a barbarian">
      <aliases>
        <alias framenet="Social_interaction_evaluation" pos="j" verbnet="">barbaric</alias>
      </aliases>
      <note>BARBARIC-J NOTES: Added by Julia based on BOLT-4,5, cruel.01 (from barbaric.01-j)</note>
      <roles>
        <role descr="barbarian" f="pag" n="0"/>
        <role descr="barbaric act" f="ppt" n="1"/>
        <role descr="target of barbaric behavior" f="gol" n="2"/>
      </roles>
      <example name="arg1" src="BOLT-4,5" type="">
        <inflection aspect="ns" form="ns" person="ns" tense="ns" voice="ns"/>
        <text>- It 's inhumane and barbaric , the criminal may be able to be reformed</text>
        <arg f="" n="1">It</arg>
        <rel f="">barbaric</rel>
      </example>
      <example name="args 0, 2" src="internet" type="">
        <inflection aspect="ns" form="ns" person="ns" tense="ns" voice="ns"/>
        <text>I beleive the church was barbaric to the templars...</text>
        <arg f="" n="0">the church</arg>
        <rel f="">barbaric</rel>
        <arg f="" n="2">to the templars</arg>
      </example>
    </roleset>
  </predicate>
</frameset>
