<!DOCTYPE frameset SYSTEM "frameset.dtd">
<frameset>
<predicate lemma="barcode">
<roleset id="barcode.01" name="mark with a barcode">
<aliases>
<alias framenet="" pos="v" verbnet="">barcode</alias>
<alias framenet="" pos="n" verbnet="">barcoding</alias>
</aliases>

<roles>
<role descr="agent, one marking with a barcode" f="pag" n="0"/>
<role descr="entity marked" f="ppt" n="1"/>
</roles>
<example name="both args" src="" type="">
<inflection aspect="ns" form="ns" person="ns" tense="ns" voice="ns"/>
<text>His first job was PRO barcoding stock items.</text>
<arg f="" n="0">PRO</arg>
<rel f="">barcoding</rel>
<arg f="" n="1">stock items</arg>
</example>
<note>Based on Google data. Framed by Katie.</note>
</roleset>
</predicate>
</frameset>
