<!DOCTYPE frameset SYSTEM "frameset.dtd">
<frameset>
  <predicate lemma="bare">
    <roleset id="bare.01" name="cause to not have covering">
      <aliases>
        <alias framenet="" pos="v" verbnet="">bare</alias>
      </aliases>
      <note>BARE-V NOTES: Frames file for 'bare' based on sentences in wsj. No Verbnet entry. (from bare.01-v)</note>
      <roles>
        <role descr="causer, agent" f="pag" n="0">
          <vnrole vncls="40.3.2" vntheta="agent"/>
        </role>
        <role descr="thing now uncovered" f="ppt" n="1">
          <vnrole vncls="40.3.2" vntheta="patient"/>
        </role>
      </roles>
      <example name="bare-v: this will do" src="" type="">
        <inflection aspect="ns" form="full" person="ns" tense="past" voice="active"/>
        <text>John bared his arms, bulging with muscle.</text>
        <arg f="" n="0">John</arg>
        <rel f="">bared</rel>
        <arg f="" n="1">his arms, bulging with muscle</arg>
      </example>
    </roleset>
    <roleset id="bare.02" name="be naked, not be covered">
      <aliases>
        <alias framenet="" pos="j" verbnet="">bare</alias>
      </aliases>
      <note>BARE-J NOTES: Added by Julia based on BOLT. (from bare.01-j)</note>
      <roles>
        <role descr="causer of bareness" f="pag" n="0"/>
        <role descr="bare thing" f="ppt" n="1"/>
      </roles>
      <example name="bare-j" src="BOLT" type="">
        <inflection aspect="ns" form="ns" person="ns" tense="ns" voice="ns"/>
        <text>My cupboard is totally bare , I have to go to the grocery</text>
        <arg f="" n="1">My cupboard</arg>
        <arg f="ext" n="m">totally</arg>
        <rel f="">bare</rel>
      </example>
    </roleset>
  </predicate>
</frameset>
