<!DOCTYPE frameset SYSTEM "frameset.dtd">
<frameset>
  <predicate lemma="bargain">
    <roleset id="bargain.01" name="to negotiate the terms of agreement, negotiate terms">
      <aliases>
        <alias framenet="" pos="v" verbnet="">bargain</alias>
        <alias framenet="" pos="n" verbnet="">bargain</alias>
        <alias framenet="" pos="n" verbnet="">bargaining</alias>
      </aliases>
      <note>BARGAIN-V NOTES: Frames file for 'bargain' based on survey of sentences in the WSJ corpus. (from bargain.01-v predicate notes)</note>
      <note>BARGAINING-N NOTES: Roleset based on instances in BOLT-P01Vn classes correspond-36.1, battle-36.4, and settle-89. No Fn class. (from bargaining.01-n)</note>
      <note>BARGAIN-N NOTES: Added due to expansion of Nombank. Comparison to bargain-v. Vn classes correspond-36.1, battel-36.4, and settle-89. No Fn class. Framed by Katie. (from bargain.01-n)</note>
      <roles>
        <role descr="negotiator, agent" f="PAG" n="0">
          <vnrole vncls="36.1" vntheta="Agent"/>
          <vnrole vncls="89" vntheta="Agent"/>
        </role>
        <role descr="thing bargained (for)" f="ppt" n="1">
          <vnrole vncls="36.1" vntheta="Theme"/>
          <vnrole vncls="89" vntheta="Goal"/>
        </role>
        <role descr="co-negotiator, bargained with" f="COM" n="2">
          <vnrole vncls="36.1" vntheta="co-agent"/>
        </role>
      </roles>
      <example name="transitive" src="" type="">
        <inflection aspect="ns" form="infinitive" person="ns" tense="ns" voice="active"/>
        <text>The deregulation of railroads and trucking companies that [*T*-1] began in 1980 enabled shippers to bargain for transportation .</text>
        <arg f="" n="0">shippers</arg>
        <rel f="">bargain</rel>
        <arg f="" n="1">for transportation</arg>
      </example>
      <example name="arg 1" src="BOLT - P01 parts 1 &amp; 2" type="">
        <inflection aspect="ns" form="ns" person="ns" tense="ns" voice="ns"/>
        <text>Suddenly it will be about collective bargaining for teachers or something else that does n't involve a corporation at all , let alone Wall Street .</text>
        <arg f="mnr" n="m">collective</arg>
        <rel f="">bargaining</rel>
        <arg f="" n="1">for teachers</arg>
      </example>
      <example name="all args" src="web" type="">
        <inflection aspect="ns" form="ns" person="ns" tense="ns" voice="ns"/>
        <text>I had a wild thought about his bargaining with the Pope for the souls of future priests, but I don't think that is an acceptable solution.</text>
        <arg f="" n="0">his</arg>
        <rel f="">bargaining</rel>
        <arg f="" n="2">with the pope</arg>
        <arg f="" n="1">for the souls of future priests</arg>
      </example>
      <example name="arg 0 and 1" src="" type="">
        <inflection aspect="ns" form="ns" person="ns" tense="ns" voice="ns"/>
        <text>Soong's camp lacks any experience in inter-group political bargaining</text>
        <arg f="" n="0">inter-group</arg>
        <arg f="" n="1">political</arg>
        <rel f="">bargaining</rel>
      </example>
      <example name="arg 1 only" src="" type="">
        <inflection aspect="ns" form="ns" person="ns" tense="ns" voice="ns"/>
        <text>bargaining over the always sensitive subject of Cuba</text>
        <rel f="">bargaining</rel>
        <arg f="" n="1">over the always sensitive subject of Cuba</arg>
      </example>
    </roleset>
  </predicate>
</frameset>
