<!DOCTYPE frameset SYSTEM "frameset.dtd">
<frameset>
  <predicate lemma="barge">
    <roleset id="barge.01" name="go rudely">
      <aliases>
        <alias framenet="" pos="v" verbnet="">barge</alias>
      </aliases>
      <note>BARGE-V NOTES: Frames file for 'barge' based on sentences in wsj. Verbnet entry 11.5-1 (doesn't apply to this sense), Framenet entry Self motion. (from barge.01-v predicate notes)</note>
      <roles>
        <role descr="entity in motion" f="PAG" n="0"/>
        <role descr="path" f="DIR" n="1"/>
        <role descr="destination" f="GOL" n="2"/>
      </roles>
      <example name="usually as 'enter'?" src="" type="">
        <inflection aspect="ns" form="full" person="third" tense="present" voice="active"/>
        <text>The farmer barges into the naczelnik's office.</text>
        <arg f="" n="0">The farmer</arg>
        <rel f="">barges</rel>
        <arg f="" n="2">into the naczelnik's office</arg>
      </example>
      <example name="both obliques" type="" src="">
        <inflection voice="active" tense="present" person="third" form="full" aspect="ns"/>
        <text>He barged through the door, into the khozyain's office..</text>
        <arg n="0" f="">He</arg>
        <rel f="">barged</rel>
        <arg n="1" f="">through the door</arg>
        <arg n="2" f="">into the khozyain's office</arg>
      </example>
    </roleset>
  </predicate>
</frameset>
