<!DOCTYPE frameset SYSTEM "frameset.dtd">
<frameset>
  <predicate lemma="bark">
    <roleset id="bark.01" name="like a dog">
      <aliases>
        <alias framenet="" pos="v" verbnet="">bark</alias>
      </aliases>
      <note>BARK-V NOTES: Since when did John have a dog? (from bark.01-v)</note>
      <roles>
        <role descr="barker" f="PAG" n="0">
          <vnrole vncls="37.3" vntheta="Agent"/>
        </role>
        <role descr="utterance" f="PPT" n="1">
          <vnrole vncls="37.3" vntheta="Topic"/>
        </role>
        <role descr="hearer" f="GOL" n="2">
          <vnrole vncls="37.3" vntheta="Recipient"/>
        </role>
      </roles>
      <example name="woof!" src="" type="">
        <inflection aspect="ns" form="full" person="ns" tense="past" voice="active"/>
        <text>John's dog barked all night.</text>
        <arg f="" n="0">John's dog</arg>
        <rel f="">barked</rel>
        <arg f="tmp" n="m">all night</arg>
      </example>
      <example name="all args" src="" type="">
        <inflection aspect="ns" form="full" person="ns" tense="past" voice="active"/>
        <text>Mary barked orders to John, which he dutifully ignored.</text>
        <arg f="" n="0">Mary</arg>
        <rel f="">barked</rel>
        <arg f="" n="1">orders</arg>
        <arg f="" n="2">to John</arg>
        <arg f="" n="m">which he dutifully ignored</arg>
      </example>
    </roleset>
  </predicate>
  <predicate lemma="bark_up_the_wrong_tree">
    <roleset id="bark_up_the_wrong_tree.02" name="follow the wrong lead">
      <aliases>
        <alias framenet="" pos="v" verbnet="">bark_up_the_wrong_tree</alias>
      </aliases>
      <note>BARK_UP_THE_WRONG_TREE-V NOTES: (from bark.02-v)</note>
      <roles>
        <role descr="barker" f="PAG" n="0"/>
      </roles>
      <example name="stupid idioms" src="" type="">
        <inflection aspect="progressive" form="participle" person="ns" tense="present" voice="active"/>
        <text>They are barking up the wrong tree, because it is basically their fault they can't attract new employees.</text>
        <arg f="" n="0">They</arg>
        <rel f="">[ barking] [ up the wrong tree]</rel>
        <arg f="cau" n="m">because it is basically their fault they can't attract new employees</arg>
      </example>
    </roleset>
  </predicate>
</frameset>
