<!DOCTYPE frameset SYSTEM "frameset.dtd">
<frameset>
  <predicate lemma="barmitzvah">
    <roleset id="barmitzvah.01" name="to initiate a boy in a bar mitzvah ceremony">
      <aliases>
        <alias framenet="" pos="v" verbnet="">barmitzvah</alias>
      </aliases>
      <note>BARMITZVAH-V NOTES: Roleset based on instances in ON-miss. Framed by Claire. (from barmitzvah.01-v)</note>
      <roles>
        <role descr="religious official, agent" f="pag" n="0"/>
        <role descr="boy initiated" f="ppt" n="1"/>
      </roles>
      <example name="" src="" type="">
        <inflection aspect="ns" form="ns" person="ns" tense="ns" voice="ns"/>
        <text>right now I think [her older one]-1 is going to be Bar Mitzvahed *-1 soon.</text>
        <rel f="">[bar][mitzvahed]</rel>
        <arg f="" n="1">*-1</arg>
        <arg f="tmp" n="m">soon</arg>
      </example>
    </roleset>
  </predicate>
</frameset>
