<!DOCTYPE frameset SYSTEM "frameset.dtd">
<frameset>
  <predicate lemma="barnstorm">
    <roleset id="barnstorm.01" name="work towards a goal">
      <aliases>
        <alias framenet="" pos="v" verbnet="">barnstorm</alias>
      </aliases>
      <note>BARNSTORM-V NOTES: Frames file for 'barnstorm' based on ebn instances. (from barnstorm.01-v predicate notes)</note>
      <roles>
        <role descr="campaigner" f="PAG" n="0"/>
        <role descr="cause, goal" f="PPT" n="1"/>
      </roles>
      <example name="way to rhyme" src="" type="">
        <text>As part of his *PRO* Barnstorm for Reform tour, he is joined by Republican governers from Connecticut, South Dakota, and Montana.</text>
        <arg f="" n="0">*PRO* -- his</arg>
        <rel f="">barnstorm</rel>
        <arg f="PRP" n="M">for reform</arg>
      </example>
    </roleset>
  </predicate>
</frameset>
