<!DOCTYPE frameset SYSTEM "frameset.dtd">
<frameset>
  <predicate lemma="barrage">
    <roleset id="barrage.01" name="onslaught">
      <aliases>
        <alias framenet="" pos="n" verbnet="">barrage</alias>
        <alias framenet="" pos="v" verbnet="">barrage</alias>
      </aliases>
      <note>BARRAGE-N NOTES: Based on ontonotes nouns. Comparison to onsaught.01 and bombard.01.. No VN or FN classes. Framed by Katie. (from barrage.01-n)</note>
      <note>BARRAGE-V NOTES: Automatically added alias.</note>
      <roles>
        <role descr="attacker" f="pag" n="0"/>
        <role descr="thing actually moving aggressively towards arg2 (ie bullets, words. Non-agentive)" f="ppt" n="1"/>
        <role descr="entity attacked" f="gol" n="2"/>
      </roles>
      <example name="non-agentive - thing used to attack" src="" type="">
        <text>A barrage of sales</text>
        <rel f="">barrage</rel>
        <arg f="" n="1">of sales</arg>
      </example>
      <example name="clearer arg 1" src="" type="">
        <inflection aspect="ns" form="ns" person="ns" tense="ns" voice="ns"/>
        <text>artillery barrages</text>
        <arg f="" n="1">artillery</arg>
        <rel f="">barrages</rel>
      </example>
      <example name="another arg 1" src="" type="">
        <inflection aspect="ns" form="ns" person="ns" tense="ns" voice="ns"/>
        <text>A barrage of headline negatives in recent weeks</text>
        <rel f="">barrage</rel>
        <arg f="" n="1">of headline negatives</arg>
        <arg f="tmp" n="m">in recent weeks</arg>
      </example>
      <example name="first arg 0" src="" type="">
        <inflection aspect="ns" form="ns" person="ns" tense="ns" voice="ns"/>
        <text>a barrage by the US Navy</text>
        <rel f="">barrage by the US Navy</rel>
        <arg f="" n="0">by the US Navy</arg>
      </example>
      <example name="args 0 and 1" src="" type="">
        <inflection aspect="ns" form="ns" person="ns" tense="ns" voice="ns"/>
        <text>John's barrage of words seemed never ending.</text>
        <arg f="" n="0">John's</arg>
        <rel f="">barrage</rel>
        <arg f="" n="1">of words</arg>
      </example>
    </roleset>
  </predicate>
</frameset>
