<!DOCTYPE frameset SYSTEM "frameset.dtd">
<frameset>
  <predicate lemma="barricade">
    <roleset id="barricade.01" name="to block with a barricade, or to keep in   or out of somewhere with a barricade">
      <aliases>
        <alias framenet="" pos="v" verbnet="">barricade</alias>
      </aliases>
      <note>BARRICADE-V NOTES: Location is assigned Arg3 rather than ArgM-Loc because it occursfrequently with this verb. (from barricade.01-v)</note>
      <roles>
        <role descr="agent, entity doing the barricading" f="pag" n="0"/>
        <role descr="patient, thing(s) being barricaded" f="ppt" n="1"/>
        <role descr="instrument, thing used to barricade" f="mnr" n="2"/>
        <role descr="location of patient (thing being barricaded)" f="gol" n="3"/>
      </roles>
      <example name="active" src="" type="">
        <inflection aspect="ns" form="full" person="ns" tense="past" voice="active"/>
        <text>That was after he had actually barricaded himself inside that bus with the child .</text>
        <arg f="" n="0">he</arg>
        <arg f="adv" n="m">actually</arg>
        <rel f="">barricaded</rel>
        <arg f="rec" n="1">himself</arg>
        <arg f="" n="3">inside that bus</arg>
        <arg f="mnr" n="m">with the child</arg>
      </example>
      <example name="instrument as subject" src="" type="">
        <inflection aspect="ns" form="ns" person="ns" tense="ns" voice="ns"/>
        <text>The truck drew fire after [*PRO*] driving past a security checkpoint and through a wall barricading the buildings .</text>
        <arg f="" n="2">a wall</arg>
        <rel f="">barricading</rel>
        <arg f="" n="1">the buildings</arg>
      </example>
    </roleset>
  </predicate>
</frameset>
