<!DOCTYPE frameset SYSTEM "frameset.dtd">
<frameset>
  <predicate lemma="barrel">
    <roleset id="barrel.01" name="move with great intensity">
      <aliases>
        <alias framenet="" pos="v" verbnet="">barrel</alias>
      </aliases>
      <note>BARREL-V NOTES: Frames file for 'barrel' based on sentences in wsj. No Verbnet entry. (from barrel.01-v predicate notes)</note>
      <roles>
        <role descr="thing in motion" f="ppt" n="1"/>
        <role descr="direction, destination" f="gol" n="2"/>
      </roles>
      <example name="I think this is consistent with other movement verbs" src="" type="">
        <inflection aspect="progressive" form="participle" person="ns" tense="ns" voice="active"/>
        <text>``[Jon Peters]-1 will come *trace*-1 barreling into a room, say he's got a great idea, and be gone.</text>
        <arg f="" n="1">*trace*-1</arg>
        <rel f="">barreling</rel>
        <arg f="" n="2">into a room</arg>
      </example>
    </roleset>
  </predicate>
</frameset>
