<!DOCTYPE frameset SYSTEM "frameset.dtd">
<frameset>
  <predicate lemma="barrack">
    <roleset id="barrack.01" name="to house in barracks">
      <aliases>
        <alias framenet="" pos="v" verbnet="">barrack</alias>
      </aliases>
      <note>BARRACK-V NOTES: Roleset based on parallel expansion of VerbNet, PropBank, and sense groupings. Framed by Claire. (from barrack.01-v)</note>
      <roles>
        <role descr="Agent, builder of barracks" f="PAG" n="0"/>
        <role descr="Entity housed in barracks" f="PPT" n="1"/>
      </roles>
      <example name="Barracked in" src="Barracked in" type="Barracked in">
        <inflection aspect="ns" form="ns" person="ns" tense="ns" voice="ns"/>
        <text>The victory secured Hannibal's position in northern Italy, he barracked himself at Bologna for the remaining winter.</text>
        <arg f="" n="0">he</arg>
        <rel f="">barracked</rel>
        <arg f="" n="1">himself</arg>
        <arg f="loc" n="m">at Bologna</arg>
        <arg f="tmp" n="m">for the remaining winter</arg>
      </example>
    </roleset>
  </predicate>
</frameset>
