<!DOCTYPE frameset SYSTEM "frameset.dtd">
<frameset>
  <predicate lemma="bartend">
    <roleset id="bartend.01" name="act as a bartender">
      <aliases>
        <alias framenet="" pos="v" verbnet="">bartend</alias>
      </aliases>
      <note>BARTEND-V NOTES: Added by Julia based on SMS. (from bartend.01-v)</note>
      <roles>
        <role descr="bartender" f="pag" n="0"/>
        <role descr="bar/employer" f="gol" n="1"/>
        <role descr="entity served" f="gol" n="2"/>
      </roles>
      <example name="concatenated rel" src="SMS" type="">
        <inflection aspect="ns" form="ns" person="ns" tense="ns" voice="ns"/>
        <text>Jackie still bar tending ?</text>
        <arg f="" n="0">Jackie</arg>
        <arg f="tmp" n="m">still</arg>
        <rel f="">[bar][tending]</rel>
      </example>
    </roleset>
  </predicate>
</frameset>
