<!DOCTYPE frameset SYSTEM "frameset.dtd">
<frameset>
  <predicate lemma="barter">
    <roleset id="barter.01" name="trade">
      <aliases>
        <alias framenet="" pos="v" verbnet="">barter</alias>
        <alias framenet="" pos="n" verbnet="">barter</alias>
      </aliases>
      <note>BARTER-V NOTES: Frames file for 'barter' based on sentences in wsj. Verbnet entry 13.6. No Framenet entry, which surprises me. (from barter.01-v predicate notes)</note>
      <note>BARTER-N NOTES: Added by Julia based on WN eventive nouns, BOLT, barter.01. Corresponds to VNcls exchange-13.6. (from barter.01-n)</note>
      <roles>
        <role descr="agent, entity trading" f="pag" n="0">
          <vnrole vncls="13.6" vntheta="agent"/>
        </role>
        <role descr="thing being traded (away)" f="ppt" n="1">
          <vnrole vncls="13.6" vntheta="theme"/>
        </role>
        <role descr="other exchanger" f="com" n="2"/>
        <role descr="other item in exchange, price, or premium, traded for or at" f="ppt" n="3">
          <vnrole vncls="13.6" vntheta="co-theme"/>
        </role>
      </roles>
      <example name="two args" src="" type="">
        <inflection aspect="ns" form="participle" person="third" tense="present" voice="passive"/>
        <text>[What Aeroflot doesn't pour into its own gas-guzzling Ilyushins]*-1 is bartered [*-1]to the airport authority, which resells it to 11 Western carriers including Air France, Trans World Airlines and Pakistan International Airlines.</text>
        <rel f="">bartered</rel>
        <arg f="" n="1">[*-1]</arg>
        <arg f="" n="2">to the airport authority, which resells it to 11 Western carriers including Air France, Trans World Airlines and Pakistan International Airlines</arg>
      </example>
      <example name="all args" src="" type="">
        <inflection aspect="ns" form="full" person="ns" tense="past" voice="active"/>
        <text>John bartered his eternal soul to the devil for one good night's sleep.</text>
        <arg f="" n="0">John</arg>
        <rel f="">bartered</rel>
        <arg f="" n="1">his eternal soul</arg>
        <arg f="" n="2">to the devil</arg>
        <arg f="" n="3">for one good night's sleep</arg>
      </example>
      <example name="args 0, 2" src="internet" type="">
        <inflection aspect="ns" form="ns" person="ns" tense="ns" voice="ns"/>
        <text>His barter with Lady Stanley soon disrupts the initial meaning of "mistress":</text>
        <arg f="" n="0">his</arg>
        <rel f="">barter</rel>
        <arg f="" n="2">with Lady Stanley</arg>
      </example>
      <example name="args 0, 1, 3" src="internet" type="">
        <inflection aspect="ns" form="ns" person="ns" tense="ns" voice="ns"/>
        <text>Musa's Mecca trip and his barter of gold for books and scholars would soon establish Mali as one of the intellectual capitals of the world.</text>
        <arg f="" n="0">his</arg>
        <rel f="">barter</rel>
        <arg f="" n="1">of gold</arg>
        <arg f="" n="3">for books and scholars</arg>
      </example>
    </roleset>
  </predicate>
</frameset>
