<!DOCTYPE frameset SYSTEM "frameset.dtd">
<frameset>
  <predicate lemma="baseless">
    <roleset id="baseless.01" name="having no grounds, unwarranted">
      <aliases>
        <alias framenet="" pos="j" verbnet="">baseless</alias>
      </aliases>
      <note>BASELESS-J NOTES: Added by Julia based on BOLT-6. Relation to base.02. (from baseless.01-j)</note>
      <roles>
        <role descr="unwarranted entity" f="ppt" n="1"/>
      </roles>
      <example name="arg1" src="BOLT-6" type="">
        <inflection aspect="ns" form="ns" person="ns" tense="ns" voice="ns"/>
        <text>because we are just planning for the baby . Yet , our small family does not have any foundation . This thought may be a little selfish . However , having a child is still a matter that-1 [*-1] is baseless . -RRB-</text>
        <arg f="" n="1">[*-1]</arg>
        <rel f="">baseless</rel>
      </example>
    </roleset>
  </predicate>
</frameset>
