<!DOCTYPE frameset SYSTEM "frameset.dtd">
<frameset>
  <predicate lemma="base">
    <roleset id="base.01" name="be located in">
      <aliases>
        <alias framenet="" pos="v" verbnet="">base</alias>
        <alias framenet="" pos="j" verbnet="">based</alias>
      </aliases>
      <note>BASE-V NOTES: Frames file for 'base' based on first handful of sentences from big corpus; adjectival 'based' based on BOLT-6. (from base.01-v)</note>
      <note>BASED-J NOTES: Automatically created by Julia as an alias file for unification. (from based.01-j)</note>
      <roles>
        <note>Arg 0 added by Claire due to instances in ectb revisions. (from base.01-v)</note>
        <role descr="agent basing something somewhere" f="pag" n="0"/>
        <role descr="institution" f="ppt" n="1"/>
        <role descr="M-LOC location, where arg1 is based" f="loc" n="m"/>
      </roles>
      <example name="base-v (according to the tree): showing physical location" src="" type="">
        <text>[Hearst]-2, based *trace*-2 in New York, ....</text>
        <rel f="">based</rel>
        <arg f="" n="1">*trace*-2</arg>
        <arg f="loc" n="m">in New York</arg>
      </example>
      <example name="base-v: With agent" src="ectb revisions" type="">
        <inflection aspect="ns" form="ns" person="ns" tense="ns" voice="ns"/>
        <text>When referring to the achievements made in recent years by greatly investing in national infrastructure , Xiang Wang , concurrently a member of the national CPPCC , a member of the Standing Committee of the Jiangxi Province CPPCC , president of the Group , etc. said frankly to the reporters that " *PRO* basing ourselves in the inland and ' building bridges and paving roads ' for the development of the local economy was a wise choice on my part . "</text>
        <arg f="" n="0">*PRO*</arg>
        <rel f="">basing</rel>
        <arg f="" n="1">ourselves</arg>
        <arg f="" n="m">in the inland</arg>
      </example>
      <example name="base-v: All arguments" src="web" type="">
        <inflection aspect="ns" form="ns" person="ns" tense="ns" voice="ns"/>
        <text>They based the company in Southern California but maintained a Boulder operation.</text>
        <arg f="" n="0">They</arg>
        <rel f="">based</rel>
        <arg f="" n="1">the company</arg>
        <arg f="loc" n="m">in Southern California</arg>
      </example>
      <example name="based-j" src="BOLT-6" type="">
        <inflection aspect="ns" form="ns" person="ns" tense="ns" voice="ns"/>
        <text>Using the city where-1 I am based [*-1] as an example , nearly all the medium and small - sized state - owned enterprises have closed down</text>
        <arg f="" n="1">I</arg>
        <rel f="">based</rel>
        <arg f="loc" n="m">[*-1]</arg>
      </example>
    </roleset>
    <roleset id="base.02" name="justified by, made up of">
      <aliases>
        <alias framenet="" pos="v" verbnet="">base</alias>
      </aliases>
      <note>BASE-V NOTES: DO NOT TAG prepositional usages (where verb actually heads prepositional node: "However, based on current public opinion polls , it appears that whoever wins , Lien included , will be only a 'plurality president,' without a strong mandate to rule."); these are base.ER. (from base.02-v)</note>
      <roles>
        <role descr="justifier, agent (rarely seen)" f="pag" n="0">
          <vnrole vncls="97.1" vntheta="agent"/>
        </role>
        <role descr="decision, whole" f="ppt" n="1">
          <vnrole vncls="97.1" vntheta="theme"/>
        </role>
        <role descr="justification, parts/ arg1 is made up of what?" f="dir" n="2">
          <vnrole vncls="97.1" vntheta="source"/>
        </role>
      </roles>
      <example name="base-v: justify" src="" type="">
        <text>...a [market structure]-1 based *trace*-1 on such variables</text>
        <rel f="">based</rel>
        <arg f="" n="1">*trace*-1</arg>
        <arg f="" n="2">on such variables</arg>
      </example>
      <example name="base-v: transitive, agentive" src="" type="">
        <text>John based his decision on gut instinct</text>
        <arg f="" n="0">John</arg>
        <rel f="">based</rel>
        <arg f="" n="1">his decision</arg>
        <arg f="" n="2">on gut instinct</arg>
      </example>
      <example name="adverbial, with trace" src="" type="">
        <text>Milton Roy will pay an initial $ 4 million *trace*-*U* for the operations and [additional payments during the next four years]-1 based *trace*-1 on the earnings performance of the businesses.</text>
        <arg f="" n="1">*trace*-1</arg>
        <rel f="">based</rel>
        <arg f="" n="2">on the earnings performance of the businesses</arg>
      </example>
      <example name="adverbial" src="" type="">
        <text>[The exact amount of the refund -16] will be determined *trace-16* next year based on actual collections made *trace*-* until Dec. 31 of this year.</text>
        <arg f="" n="1">*trace-16*</arg>
        <rel f="">based</rel>
        <arg f="" n="2">on actual collections made *trace*-* until Dec. 31 of this year</arg>
      </example>
    </roleset>
  </predicate>
</frameset>
