<!DOCTYPE frameset SYSTEM "frameset.dtd">
<frameset>
  <predicate lemma="bash">
    <roleset id="bash.01" name="to hit, with words or a bat (etc)">
      <aliases>
        <alias framenet="Cause_harm" pos="v" verbnet="">bash</alias>
        <alias framenet="" pos="n" verbnet="">bashing</alias>
      </aliases>
      <note>BASH-V NOTES: Based on WSJ. Member of VerbNet class hit-18.1, bump-18.4-1. (from bash.01-v)</note>
      <note>BASHING-N NOTES: Added by Julia based on BOLT, bash-v.01. Corresponds to VNcls bump-18.4-1, hit-18.1, throw-17.1-1. (from bashing.01-n)</note>
      <roles>
        <role descr="critizer, hitter" f="pag" n="0">
          <vnrole vncls="18.1" vntheta="Agent"/>
          <vnrole vncls="18.4-1" vntheta="Theme"/>
        </role>
        <role descr="entity criticized/hit" f="ppt" n="1">
          <vnrole vncls="18.1" vntheta="Patient"/>
          <vnrole vncls="18.4-1" vntheta="Location"/>
        </role>
      </roles>
      <example name="bash-v: transitive" src="" type="">
        <inflection aspect="ns" form="gerund" person="ns" tense="ns" voice="active"/>
        <text>Finally , the case of Dr. Morgan gave Congress-1 an opportunity to act with unaccustomed decisiveness and to engage in one of its favorite pastimes -- [*-1] bashing the District of Columbia government .</text>
        <arg f="" n="0">[*-1]</arg>
        <rel f="">bashing</rel>
        <arg f="" n="1">the District of Columbia government</arg>
      </example>
      <example name="bashing-n: both args" src="internet" type="">
        <inflection aspect="ns" form="ns" person="ns" tense="ns" voice="ns"/>
        <text>In their bashing of PV Narashima Rao, the Congress displays extreme ingratitude.</text>
        <arg f="" n="0">their</arg>
        <rel f="">bashing</rel>
        <arg f="" n="1">of PV Narashima Rao</arg>
      </example>
    </roleset>
  </predicate>
  <predicate lemma="bash_up">
    <roleset id="bash_up.02" name="to hit, completive">
      <aliases>
        <alias framenet="" pos="v" verbnet="">bash_up</alias>
        <alias framenet="" pos="n" verbnet="">bashing_up</alias>
      </aliases>
      <note>BASH_UP-V, BASHING_UP-N NOTES: added by Julia, identical to bash.01.</note>
      <roles>
        <role descr="critizer, hitter" f="pag" n="0"/>
        <role descr="entity criticized/hit" f="ppt" n="1"/>
      </roles>
      <example name="bash_up" src="" type="">
        <text>If not, it will be chaos if everyone pretends to be drunk and bashes up others.</text>
        <arg f="" n="0">everyone</arg>
        <rel f="">[bash][up]</rel>
        <arg f="" n="1">others</arg>
      </example>
    </roleset>
  </predicate>
</frameset>
