<!DOCTYPE frameset SYSTEM "frameset.dtd">
<frameset>
  <predicate lemma="bask">
    <roleset id="bask.01" name="take pleasure in">
      <aliases>
        <alias framenet="" pos="v" verbnet="">bask</alias>
        <alias framenet="" pos="n" verbnet="">basking</alias>
      </aliases>
      <note>BASK-V NOTES: Frame created by Arrick (from bask.01-v)</note>
      <roles>
        <role descr="basker" f="PPT" n="0">
          <vnrole vncls="31.3-5" vntheta="Experiencer"/>
        </role>
        <role descr="basking in, cause of pleasure" f="PAG" n="1">
          <vnrole vncls="31.3-5" vntheta="Stimulus"/>
        </role>
      </roles>
      <example name="bask" src="" type="">
        <text>We had something in common - we 'd both been basking in the reflected glow of our daughters ' success.</text>
        <arg f="" n="0">we</arg>
        <rel f="">basking</rel>
        <arg f="" n="1">in the reflected glow of out daughters ' success</arg>
      </example>
    </roleset>
  </predicate>
</frameset>
