<!DOCTYPE frameset SYSTEM "frameset.dtd">
<frameset>
  <predicate lemma="baste">
    <roleset id="baste.01" name="moisten periodically with liquid while cooking">
      <aliases>
        <alias framenet="" pos="v" verbnet="">baste</alias>
      </aliases>
      <note>BASTE-V NOTES: By Julia, based on internet search and wordnet. Member of Vncls 9.7-1. Comparison to 'drench'. (from baste.01-v)</note>
      <roles>
        <role descr="agent, chef" f="pag" n="0">
          <vnrole vncls="9.7-1" vntheta="agent"/>
        </role>
        <role descr="thing being moistened" f="gol" n="1">
          <vnrole vncls="9.7-1" vntheta="destination"/>
        </role>
        <role descr="liquid" f="ppt" n="2">
          <vnrole vncls="9.7-1" vntheta="theme"/>
        </role>
      </roles>
      <example name="all arguments" src="all arguments" type="all arguments">
        <inflection aspect="ns" form="full" person="third" tense="past" voice="active"/>
        <text>The cooks basted the carcasses with a preparation of butter, pepper, salt and vinegar.</text>
        <arg f="" n="0">The cooks</arg>
        <rel f="">basted</rel>
        <arg f="" n="1">the carcasses</arg>
        <arg f="" n="2">with a preparation of butter, pepper, salt and vinegar.</arg>
      </example>
      <example name="passive" src="passive" type="passive">
        <inflection aspect="ns" form="participle" person="third" tense="present" voice="passive"/>
        <text>[The chicken]-1 must be repeatedly basted *trace*-1.</text>
        <arg f="" n="1">The chicken</arg>
        <rel f="mod">must</rel>
        <rel f="">[be], [basted]</rel>
        <arg f="mnr" n="m">repeatedly</arg>
      </example>
    </roleset>
    <roleset id="baste.02" name="strike violently and repeatedly">
      <aliases>
        <alias framenet="" pos="v" verbnet="">baste</alias>
      </aliases>
      <note>BASTE-V NOTES: By Julia, based on internet search and wordnet. No Vncls. Comparison to 'hit'. (from baste.02-v)</note>
      <roles>
        <role descr="agent, person doing the hitting" f="pag" n="0"/>
        <role descr="patient, person being hit" f="ppt" n="1"/>
        <role descr="instrument" f="mnr" n="2"/>
      </roles>
      <example name="all arguments" src="all arguments" type="all arguments">
        <inflection aspect="ns" form="full" person="third" tense="past" voice="active"/>
        <text>The attackers basted him with a stick.</text>
        <arg f="" n="0">The attackers</arg>
        <rel f="">basted</rel>
        <arg f="" n="1">him</arg>
        <arg f="" n="2">with a stick.</arg>
      </example>
      <example name="without instrument" src="without instrument" type="without instrument">
        <inflection aspect="ns" form="full" person="other" tense="past" voice="active"/>
        <text>Mine had struck down Creed's boy in the dirt, but I basted my rogue soundly.</text>
        <arg f="" n="0">I</arg>
        <rel f="">basted</rel>
        <arg f="" n="1">my rogue</arg>
        <arg f="ext" n="m">soundly</arg>
      </example>
    </roleset>
    <roleset id="baste.03" name="stitch together loosely">
      <aliases>
        <alias framenet="" pos="v" verbnet="">baste</alias>
      </aliases>
      <note>BASTE-V NOTES: Roleset by Julia based on internet search and wordnet. Member of Vncls shake-22.3-2. Comparison to 'sew'. (from baste.03-v)</note>
      <roles>
        <role descr="agent, stitcher" f="pag" n="0">
          <vnrole vncls="22.3-2" vntheta="agent"/>
        </role>
        <role descr="patient 1 (or all patients), thing(s) being stitched" f="ppt" n="1">
          <vnrole vncls="22.3-2" vntheta="patient"/>
        </role>
        <role descr="patient 2, thing being stitched to" f="ppt" n="2">
          <vnrole vncls="22.3-2" vntheta="co-patient"/>
        </role>
      </roles>
      <example name="passive with two patients" src="passive with two patients" type="passive with two patients">
        <inflection aspect="ns" form="participle" person="third" tense="present" voice="passive"/>
        <text>[The waist]-1 may be basted *trace*-1 to the outside piece of the band</text>
        <arg f="" n="1">*trace*-1: [The waist]</arg>
        <rel f="mod">may</rel>
        <rel f="">be basted</rel>
        <arg f="" n="2">to the outside piece of the band.</arg>
      </example>
      <example name="intransitive" src="intransitive" type="intransitive">
        <inflection aspect="ns" form="full" person="third" tense="past" voice="active"/>
        <text>She basted and stitched as if there were nothing else in the world to do.</text>
        <arg f="" n="0">She</arg>
        <rel f="">basted</rel>
        <arg f="mnr" n="m">as if there were nothing else in the world to do.</arg>
      </example>
      <example name="active transitive with one patient" src="active transitive with one patient" type="active transitive with one patient">
        <inflection aspect="ns" form="full" person="other" tense="past" voice="active"/>
        <text>I-1 cut and *trace*-1 basted garments that were easily finished.</text>
        <arg f="" n="0">I</arg>
        <rel f="">basted</rel>
        <arg f="" n="1">garments that were easily finished.</arg>
      </example>
    </roleset>
  </predicate>
</frameset>
