<!DOCTYPE frameset SYSTEM "frameset.dtd">
<frameset>
  <predicate lemma="bat">
    <roleset id="bat.01" name="move in a swinging or fluttering motion">
      <aliases>
        <alias framenet="" pos="v" verbnet="">bat</alias>
        <alias framenet="" pos="n" verbnet="">batting</alias>
      </aliases>
      <note>BAT-V NOTES: Frames file for 'bat' based on sentences in wsj. Verbnet entries 17.1 and 40.3.2, Framenet entry Body movement. (from bat.01-v predicate notes)</note>
      <note>BATTING-N NOTES: Added by Julia based on bat-v.01. Corresponds to VNcls crane-40.3.2. (from batting.01-n)</note>
      <roles>
        <role descr="batter, agent" f="PAG" n="0">
          <vnrole vncls="40.3.2" vntheta="agent"/>
        </role>
        <role descr="eye(s)" f="PPT" n="1">
          <vnrole vncls="40.3.2" vntheta="patient"/>
        </role>
      </roles>
      <example name="not nervous" src="" type="">
        <inflection aspect="ns" form="full" person="ns" tense="past" voice="active"/>
        <text>John didn't bat an eyelash.</text>
        <arg f="" n="0">John</arg>
        <arg f="neg" n="m">n't</arg>
        <rel f="">bat</rel>
        <arg f="" n="1">an eyelash</arg>
      </example>
      <example name="with predication" src="" type="">
        <text>Mike-1, *PRO*-1 off balance, managed *PRO*-1 to bat the muzzle away amoment before it exploded.</text>
        <arg f="" n="0">*PRO*-1</arg>
        <rel f="">bat</rel>
        <arg f="" n="1">the muzzle</arg>
        <arg f="prd" n="m">away</arg>
        <arg f="tmp" n="m">a moment before it exploded</arg>
      </example>
      <example name="Both args, with GOL" src="internet" type="">
        <inflection aspect="ns" form="ns" person="ns" tense="ns" voice="ns"/>
        <text>Glad to hear you didn't completely fall for his batting his eyelashes at you.</text>
        <arg f="" n="0">his</arg>
        <rel f="">batting</rel>
        <arg f="" n="1">his eyelashes</arg>
        <arg f="gol" n="m">at you</arg>
      </example>
      <example name="semi-idiomatic" src="internet" type="">
        <inflection aspect="ns" form="ns" person="ns" tense="ns" voice="ns"/>
        <text>Your goal here is for your lights to be inconspicuous, so that you can slide right past Johnny Law's cold gaze without his batting an eye.</text>
        <arg f="" n="0">his</arg>
        <rel f="">batting</rel>
        <arg f="" n="1">an eye</arg>
      </example>
    </roleset>
    <roleset id="bat.02" name="play baseball, earn stat in baseball">
      <aliases>
        <alias framenet="" pos="n" verbnet="">batting</alias>
        <alias framenet="" pos="v" verbnet="">bat</alias>
      </aliases>
      
      <note></note>
      <roles>
        <role descr="batter" f="pag" n="0"/>
        <role descr="ball or pitch hit" f="ppt" n="1"/>
        <role descr="position of batter in order, role of batter" f="vsp" n="2"/>
	<role descr="result, stats over many batting attempts" f="vsp" n="3"/>
        <role descr="team or employer" f="vsp" n="4"/>
      </roles>
      <example name="team sense" src="COCA" type="">
        <inflection aspect="progressive" form="participle" person="ns" tense="ns" voice="active"/>
        <text>The Indians are batting Omar Vizquel leadoff and platooning Brian Giles and Chad Curtis in center field 
</text>
        <arg f="" n="4">The Indians</arg>
        <rel f="">batting</rel>
        <arg f="" n="0">Omar Vizquel</arg>
        <arg f="" n="2">leadoff</arg>
      </example>
      <example name="mutliple args" src="" type="">
        <inflection aspect="ns" form="ns" person="ns" tense="ns" voice="ns"/>
        <text>their batting the ball for a total of 20 hits...</text>
        <arg f="" n="0">his</arg>
        <rel f="">batting</rel>
        <arg f="" n="1">the ball</arg>
        <arg f="" n="3">for a total of 20 hits ...</arg>
      </example>

      <example name="arg3 as statistic" src="internet" type="">
        <inflection aspect="ns" form="ns" person="ns" tense="ns" voice="ns"/>
        <text> he batted.286 the year before</text>
        <arg f="" n="0">He</arg>
        <rel f="">batted</rel>
        <arg f="" n="3">.286</arg>
        <arg f="tmp" n="m">the year before</arg>
      </example>
      <example name="arg2 as lineup position" src="internet" type="">
        <inflection aspect="ns" form="ns" person="ns" tense="ns" voice="ns"/>
        <text>His batting 6th just puts a tremendous suckhole in the middle of the lineup and only assures us that he will get more opportunities to suck with the bases loaded.</text>
        <arg f="" n="0">his</arg>
        <rel f="">batting</rel>
        <arg f="" n="2">6th</arg>
      </example>
      <example name="arg0 and arg2" src="" type="">
        <inflection aspect="ns" form="ns" person="ns" tense="ns" voice="ns"/>
        <text>Piazza imagines what the response would be like if he batted once as a pinch hitter and homered.</text>
        <arg f="" n="0">he</arg>
        <rel f="">batted</rel>
        <arg f="" n="2">as a pinch hitter</arg>
      </example>
      <example name="team sense" src="" type="">
        <inflection aspect="progressive" form="participle" person="ns" tense="ns" voice="active"/>
        <text>The A-men batting Nos. 6 through 9, a.k.a. the ``bottom of the order,'' got seven of their team's 11 hits and scored four of its runs in a 5-0 decision.</text>
        <arg f="" n="4">The A-men</arg>
        <rel f="">batting</rel>
        <arg f="" n="2">Nos. 6 through 9, a.k.a. the ``bottom of the order,''</arg>
      </example>

    </roleset>
  </predicate>
  <predicate lemma="bat_in">
    <roleset id="bat_in.03" name="bring in runs by hitting a baseball">
      <aliases>
        <alias framenet="" pos="v" verbnet="">bat_in</alias>
      </aliases>
      <note>BAT_IN-V NOTES: (from bat.03-v)</note>
      <roles>
        <role descr="batter" f="PAG" n="0"/>
        <role descr="runs" f="PPT" n="1"/>
      </roles>
      <example name="more baseball" src="" type="">
        <inflection aspect="ns" form="participle" person="ns" tense="ns" voice="passive"/>
        <text>They combined for 25 hits, six home runs and [24 runs]*-1 batted in [*-1]in the five games against the Cubs.</text>
        <rel f="">[ batted] [ in]</rel>
        <arg f="" n="1">[*-1]</arg>
      </example>
    </roleset>
  </predicate>

</frameset>
