<!DOCTYPE frameset SYSTEM "frameset.dtd">
<frameset>
  <predicate lemma="bathe">
    <roleset id="bathe.01" name="have a bath, giving or having a bath">
      <aliases>
        <alias framenet="" pos="n" verbnet="">bathing</alias>
        <alias framenet="" pos="v" verbnet="">bathe</alias>
        <alias framenet="" pos="n" verbnet="">bath</alias>
        <alias framenet="" pos="l" verbnet="">take_bath</alias>
      </aliases>
      <note>BATHE-V NOTES: Frames file for 'bathe' based on sentences in brown. Verbnet entry (from bathe.01-v predicate notes)</note>
      <note>BATHING-N NOTES: bathe.01/wash.01 (from bathing.01-n)</note>
      <note>BATH-N NOTES: Based on verb entry bathe.01; corresponds to VN classes dress-41.1.1 and fill-9.8. (from bath.01-n)</note>
      <roles>
        <role descr="Agent of bathing" f="pag" n="0">
          <vnrole vncls="9.8" vntheta="agent"/>
          <vnrole vncls="41.1.1" vntheta="agent"/>
        </role>
        <role descr="Thing washed, dirt, patient" f="ppt" n="1">
          <vnrole vncls="9.8" vntheta="theme"/>
        </role>
        <role descr="Liquid bathed in" f="mnr" n="2"/>
      </roles>
      <example name="with liquid" src="" type="">
        <inflection aspect="ns" form="gerund" person="ns" tense="ns" voice="ns"/>
        <text>As warmer temperatures were encountered [Ann and Harriet]-1 were introduced to the pleasures of *trace*-1 bathing daily in salt water.</text>
        <arg f="" n="0">*trace*-1</arg>
        <rel f="">bathing</rel>
        <arg f="TMP" n="m">daily</arg>
        <arg f="" n="2">in salt water</arg>
      </example>
      <example name="intransitive" src="" type="">
        <inflection aspect="ns" form="infinitive" person="ns" tense="ns" voice="active"/>
        <text>Heat during the Atlanta campaign, coupled with unsuitable clothing, caused individual irritation that was compounded by a lack of opportunity *trace* to bath and shift into clean clothing.</text>
        <arg f="" n="0">*trace*</arg>
        <rel f="">bathe</rel>
      </example>
      <example name="pseudopassive" src="" type="">
        <inflection aspect="ns" form="participle" person="third" tense="past" voice="passive"/>
        <text>...so that the whole place was bathed in the maximum of light without any point admitting even so much as a crack of glare.</text>
        <arg f="" n="0">the whole place</arg>
        <rel f="">bathed</rel>
        <arg f="" n="2">in the maximum of light</arg>
      </example>
      <example name="Arg0, 1" src="" type="">
        <inflection aspect="ns" form="ns" person="ns" tense="ns" voice="ns"/>
        <text>The nurse continued his bathing of the patient's wounds.</text>
        <arg f="" n="0">his</arg>
        <rel f="">bathing</rel>
        <arg f="" n="1">of the patient's wounds</arg>
      </example>
      <example name="Within LVC" src="" type="">
        <inflection aspect="ns" form="gerund" person="ns" tense="ns" voice="ns"/>
        <text>I more often buy aromatic oils and use them at home - *PRO* take a fragrant bath or heat the oil to diffuse the fragrance .</text>
        <arg f="" n="0">*PRO*</arg>
        <arg f="lvb" n="m">take</arg>
        <arg f="adv" n="m">fragrant</arg>
        <rel f="">bath</rel>
      </example>
      <example name="All Arguments" src="web" type="">
        <inflection aspect="ns" form="infinitive" person="ns" tense="ns" voice="active"/>
        <text>Leave her in her bath of tears.</text>
        <arg f="" n="0">her</arg>
        <rel f="">bath</rel>
        <arg f="" n="2">of tears</arg>
      </example>
    </roleset>
  </predicate>
</frameset>
