<!DOCTYPE frameset SYSTEM "frameset.dtd">
<frameset>
  <predicate lemma="batmitzvah">
    <roleset id="batmitzvah.01" name="to initiate a girl in a bar mitzvah ceremony">
      <aliases>
        <alias framenet="" pos="v" verbnet="">batmitzvah</alias>
      </aliases>
      <note>BATMITZVAH-V NOTES: (from batmitzvah.01-v)</note>
      <roles>
        <role descr="religious official" f="pag" n="0"/>
        <role descr="girl initiated" f="ppt" n="1"/>
      </roles>
      <example name="all args" src="web" type="">
        <inflection aspect="ns" form="ns" person="ns" tense="ns" voice="ns"/>
        <text>Reich bat mitzvahed her and just recently bar mitzvahed her son, Andrew.</text>
        <arg f="" n="0">Reich</arg>
        <rel f="">[bat][mitzvahed]</rel>
        <arg f="" n="1">her</arg>
      </example>
    </roleset>
  </predicate>
</frameset>
