<!DOCTYPE frameset SYSTEM "frameset.dtd">
<frameset>
  <predicate lemma="batter">
    <roleset id="batter.01" name="hit repeatedly">
      <aliases>
        <alias framenet="" pos="n" verbnet="">battering</alias>
        <alias framenet="" pos="v" verbnet="">batter</alias>
      </aliases>
      <note>BATTER-V NOTES: I'm really not sure if we'll see animate subjects: Mary battered John?John battered on the door? Maybe. (from batter.01-v)</note>
      <note>BATTERING-N NOTES: Added by Julia based on BOLT, batter-v.01. Corresponds to VNcls hit-18.1-1. (from battering.01-n)</note>
      <roles>
        <role descr="agent, hitter - animate only!" f="pag" n="0">
          <vnrole vncls="18.1-1" vntheta="agent"/>
        </role>
        <role descr="thing hit" f="ppt" n="1">
          <vnrole vncls="18.1-1" vntheta="patient"/>
        </role>
        <role descr="instrument, thing hit by or with" f="mnr" n="2">
          <vnrole vncls="18.1-1" vntheta="instrument"/>
        </role>
        <role descr="intensifier of action" f="ext" n="3"/>
      </roles>
      <example name="passive--most frequent" src="" type="">
        <text>But its 17 big junk holdings at year end showed only a few bonds that [*T-1*] have been really battered *trace*.</text>
        <arg f="mnr" n="m">really</arg>
        <rel f="">battered</rel>
        <arg f="rcl" n="m">that -&gt; only a few bonds</arg>
        <arg f="" n="1">[*T-1*]</arg>
      </example>
      <example name="passive, with instrument" src="" type="">
        <text>[Microsoft]-1, *trace*-1 battered *trace* by profit taking in recent sessions, sank as much as 4; but it finished at 80 7/8, down 2 1/4 on volume of one million shares.</text>
        <rel f="">battered</rel>
        <arg f="" n="1">*trace*-1</arg>
        <arg f="" n="2">by profit taking in recent sessions</arg>
      </example>
      <example name="instrumental subject" src="" type="">
        <text>The early move essentially established the day's trading range, and traders said they saw little of the program activity that [*T*] has battered the market recently.</text>
        <arg f="rcl" n="m">that -&gt; the program activity</arg>
        <arg f="" n="2">[*T*]</arg>
        <rel f="">battered</rel>
        <arg f="" n="1">the market</arg>
        <arg f="tmp" n="m">recently</arg>
      </example>
      <example name="with intensifier" src="" type="">
        <inflection aspect="ns" form="full" person="ns" tense="past" voice="active"/>
        <text>For fifty years his guns and ham-like fists shot holes through [*RNR*-1] and battered the daylights out of [*RNR*-1]the enemies of law and order in the frontier towns of the West .</text>
        <arg f="tmp" n="m">For fifty years</arg>
        <arg f="" n="2">his guns and ham-like fists</arg>
        <rel f="">battered</rel>
        <arg f="" n="3">the daylights</arg>
        <arg f="" n="1">out of [*RNR*-1] the enemies of law and order</arg>
        <arg f="loc" n="m">in the frontier towns of the West</arg>
      </example>
      <example name="args 0, 1" src="internet" type="">
        <inflection aspect="ns" form="ns" person="ns" tense="ns" voice="ns"/>
        <text>Bruises flowered on his chest and shoulders from his battering the bars.</text>
        <arg f="" n="0">his</arg>
        <rel f="">battering</rel>
        <arg f="" n="1">the bars</arg>
      </example>
      <example name="with arg3" src="" type="">
        <inflection aspect="ns" form="ns" person="ns" tense="ns" voice="ns"/>
        <text>John's battering the daylights out of Mary got him arrested.</text>
        <arg f="" n="0">John's</arg>
        <rel f="">battering</rel>
        <arg f="" n="3">the daylights</arg>
        <arg f="" n="1">out of Mary</arg>
      </example>
    </roleset>
  </predicate>
</frameset>
