<!DOCTYPE frameset SYSTEM "frameset.dtd">
<frameset>
  <predicate lemma="battle">
    <roleset id="battle.01" name="fight (with)">
      <aliases>
        <alias framenet="" pos="n" verbnet="">battle</alias>
        <alias framenet="" pos="v" verbnet="">battle</alias>
      </aliases>
      <note>BATTLE-V NOTES: Frames file for 'battle' based on survey of sentences in financial subcorpus. Verbnet entries battle-36.4-1, meet-36.3-2. (from battle.01-v)</note>
      <note>BATTLE-N NOTES: Roleset based on verb entry battle.01, OntoNotes grouping battle-n senses 1, 2, 3; Maps to VN classes battle-36.4-1 and meet-36.3-2. Framed by Claire. (from battle.01-n)</note>
      <roles>
        <role descr="combatant" f="pag" n="0">
          <vnrole vncls="36.3-2" vntheta="agent"/>
          <vnrole vncls="36.4-1" vntheta="agent"/>
        </role>
        <role descr="fight or other combatant, if separate" f="com" n="1">
          <vnrole vncls="36.3-2" vntheta="co-agent"/>
          <vnrole vncls="36.4-1" vntheta="co-agent"/>
        </role>
        <role descr="spoils" f="ppt" n="2">
          <vnrole vncls="36.4-1" vntheta="topic"/>
        </role>
      </roles>
      <example name="basic transitive" src="" type="">
        <text>At Kidder, a unit of General Electric Co., and other big brokerage firms, stockbrokers battle their own firm's program traders a few floors away.</text>
        <arg f="loc" n="m">At Kidder, a unit of General Electric Co., and other big brokerage firms</arg>
        <arg f="" n="0">stockbrokers</arg>
        <rel f="">battle</rel>
        <arg f="" n="1">their own firm 's program traders a few floors away</arg>
      </example>
      <example name="all args" src="" type="">
        <text>Its 6,500 workers, who [*T*] had battled Tiger's management for years over givebacks, were union members until the day of the merger, when most of their unions were automatically decertified.</text>
        <arg f="rcl" n="m">who -&gt; Its 6,500 workers</arg>
        <arg f="" n="0">[*T*]</arg>
        <rel f="">battled</rel>
        <arg f="" n="1">Tiger 's management</arg>
        <arg f="tmp" n="m">for years</arg>
        <arg f="" n="2">over givebacks</arg>
      </example>
      <example name="merged combatants" src="" type="">
        <text>That's the view of some analysts here who argue that Britain's leading maker of luxury cars still may have two U.S. auto giants battling for it.</text>
        <arg f="" n="0">two U.S. auto giants</arg>
        <rel f="">battling</rel>
        <arg f="" n="2">for it</arg>
      </example>
      <example name="NP only, all arguments" src="NomBank Frames" type="">
        <text>its battle with General Motors Corp. over Jaguar PLC</text>
        <arg f="" n="0">its</arg>
        <rel f="">battle</rel>
        <arg f="" n="1">with General Motors Corp.</arg>
        <arg f="" n="2">over Jaguar PLC</arg>
      </example>
      <example name="NP only, arg2" src="NomBank Frames" type="">
        <text>another takeover battle</text>
        <arg f="" n="2">takeover</arg>
        <rel f="">battle</rel>
      </example>
      <example name="Args 0 &amp; 1" src="ON sense 2" type="">
        <inflection aspect="ns" form="ns" person="ns" tense="ns" voice="ns"/>
        <text>She finally lost her battle against breast cancer.</text>
        <arg f="" n="0">her</arg>
        <rel f="">battle</rel>
        <arg f="" n="1">against breast cancer</arg>
      </example>
      <example name="Arg 0, battlers in one mention" src="ON sense 3" type="">
        <inflection aspect="ns" form="ns" person="ns" tense="ns" voice="ns"/>
        <text>That game show is a battle of wits.</text>
        <rel f="">battle</rel>
        <arg f="" n="0">of wits</arg>
      </example>
      <example name="All arguments" src="web" type="">
        <inflection aspect="ns" form="ns" person="ns" tense="ns" voice="ns"/>
        <text>Mueller believes Richards edited a version of her e-mails to bolster her custody battle with Sheen.</text>
        <arg f="" n="0">her</arg>
        <arg f="" n="2">custody</arg>
        <rel f="">battle</rel>
        <arg f="" n="1">with Sheen.</arg>
      </example>
    </roleset>
  </predicate>
</frameset>
