<!DOCTYPE frameset SYSTEM "frameset.dtd">
<frameset>
  <predicate lemma="bawl">
    <roleset id="bawl.01" name="cry out loudly">
      <aliases>
        <alias framenet="" pos="v" verbnet="">bawl</alias>
      </aliases>
      <note>BAWL-V NOTES: Frames file for 'bawl' based on sentences in BROWN. VN entry in manner_speaking-37.3 (from bawl.01-v predicate notes)</note>
      <roles>
        <role descr="speaker" f="PAG" n="0">
          <vnrole vncls="37.3" vntheta="Agent"/>
        </role>
        <role descr="utterance" f="PPT" n="1">
          <vnrole vncls="37.3" vntheta="Topic"/>
        </role>
      </roles>
      <example name="transitive" src="" type="">
        <text>They bawled questions that [*T*-2] were not answered [*-1]in the uproar .</text>
        <rel f="">bawled</rel>
        <arg f="" n="0">They</arg>
        <arg f="" n="1">questions that [*T*-2] were not answered [*-1]in theuproar</arg>
      </example>
      <example name="intransitive" src="" type="">
        <text>The bodies in the truck threshed and bawled without human speech when thedromozoa struck them [*T*-1] .</text>
        <rel f="">bawled</rel>
        <arg f="" n="0">The bodies in the truck</arg>
      </example>
    </roleset>
    <roleset id="bawl.02" name="sell">
      <aliases>
        <alias framenet="" pos="v" verbnet="">bawl</alias>
      </aliases>
      <note>BAWL-V NOTES: Framed by Neville. (from bawl.02-v)</note>
      <roles>
        <role descr="peddler" f="PAG" n="0"/>
        <role descr="wares" f="PPT" n="1"/>
      </roles>
      <example name="transitive" src="" type="">
        <text>[The peddler]*-2 came [*-2]bawling his wares and told them of theconvention in Wheeling , which [*T*-1] had formed a new state government by [*] declaring thegovernment at Richmond in the east illegal because they were traitors .</text>
        <rel f="">bawling</rel>
        <arg f="" n="0">[*-2]</arg>
        <arg f="" n="1">his wares</arg>
      </example>
    </roleset>
  </predicate>
</frameset>
