<!DOCTYPE frameset SYSTEM "frameset.dtd">
<frameset>
  <predicate lemma="bay">
    <roleset id="bay.01" name="the deep howl as that of a dog on the hunt">
      <aliases>
        <alias framenet="" pos="v" verbnet="">bay</alias>
      </aliases>
      <note>BAY-V NOTES: Frames file for 'bay' based on dictionary.com. Verbnet entry 38. (from bay.01-v predicate notes)</note>
      <roles>
        <role descr="bay-er" f="PAG" n="0">
          <vnrole vncls="38" vntheta="Agent"/>
        </role>
      </roles>
      <example name="Hounds" src="" type="">
        <text>The hounds bayed at the rabbit.</text>
        <arg f="" n="0">The hounds</arg>
        <rel f="">bayed</rel>
        <arg f="DIR" n="M">at the rabbit</arg>
      </example>
    </roleset>
  </predicate>
</frameset>
