<!DOCTYPE frameset SYSTEM "frameset.dtd">
<frameset>
  <predicate lemma="bayonet">
    <roleset id="bayonet.01" name="stab, kill with a bayonet">
      <aliases>
        <alias framenet="" pos="v" verbnet="">bayonet</alias>
      </aliases>
      <note>BAYONET-V NOTES: Hand-corrected by Claire (from bayonet.01-v)</note>
      <roles>
        <role descr="stabber" f="PAG" n="0">
          <vnrole vncls="18.3" vntheta="Agent"/>
        </role>
        <role descr="victim" f="PPT" n="1">
          <vnrole vncls="18.3" vntheta="Patient"/>
        </role>
      </roles>
      <example name="Typical transitive usage" src="web usage" type="">
        <text>He bayoneted the enemy holding the bunker and silenced the deadly weapon.</text>
        <arg f="" n="0">He</arg>
        <rel f="">bayoneted</rel>
        <arg f="" n="1">the enemy holding the bunker</arg>
      </example>
      <example name="Metaphorical" src="web usage" type="">
        <inflection aspect="ns" form="ns" person="ns" tense="ns" voice="ns"/>
        <text>The temperature in the room dipped lower than outside as she bayoneted me with an icy glare.</text>
        <arg f="" n="0">she</arg>
        <rel f="">bayoneted</rel>
        <arg f="" n="1">me</arg>
        <arg f="mnr" n="m">with an icy glare</arg>
      </example>
    </roleset>
  </predicate>
</frameset>
