<!DOCTYPE frameset SYSTEM "frameset.dtd">
<frameset>
  <predicate lemma="be">
    <roleset id="be.01" name="copula">
      <aliases>
        <alias framenet="Performers_and_roles" pos="v" verbnet="">be</alias>
        <alias framenet="" pos="n" verbnet="">being</alias>
        <alias framenet="" pos="v" verbnet="">art</alias>
      </aliases>
      <note>BE-V NOTES: Frames file for 'be' based on sentences in wsj. No Verbnet entry. (from be.01-v predicate notes)</note>
      <note>BEING-N NOTES: be.01 (from being.01-n)</note>
      <roles>
        <note>Arg2 will probably be a PRD node, but NEVER a VP node!. (from be.01-v)</note>
        <role descr="topic" f="ppt" n="1">
          <vnrole vncls="109-1-1" vntheta="theme"/>
        </role>
        <role descr="comment" f="prd" n="2">
          <vnrole vncls="109-1-1" vntheta="attribute"/>
        </role>
      </roles>
      <example name="poor John" src="" type="">
        <inflection aspect="ns" form="full" person="third" tense="present" voice="active"/>
        <text>John is an idiot.</text>
        <arg f="" n="1">John</arg>
        <rel f="">is</rel>
        <arg f="" n="2">an idiot</arg>
      </example>
      <example name="Arg1, 2" src="" type="">
        <inflection aspect="ns" form="ns" person="ns" tense="ns" voice="ns"/>
        <text>George's being a brat ruined the field trip for everybody.</text>
        <arg f="" n="1">George's</arg>
        <rel f="">being</rel>
        <arg f="" n="2">a brat</arg>
      </example>
    </roleset>
    <roleset id="be.02" name="existential, existing">
      <aliases>
        <alias framenet="" pos="v" verbnet="">be</alias>
        <alias framenet="" pos="n" verbnet="">being</alias>
      </aliases>
      <note>BE-V NOTES: Frames file for 'be' based on sentences in wsj. No Verbnet entry. (from be.02-v predicate notes)</note>
      <note>BEING-N NOTES: be.02. Corresponds to ontonotes sense 1. (from being.02-n)</note>
      <roles>
        <role descr="thing that is" f="ppt" n="1"/>
      </roles>
      <example name="what it is, what it was, what it shall be" src="" type="">
        <inflection aspect="ns" form="full" person="third" tense="present" voice="active"/>
        <text>John doesn't think, therefore he isn't.</text>
        <arg f="" n="1">he</arg>
        <rel f="">is</rel>
        <arg f="neg" n="m">n't</arg>
      </example>
      <example name="with support" src="" type="">
        <inflection aspect="ns" form="full" person="third" tense="present" voice="active"/>
        <text>There's a foul odor in the air whenever John's around.</text>
        <arg f="" n="1">a foul odor in the air</arg>
        <rel f="">'s</rel>
        <arg f="tmp" n="m">whenever John's around</arg>
      </example>
      <example name="Arg1, with adjectival" src="" type="">
        <inflection aspect="ns" form="ns" person="ns" tense="ns" voice="ns"/>
        <text>The existence of the hideous theatre, its very being, offended him so badly as to cause him nausea each day he passed the decrepit building.</text>
        <arg f="" n="1">its</arg>
        <arg f="adj" n="m">very</arg>
        <rel f="">being</rel>
      </example>
    </roleset>
    <roleset id="be.03" name="auxiliary">
      <aliases>
        <alias framenet="" pos="v" verbnet="">be</alias>
      </aliases>
      <note>BE-V NOTES: Frames file for 'be' based on sentences in wsj. No Verbnet entry. (from be.03-v predicate notes)</note>
      <roles>
        <note>do not tag--no arguments! Will be followed by a VP node. (from be.03-v)</note>
      </roles>
      <example name="one of many" src="" type="">
        <inflection aspect="ns" form="ns" person="ns" tense="ns" voice="ns"/>
        <text>John is eating.</text>
      </example>
    </roleset>
  </predicate>
  <predicate lemma="be_like">
    <roleset id="be_like.04" name="be_like: multiword expression akin to &quot;say&quot;">
      <aliases>
        <alias framenet="" pos="v" verbnet="">be_like</alias>
      </aliases>
      <note>BE_LIKE-V NOTES: This usage is common in data that contains spoken English. Examples taken from EBC. (from be.04-v predicate notes)</note>
      <roles>
        <role descr="speaker" f="pag" n="0"/>
        <role descr="utterance" f="ppt" n="1"/>
      </roles>
      <example name="definitely spoken" src="" type="">
        <text>When it comes to ABC *T*-1 they be like A B.</text>
        <arg f="tmp" n="m">When it comes to ABC *T*-1</arg>
        <arg f="" n="0">they</arg>
        <rel f="">[ be] [ like]</rel>
        <arg f="" n="1">A B</arg>
      </example>
      <example name="say" src="" type="">
        <text>And I 'm like why 's the door open *T*?</text>
        <arg f="dis" n="m">And</arg>
        <arg f="" n="0">I</arg>
        <rel f="">[ 'm] [ like]</rel>
        <arg f="" n="1">why 's the door open *T*?</arg>
      </example>
      <example name="definitely spoken" src="" type="">
        <text>When it comes to ABC *T*-1 they be like A B.</text>
        <arg f="tmp" n="m">When it comes to ABC *T*-1</arg>
        <arg f="" n="0">they</arg>
        <rel f="">[ be] [ like]</rel>
        <arg f="" n="1">A B</arg>
      </example>
      <example name="one more example" src="" type="">
        <text>I know 0 my producers are probably like ah uh.</text>
        <arg f="" n="0">my producers</arg>
        <rel f="">[ are] [ like]</rel>
        <arg f="" n="1">ah uh</arg>
      </example>
    </roleset>
  </predicate>
  <predicate lemma="be_all">
    <roleset id="be_all.05" name="say">
      <aliases>
        <alias framenet="" pos="v" verbnet="">be_all</alias>
      </aliases>
      <note>BE_ALL-V NOTES: Based on SMS data. Comparison to be.04 and say.01. No VN or FN classes. Framed by Katie. (from be.05-v)</note>
      <roles>
        <role descr="speaker" f="pag" n="0"/>
        <role descr="utterance" f="ppt" n="1"/>
        <role descr="attributive, comment on utterance, topic of utterance" f="prd" n="2"/>
      </roles>
      <example name="" src="" type="">
        <inflection aspect="ns" form="ns" person="ns" tense="ns" voice="ns"/>
        <text>She was all 'thats horrible" about the breakup</text>
        <arg f="" n="0">She</arg>
        <rel f="">[was], [all]</rel>
        <arg f="" n="1">"thats horrible"</arg>
        <arg f="" n="2">about the breakup.</arg>
      </example>
    </roleset>
  </predicate>
</frameset>
