<!DOCTYPE frameset SYSTEM "frameset.dtd">
<frameset>
  <predicate lemma="beach">
    <roleset id="beach.01" name="to run, haul, or bring ashore">
      <aliases>
        <alias framenet="" pos="v" verbnet="">beach</alias>
      </aliases>
      <note>BEACH-V NOTES: Frames file for 'beach' based on dictionary.com. Verbnet entry 9.10. (from beach.01-v predicate notes)</note>
      <roles>
        <role descr="beacher" f="PAG" n="0">
          <vnrole vncls="9.10" vntheta="Agent"/>
        </role>
        <role descr="thing beached" f="PPT" n="1">
          <vnrole vncls="9.10" vntheta="Theme"/>
        </role>
        <role descr="location" f="GOL" n="2">
          <vnrole vncls="9.10" vntheta="Destination"/>
        </role>
      </roles>
      <example name="boat" src="" type="">
        <text>We beached the rowboat in front of the cabin.</text>
        <arg f="" n="0">We</arg>
        <rel f="">beached</rel>
        <arg f="" n="1">the rowboat</arg>
        <arg f="" n="2">in front of the cabin</arg>
      </example>
      <example name="fish" src="" type="">
        <text>We beached a bluefish after a struggle.</text>
        <arg f="" n="0">We</arg>
        <rel f="">beached</rel>
        <arg f="" n="1">a bluefish</arg>
        <arg f="TMP" n="M">after a struggle</arg>
      </example>
    </roleset>
  </predicate>
</frameset>
