<!DOCTYPE frameset SYSTEM "frameset.dtd">
<frameset>
  <predicate lemma="bead">
    <roleset id="bead.01" name="form into beads (as a substance)">
      <aliases>
        <alias framenet="" pos="v" verbnet="">bead</alias>
      </aliases>
      <note>BEAD-V NOTES: Based on internet search and wordnet. Added because none existed. Refer to Vncls substance_emission-43.4 (not a member because it's not an exact fit, but it's close). Comparison to 'emanate'. (from bead.01-v)</note>
      <roles>
        <note>Agent role not actually observed. (from bead.01-v)</note>
        <role descr="agentive producer of liquid (may not occur)" f="DIR" n="0">
          <vnrole vncls="43.4" vntheta="Source"/>
        </role>
        <role descr="theme, liquid substance forming into drops" f="PPT" n="1">
          <vnrole vncls="43.4" vntheta="Theme"/>
        </role>
        <role descr="source, non-agentive producer of liquid" f="DIR" n="2">
          <vnrole vncls="43.4" vntheta="Source"/>
        </role>
        <role descr="location of the beads" f="LOC" n="3">
          <vnrole vncls="43.4" vntheta="Location"/>
        </role>
      </roles>
      <example name="intransitive" src="intransitive" type="intransitive">
        <inflection aspect="ns" form="full" person="third" tense="present" voice="active"/>
        <text>Then wait about a minute as the condensation beads.</text>
        <arg f="" n="1">the condensation</arg>
        <rel f="">beads.</rel>
      </example>
      <example name="intransitive with location" src="intransitive with location" type="intransitive with location">
        <inflection aspect="ns" form="full" person="third" tense="past" voice="active"/>
        <text>Ochre sap beaded on the pale meat of the twained wood.</text>
        <arg f="" n="1">Ochre sap</arg>
        <rel f="">beaded</rel>
        <arg f="" n="3">on the pale meat of the twained wood.</arg>
      </example>
      <example name="transitive with theme and location" src="transitive with theme and location" type="transitive with theme and location">
        <inflection aspect="ns" form="full" person="third" tense="past" voice="active"/>
        <text>Sweat beaded his brows as he fastened the last knot on his uniform.</text>
        <arg f="" n="1">sweat</arg>
        <rel f="">beaded</rel>
        <arg f="" n="3">his brows</arg>
        <arg f="tmp" n="m">as he fastened the last knot on his uniform.</arg>
      </example>
      <example name="transitive with source and theme" src="transitive with source and theme" type="transitive with source and theme">
        <inflection aspect="ns" form="full" person="third" tense="past" voice="active"/>
        <text>The bailiff's brow beaded sweat from the unaccustomed exertion.</text>
        <arg f="" n="2">The bailiff's brow</arg>
        <rel f="">beaded</rel>
        <arg f="" n="1">sweat</arg>
        <arg f="cau" n="m">from the unaccustomed exertion.</arg>
      </example>
    </roleset>
    <roleset id="bead.02" name="apply beads to">
      <aliases>
        <alias framenet="" pos="v" verbnet="">bead</alias>
      </aliases>
      <note>BEAD-V NOTES: Roleset by Julia based on internet search and wordnet. Member of Vncls illustrate-25.3, build-26.1. Comparison to 'decorate'. (from bead.02-v)</note>
      <roles>
        <role descr="agent, person doing the beading" f="PAG" n="0">
          <vnrole vncls="25.3" vntheta="Agent"/>
          <vnrole vncls="26.1" vntheta="Agent"/>
        </role>
        <role descr="theme, beads" f="ppt" n="1">
          <vnrole vncls="25.3" vntheta="Theme"/>
          <vnrole vncls="26.1" vntheta="Material"/>
        </role>
        <role descr="thing being covered in beads, destination" f="GOL" n="2">
          <vnrole vncls="25.3" vntheta="Destination"/>
        </role>
        <role descr="pattern/ design" f="PRD" n="3">
          <vnrole vncls="26.1" vntheta="Product"/>
        </role>
      </roles>
      <example name="passive with theme and destination" src="passive with theme and destination" type="passive with theme and destination">
        <inflection aspect="ns" form="participle" person="third" tense="present" voice="passive"/>
        <text>[Faux pearls]-1 were beaded *trace*-1 onto slightly stretchy jewelry sting.</text>
        <rel f="">beaded</rel>
        <arg f="" n="1">*trace*-1</arg>
        <arg f="" n="2">onto slightly stretchy jewelry string.</arg>
      </example>
      <example name="Transitive with destination" src="Transitive with destination" type="Transitive with destination">
        <inflection aspect="ns" form="full" person="third" tense="past" voice="active"/>
        <text>After she beaded the clock, she looked at a switch plate nearby and said "More beads, more baubles!"</text>
        <arg f="" n="0">she</arg>
        <rel f="">beaded</rel>
        <arg f="" n="2">the clock</arg>
      </example>
      <example name="intransitive" src="intransitive" type="intransitive">
        <inflection aspect="ns" form="participle" person="other" tense="present" voice="active"/>
        <text>I could have beaded all night.</text>
        <arg f="" n="0">I</arg>
        <rel f="mod">could</rel>
        <rel f="">beaded</rel>
        <arg f="tmp" n="m">all night</arg>
      </example>
      <example name="with pattern" src="with pattern" type="with pattern">
        <inflection aspect="ns" form="participle" person="third" tense="past" voice="passive"/>
        <text>[Seed pearls]-1 were beaded *trace*-1 into patterns to create fanciful images of flowers.</text>
        <rel f="">beaded</rel>
        <arg f="" n="1">*trace*-1</arg>
        <arg f="" n="3">into patterns</arg>
        <arg f="prp" n="m">to create fanciful images of flowers</arg>
      </example>
    </roleset>
  </predicate>
  <predicate lemma="bead_up">
    <roleset id="bead_up.03" name="bead_up">
      <aliases>
        <alias framenet="" pos="v" verbnet="">bead_up</alias>
      </aliases>
      <note>BEAD_UP-V NOTES: Based on internet search and wordnet. See Vncls substance_emission-43.4. Comparison to bead.01. (from bead.03-v)</note>
      <roles>
        <role descr="agentive producer of liquid (may not occur)" f="DIR" n="0">
          <vnrole vncls="43.4" vntheta="Source"/>
        </role>
        <role descr="theme, liquid substance forming into drops" f="PPT" n="1">
          <vnrole vncls="43.4" vntheta="Theme"/>
        </role>
        <role descr="source, non-agentive producer of liquid" f="DIR" n="2">
          <vnrole vncls="43.4" vntheta="Source"/>
        </role>
        <role descr="location of the beads" f="LOC" n="3">
          <vnrole vncls="43.4" vntheta="Location"/>
        </role>
      </roles>
      <example name="arg1 as subject" src="" type="">
        <inflection aspect="ns" form="ns" person="ns" tense="ns" voice="ns"/>
        <text>This foam is very dense so water beads up on it</text>
        <arg f="" n="1">water</arg>
        <rel f="">[beads][up]</rel>
        <arg f="" n="3">on it</arg>
      </example>
    </roleset>
  </predicate>
</frameset>
