<!DOCTYPE frameset SYSTEM "frameset.dtd">
<frameset>
  <predicate lemma="beam">
    <roleset id="beam.01" name="to emit or transmit">
      <aliases>
        <alias framenet="" pos="v" verbnet="">beam</alias>
      </aliases>
      <note>BEAM-V NOTES: Frames file for 'beam' based on survey of sentences in the WSJ corpus. (from beam.01-v predicate notes)</note>
      <roles>
        <role descr="transmitter, agent" f="PAG" n="0">
          <vnrole vncls="43.1" vntheta="Agent"/>
        </role>
        <role descr="thing transmitted" f="PPT" n="1">
          <vnrole vncls="43.1" vntheta="Theme"/>
        </role>
      </roles>
      <example name="passive" src="" type="">
        <inflection aspect="ns" form="participle" person="ns" tense="ns" voice="passive"/>
        <text>He gives pep talks in [periodic `` family briefings '']*-1 beamed [*-1]internationally on `` FXTV , '' the company 's own television network .</text>
        <rel f="">beamed</rel>
        <arg f="" n="1">[*-1]</arg>
        <arg f="MNR" n="M">internationally</arg>
        <arg f="LOC" n="M">on `` FXTV , '' the company 's own television network</arg>
      </example>
    </roleset>
    <roleset id="beam.02" name="to express with a smile">
      <aliases>
        <alias framenet="" pos="v" verbnet="">beam</alias>
      </aliases>
      <note>BEAM-V NOTES: Frames file for 'beam' based on survey of sentences in the WSJ corpus. (from beam.02-v predicate notes)</note>
      <roles>
        <role descr="smiler, agent" f="PAG" n="0">
          <vnrole vncls="40.2" vntheta="Agent"/>
        </role>
        <role descr="thing expressed" f="PPT" n="1">
          <vnrole vncls="40.2" vntheta="Theme"/>
        </role>
      </roles>
      <example name="transitive" src="" type="">
        <inflection aspect="ns" form="full" person="third" tense="present" voice="active"/>
        <text>``[We 've had the Russians and Chinese , and people from India visiting us]*-1 , '' Mr. Iverson beams [*-1].</text>
        <arg f="" n="0">Mr. Iverson</arg>
        <rel f="">beams</rel>
        <arg f="" n="1">[*-1]</arg>
      </example>
    </roleset>
  </predicate>
</frameset>
