<!DOCTYPE frameset SYSTEM "frameset.dtd">
<frameset>
  <predicate lemma="beard">
    <roleset id="beard.01" name="border">
      <aliases>
        <alias framenet="" pos="v" verbnet="">beard</alias>
      </aliases>
      <note>BEARD-V NOTES: Frames file for 'beard' based on sentences in BROWN. No VN entry. (from beard.01-v predicate notes)</note>
      <roles>
        <role descr="first locale" f="PAG" n="0"/>
        <role descr="second locale" f="PPT" n="1"/>
      </roles>
      <example name="transitive" src="" type="">
        <text>A fringe of housing and gardens bearded the top of the heights , and behind itwere [*T*-1] sandy roads leading past farms and hayfields .</text>
        <rel f="">bearded</rel>
        <arg f="" n="0">A fringe of housing and gardens</arg>
        <arg f="" n="1">the top of the heights</arg>
      </example>
    </roleset>
    <roleset id="beard.02" name="furnish with a beard">
      <aliases>
        <alias framenet="" pos="v" verbnet="">beard</alias>
      </aliases>
      <note>BEARD-V NOTES: Framed by Neville. (from beard.02-v)</note>
      <roles>
        <role descr="agent, bearder" f="PAG" n="0">
          <vnrole vncls="10.7" vntheta="Agent"/>
        </role>
        <role descr="patient, entity given beard" f="PPT" n="1">
          <vnrole vncls="10.7" vntheta="Theme"/>
        </role>
      </roles>
      <example name="passive, arg1" src="" type="">
        <text>[He]*-1 was bearded [*-1].</text>
        <rel f="">bearded</rel>
        <arg f="" n="1">[*-1]</arg>
      </example>
    </roleset>
  </predicate>
</frameset>
