<!DOCTYPE frameset SYSTEM "frameset.dtd">
<frameset>
  <predicate lemma="bear">
    <roleset id="bear.01" name="hold, support, endure">
      <aliases>
        <alias framenet="" pos="n" verbnet="">bearing</alias>
        <alias framenet="Bringing Bearing_arms" pos="v" verbnet="">bear</alias>
      </aliases>
      <note>BEAR-V NOTES: Yes, this is really several different senses, but they all take thesame syntax. (from bear.01-v)</note>
      <note>BEARING-N NOTES: bear.01 (from bearing.01-n)</note>
      <roles>
        <role descr="holder" f="ppt" n="0">
          <vnrole vncls="31.2" vntheta="experiencer"/>
        </role>
        <role descr="thing held" f="pag" n="1">
          <vnrole vncls="31.2" vntheta="stimulus"/>
        </role>
        <role descr="benefactive" f="gol" n="2"/>
        <role descr="secondary attribute of thing held" f="prd" n="3"/>
      </roles>
      <example name="endure" src="" type="">
        <text>...profit-taking weighed on the market, with blue-chips bearing the brunt of the selling.</text>
        <arg f="" n="0">blue-chips</arg>
        <rel f="">bearing</rel>
        <arg f="" n="1">the brunt of the selling</arg>
      </example>
      <example name="hold" src="" type="">
        <text>``...'' said Finis Conner, chief executive officer and founder of the firm that *trace* bears his name.</text>
        <arg f="" n="0">*trace* -&gt; that - &gt; the firm</arg>
        <rel f="">bears</rel>
        <arg f="" n="1">his name</arg>
      </example>
      <example name="with attribute" src="" type="">
        <text>The new notes will bear interest at 5.5% through July 31, 1991, and thereafter at 10%.</text>
        <arg f="" n="0">The new notes</arg>
        <arg f="mod" n="m">will</arg>
        <rel f="">bear</rel>
        <arg f="" n="1">interest</arg>
        <arg f="" n="3">at 5.5% through July 31, 1991, and thereafter at 10%</arg>
      </example>
      <example name="Metaphorical burden" src="" type="">
        <inflection aspect="ns" form="ns" person="ns" tense="ns" voice="ns"/>
        <text>His bearing the burden of responsibility for his entire family's well-being had long ago began to take its toll on Jonathan.</text>
        <arg f="" n="0">His</arg>
        <rel f="">bearing</rel>
        <arg f="" n="1">the burden of responsibility for his entire family's well-being</arg>
      </example>
    </roleset>
    <roleset id="bear.02" name="bear children">
      <aliases>
        <alias framenet="Birth" pos="v" verbnet="">bear</alias>
        <alias framenet="Birth" pos="v" verbnet="">birth</alias>
        <alias framenet="Birth" pos="n" verbnet="">birth</alias>
        <alias framenet="Birth" pos="l" verbnet="">give_birth</alias>
      </aliases>
      <note>BEAR-V NOTES: Frames file for 'bear' based on sentences in financial subcorpus. No access to verbnet. Two senses, comparison to 'hold' and 'move'. (from bear.02-v predicate notes)</note>
      <roles>
        <role descr="mother" f="pag" n="0"/>
        <role descr="child" f="ppt" n="1"/>
      </roles>
      <example name="durn young'uns" src="" type="">
        <text>``Most of them weren't even born the last time the painting was displayed publicly,'' he says.</text>
        <arg f="" n="1">Most of them</arg>
        <arg f="neg" n="m">n't</arg>
        <arg f="dis" n="m">even</arg>
        <rel f="">born</rel>
        <arg f="tmp" n="m">the last time the painting was displayed publicly</arg>
      </example>
    </roleset>
    <roleset id="bear.03" name="move">
      <aliases>
        <alias framenet="Path_shape Change_direction" pos="v" verbnet="">bear</alias>
      </aliases>
      <note>BEAR-V NOTES: OK, not a great example, but you get the idea and I doubt this usagewill come up anyway. (from bear.03-v)</note>
      <roles>
        <role descr="entity in motion" f="ppt" n="1"/>
      </roles>
      <example name="name the movie" src="" type="">
        <text>"*trace* Bear left! Move the thing! And, that other thing!"</text>
        <arg f="" n="1">*trace*</arg>
        <rel f="">Bear</rel>
        <arg f="dir" n="m">left</arg>
      </example>
    </roleset>
    <roleset id="bear.06" name="has relation to">
      <aliases>
        <alias framenet="" pos="n" verbnet="">bearing</alias>
        <alias framenet="" pos="l" verbnet="">have_bearing</alias>
        <alias framenet="" pos="v" verbnet="">bear</alias>
      </aliases>
      <note>BEAR-V NOTES: Maps to phrasal verb 'bear on' in VN. (from bear.06-v)</note>
      <note>BEARING-N NOTES: Roleset based on instances in BOLT-P01 nouns parts 1&amp; 2. Maps to verb entry bear.06, which maps to VN class relate-86.2-1. No relevant fn entry. (from bearing.02-n)</note>
      <roles>
        <role descr="topic" f="ppt" n="1">
          <vnrole vncls="86.2-1" vntheta="theme"/>
        </role>
        <role descr="related topic" f="ppt" n="2">
          <vnrole vncls="86.2-1" vntheta="co-theme"/>
        </role>
      </roles>
      <example name="bearly there?" src="" type="">
        <inflection aspect="ns" form="full" person="third" tense="present" voice="active"/>
        <text>Now, scholars in fulfilling their responsibility do not claim the right to invade every collection of papers that [*T*-1] bears upon their topics of investigation.</text>
        <arg f="" n="1">[*T*-1] -&gt; that - &gt; every collection of papers</arg>
        <rel f="">bears</rel>
        <arg f="" n="2">upon their topics of investigation</arg>
      </example>
      <example name="arg 2 only" src="BOLT" type="">
        <inflection aspect="ns" form="ns" person="ns" tense="ns" voice="ns"/>
        <text>When are people going to realise that sexual orientation , skin colour and ethnicity has no bearing on what is inside the person and their personality .</text>
        <arg f="neg" n="m">no</arg>
        <rel f="">bearing</rel>
        <arg f="" n="2">on what is inside the person adn their personality</arg>
      </example>
      <example name="All args" src="web" type="">
        <inflection aspect="ns" form="ns" person="ns" tense="ns" voice="ns"/>
        <text>Peers including the vice president of Barnardo's debated child development in the UK, and its bearing on national wellbeing.</text>
        <arg f="" n="1">its</arg>
        <rel f="">bearing</rel>
        <arg f="" n="2">on national wellbeing.</arg>
      </example>
    </roleset>
  </predicate>
  <predicate lemma="bear_up">
    <roleset id="bear_up.04" name="survive, exist">
      <aliases>
        <alias framenet="" pos="v" verbnet="">bear_up</alias>
      </aliases>
      <note>BEAR_UP-V NOTES: (from bear.04-v)</note>
      <roles>
        <role descr="entity existing" f="ppt" n="1"/>
      </roles>
      <example name="poor John" src="" type="">
        <text>Considering everything I've put him through, John is bearing up surprisingly well.</text>
        <arg f="dis" n="m">Considering everything I've put him through</arg>
        <arg f="" n="1">John</arg>
        <rel f="">bearing up</rel>
        <arg f="mnr" n="m">surprisingly well</arg>
      </example>
    </roleset>
  </predicate>
  <predicate lemma="bear_out">
    <roleset id="bear_out.05" name="bear out: confirm?  support again?">
      <aliases>
        <alias framenet="" pos="v" verbnet="">bear_out</alias>
      </aliases>
      <note>BEAR_OUT-V NOTES: I'm not sure what the sense is here; hopefully another example willcome along and clear things up. If you find the example, please sendit along to me. (from bear.05-v)</note>
      <roles>
        <role descr="confirmer, agent" f="pag" n="0"/>
        <role descr="thing confirmed, patient" f="ppt" n="1"/>
      </roles>
      <example name="only example so far" src="" type="">
        <text>That was borne *trace* out by the Justice Department's decision to settle the case.</text>
        <rel f="">[ borne][ out]</rel>
        <arg f="" n="1">*trace* -&gt; That</arg>
        <arg f="by" n="0">the Justice Department's decision to settle the case</arg>
      </example>
    </roleset>
  </predicate>
</frameset>
