<!DOCTYPE frameset SYSTEM "frameset.dtd">
<frameset>
  <predicate lemma="beatify">
    <roleset id="beatify.01" name="elevate in status">
      <aliases>
        <alias framenet="" pos="v" verbnet="">beatify</alias>
      </aliases>
      <note>BEATIFY-V NOTES: frame by Perryn (from beatify.01-v)</note>
      <roles>
        <role descr="causer of elevation" f="PAG" n="0"/>
        <role descr="entity being elevated" f="PPT" n="1"/>
      </roles>
      <example name="exalt" src="" type="">
        <text>In the port city of Dubrovnik, he beatified a nun who *T*-1 dedicated her life to *PRO* serving the poor.</text>
        <arg f="loc" n="m">in the port city of Dubrovnik</arg>
        <arg f="" n="0">he</arg>
        <rel f="">beatified</rel>
        <arg f="" n="1">a nun who dedicated her life to...</arg>
      </example>
    </roleset>
  </predicate>
</frameset>
