<!DOCTYPE frameset SYSTEM "frameset.dtd">
<frameset>
  <predicate lemma="beat">
    <roleset id="beat.01" name="strike">
      <aliases>
        <alias framenet="" pos="n" verbnet="">beating</alias>
        <alias framenet="" pos="v" verbnet="">beat</alias>
      </aliases>
      <note>BEAT-V NOTES: Comparison with 'hit' and 'win'. beat 0.2 and beat 0.3. Based on financial subcorpus. Verbnet classes hit-18.1-1. (from beat.01-v)</note>
      <note>BEATING-N NOTES: Roleset based on instances in BOLT P01. Based on comparison to beat-v.01, maps to VN class 18.1-1, noun has no FN frame. (from beating.01-n)</note>
      <roles>
        <role descr="agent, hitter - animate only!" f="pag" n="0">
          <vnrole vncls="18.1-1" vntheta="agent"/>
        </role>
        <role descr="thing hit" f="ppt" n="1">
          <vnrole vncls="18.1-1" vntheta="patient"/>
        </role>
        <role descr="instrument, thing hit by or with" f="mnr" n="2">
          <vnrole vncls="18.1-1" vntheta="instrument"/>
        </role>
      </roles>
      <example name="violence" src="" type="">
        <text>Mary beat John with a wet noodle.</text>
        <arg f="" n="0">Mary</arg>
        <rel f="">beat</rel>
        <arg f="" n="1">John</arg>
        <arg f="" n="2">with a wet noodle</arg>
      </example>
      <example name="All args" src="web" type="">
        <inflection aspect="ns" form="ns" person="ns" tense="ns" voice="ns"/>
        <text>Earlier this week, former Springfield cop Jeffrey Asher was convicted of assault and battery, resulting from his beating, with a flashlight, of Melvin Jones III.</text>
        <arg f="" n="0">his</arg>
        <rel f="">beating</rel>
        <arg f="" n="2">with a flashlight</arg>
        <arg f="" n="1">of Melvin Jones III</arg>
      </example>
    </roleset>
    <roleset id="beat.02" name="(cause) pulsating motion that often makes sound">
      <aliases>
        <alias framenet="" pos="v" verbnet="">beat</alias>
        <alias framenet="" pos="n" verbnet="">beat</alias>
      </aliases>
      <note>BEAT-V NOTES: I have the feeling this will always occur as "beat down(ward)". (from beat.02-v)</note>
      <note>BEAT-N NOTES: Roleset based on verb entry beat.02 (sort of), OntoNotes grouping beat-n senses 2, 4, 6; maps to VN class sound_emission-43.2. Framed by Claire. (from beat.01-n)</note>
      <roles>
        <note>Co-occurence of all arguments seems unlikely, usually this would be "beating" rather than "beat." (from beat.01-n)</note>
        <role descr="causer of motion" f="pag" n="0"/>
        <role descr="thing moving" f="ppt" n="1"/>
        <role descr="direction, destination" f="dir" n="2"/>
      </roles>
      <example name="all args, passivized" src="" type="">
        <text>Another proposed reform is to have program traders answer to an ``uptick rule'' a reform instituted after the Great Crash of 1929 that protects against [stocks]-2 being relentlessly beaten *trace*-2 downward by those seeking to profit from lower prices, namely short sellers.</text>
        <arg f="" n="1">*trace*-2</arg>
        <arg f="mnr" n="m">relentlessly</arg>
        <rel f="">beaten</rel>
        <arg f="dir" n="2">downward</arg>
        <arg f="" n="0">by those seeking to profit from lower prices, namely short sellers</arg>
      </example>
      <example name="Heart beat" src="" type="">
        <inflection aspect="ns" form="ns" person="ns" tense="ns" voice="ns"/>
        <text>Her beart was beating against her chest.</text>
        <arg f="" n="1">Her heart</arg>
        <rel f="">beating</rel>
        <arg f="" n="2">against her chest</arg>
      </example>
      <example name="Arg 1 only" src="ON sense 2" type="">
        <text>He lay his head against her chest to feel the beat of her heart.</text>
        <rel f="">beat</rel>
        <arg f="" n="1">of her heart</arg>
      </example>
      <example name="Args 0 &amp; 1" src="invented" type="">
        <inflection aspect="ns" form="ns" person="ns" tense="ns" voice="ns"/>
        <text>The rock band's incessant drum beat kept me awake all night.</text>
        <arg f="" n="0">rock band's</arg>
        <arg f="tmp" n="m">incessant</arg>
        <arg f="" n="1">drum</arg>
        <rel f="">beat</rel>
      </example>
      <example name="Args 1 &amp; 2" src="ON sense 6" type="">
        <inflection aspect="ns" form="ns" person="ns" tense="ns" voice="ns"/>
        <text>The beat of the rain against the window lulled her into sleep.</text>
        <rel f="">beat</rel>
        <arg f="" n="1">of the rain</arg>
        <arg f="" n="2">against the window</arg>
      </example>
    </roleset>
    <roleset id="beat.03" name="win over some competitor">
      <aliases>
        <alias framenet="" pos="v" verbnet="">beat</alias>
      </aliases>
      <note>BEAT-V NOTES: (from beat.03-v)</note>
      <roles>
        <role descr="winner" f="pag" n="0"/>
        <role descr="loser" f="ppt" n="1"/>
        <role descr="competition" f="vsp" n="2"/>
      </roles>
      <example name="no stated competition" src="" type="">
        <text>Now, after *trace* beating them, Mr. Achenbaum is joining them.</text>
        <arg f="" n="0">*trace* -&gt; Mr. Achenbaum</arg>
        <rel f="">beating</rel>
        <arg f="" n="1">them</arg>
      </example>
      <example name="stated competition" src="" type="">
        <text>The product isn't widely used yet, but Toshiba, which [*T-1*] has already beaten everyone else in producing the current-generation one-megabit DRAMs...</text>
        <arg f="rcl" n="m">which -&gt; Toshiba</arg>
        <arg f="" n="0">[*T-1*]</arg>
        <arg f="tmp" n="m">already</arg>
        <rel f="">beaten</rel>
        <arg f="" n="1">everyone else</arg>
        <arg f="" n="2">in producing the current-generation one-megabit DRAMs</arg>
      </example>
    </roleset>
  </predicate>
  <predicate lemma="beat_out">
    <roleset id="beat_out.04" name="win over some opponent">
      <aliases>
        <alias framenet="" pos="v" verbnet="">beat_out</alias>
      </aliases>
      <note>BEAT_OUT-V NOTES: Same as "win" sense above. (from beat.04-v predicate notes)</note>
      <roles>
        <role descr="winner" f="pag" n="0"/>
        <role descr="loser" f="ppt" n="1"/>
        <role descr="competition" f="vsp" n="2"/>
      </roles>
      <example name="success!" src="" type="">
        <text>More recently, Guber Peters beat out a dozen other producers, reportedly including Robert Redford and Ted Turner, for rights to the life story of Chico Mendes, the murdered Brazilian union leader who fought developers in the Amazon rain forest.</text>
        <arg f="tmp" n="m">More recently</arg>
        <arg f="" n="0">Guber Peters</arg>
        <rel f="">[ beat] [ out]</rel>
        <arg f="" n="1">a dozen other producers, reportedly including Robert Redford and Ted Turner,</arg>
        <arg f="" n="2">for rights to the life story of Chico Mendes, the murdered Brazilian union leader who fought developers in the Amazon rain forest</arg>
      </example>
    </roleset>
  </predicate>
  <predicate lemma="beat_up">
    <roleset id="beat_up.05" name="strike repeatedly">
      <aliases>
        <alias framenet="" pos="v" verbnet="">beat_up</alias>
      </aliases>
      <note>BEAT_UP-V NOTES: Poor John. No corresponding VN class with verb particle construction. (from beat.05-v)</note>
      <roles>
        <role descr="agent, hitter - animate only!" f="pag" n="0"/>
        <role descr="thing hit" f="ppt" n="1"/>
        <role descr="instrument, thing hit by or with" f="mnr" n="2"/>
        <role descr="topic, reason for beating" f="vsp" n="3"/>
      </roles>
      <example name="beat_up-v: more violence" src="" type="">
        <text>Mary beats up John every day after school.</text>
        <arg f="" n="0">Mary</arg>
        <rel f="">beats up</rel>
        <arg f="" n="1">John</arg>
        <arg f="tmp" n="m">every day</arg>
        <arg f="tmp" n="m">after school</arg>
      </example>
      <example name="beat_up-v" src="" type="">
        <text>*PRO* don't beat yourself up about feeling unmotivated to do anything at the minute.</text>
        <arg f="neg" n="m">n't</arg>
        <arg f="" n="0">*PRO*</arg>
        <rel f="">[beat][up]</rel>
        <arg f="" n="1">yourself</arg>
        <arg f="" n="3">about feeling unmotivated to do anything at the minute</arg>
      </example>
    </roleset>
  </predicate>
  <predicate lemma="beat_down">
    <roleset id="beat_down.06" name="thoroughly punish, put in place">
      <aliases>
        <alias framenet="" pos="v" verbnet="">beat_down</alias>
        <alias framenet="" pos="n" verbnet="">beatdown</alias>
        <alias framenet="" pos="l" verbnet="">get_beatdown</alias>
        <alias framenet="" pos="l" verbnet="">give_beatdown</alias>
      </aliases>
      <note>BEAT_DOWN-V, BEATDOWN-N NOTES: Added by Julia</note>
      <roles>
        <role descr="beater" f="pag" n="0"/>
        <role descr="victim" f="ppt" n="1"/>
        <role descr="instrument" f="mnr" n="2"/>
        <role descr="topic, reason for beatdown" f="vsp" n="3"/>
      </roles>
      <example name="beat_down-v" src="" type="">
        <text>[NFL Baller Adam "Pac Man" Jones]-1 Calls Ludacris A "P***y" and Threatens *PRO*-1 To Beat Him Down Over Instagram Post.</text>
        <arg f="" n="0">*PRO*-1</arg>
        <rel f="">[beat][down]</rel>
        <arg f="" n="1">HIM</arg>
        <arg f="" n="3">Over Instagram Post</arg>
      </example>
      <example name="beatdown-n" src="" type="">
        <text>...with Brown delivering a brutal and bloody beatdown of Rihanna as they hurtled through L.A .</text>
        <arg f="" n="0">brutal and bloody</arg>
        <rel f="">beatdown</rel>
        <arg f="" n="1">of Rihanna</arg>
      </example>
      <example name="get_beatdown-l" src="" type="">
        <text>They don't say, "Well the rule is, if you run and we catch you, you get a beatdown for making us run.</text>
        <arg f="adv" n="m">if you run and we catch you</arg>
        <arg f="" n="1">you</arg>
        <arg f="lvb" n="m">get</arg>
        <rel f="">beatdown</rel>
        <arg f="" n="3">for making us run</arg>
      </example>
      <example name="give_beatdown-l" src="" type="">
        <text>I got into a fight with a drunk, gave him a beatdown in an alley, and took his watch.</text>
        <arg f="" n="0">I</arg>
        <arg f="lvb" n="m">gave</arg>
        <rel f="">beatdown</rel>
        <arg f="loc" n="m">in an alley</arg>
      </example>
    </roleset>
  </predicate>
</frameset>
