<!DOCTYPE frameset SYSTEM "frameset.dtd">
<frameset>
  <predicate lemma="beautify">
    <roleset id="beautify.01" name="make beautiful">
      <aliases>
        <alias framenet="" pos="v" verbnet="">beautify</alias>
      </aliases>
      <note>BEAUTIFY-V NOTES: Created by Jena (from beautify.01-v)</note>
      <roles>
        <role descr="decorator, agent" f="PAG" n="0">
          <vnrole vncls="45.4" vntheta="Agent"/>
        </role>
        <role descr="entity adorned" f="PPT" n="1">
          <vnrole vncls="45.4" vntheta="Patient"/>
        </role>
        <role descr="decoration;instrument" f="MNR" n="2">
          <vnrole vncls="45.4" vntheta="Instrument"/>
        </role>
      </roles>
      <example name="non-agentive" src="" type="">
        <text>The campaign * to beautify Peipu's Hsia Street is an excellent case in point.</text>
        <arg f="" n="0">*</arg>
        <rel f="">beautify</rel>
        <arg f="" n="1">Peipu's Hsia Street</arg>
      </example>
    </roleset>
  </predicate>
  <predicate lemma="beautiful">
    <roleset id="beautiful.02" name="aesthetically/sensorially pleasing">
      <aliases>
        <alias framenet="Aesthetics" pos="j" verbnet="">beautiful</alias>
        <alias framenet="Aesthetics" pos="n" verbnet="">beauty</alias>
      </aliases>
      <note>BEAUTIFUL-J NOTES: Added by Julia based on BOLT-1, relation to beautify.01. (from beautiful.01-j)</note>
      <roles>
        <note>Does not include the arg0 from the verb (from beautiful.01-j)</note>
        <role descr="beautiful thing" f="ppt" n="1"/>
      </roles>
      <example name="arg1" src="" type="">
        <inflection aspect="ns" form="ns" person="ns" tense="ns" voice="ns"/>
        <text>Casey Kasem's memorial was 'beautiful' and 'inspiring,' says daughter Kerri Kasem.</text>
        <arg f="" n="1">Casey Kasem's memorial</arg>
        <rel f="">beautiful</rel>
      </example>
    </roleset>
  </predicate>
</frameset>
