<!DOCTYPE frameset SYSTEM "frameset.dtd">
<frameset>
  <predicate lemma="bechdel">
    <roleset id="bechdel.01" name="subject to the bechdel test">
      <aliases>
        <alias framenet="" pos="v" verbnet="">bechdel</alias>
      </aliases>
      <note>BECHDEL-V NOTES: Added by Julia based on BOLT. (from bechdel.01-v)</note>
      <roles>
        <role descr="test-giver" f="pag" n="0"/>
        <role descr="entity tested" f="ppt" n="1"/>
      </roles>
      <example name="both args" src="BOLT" type="">
        <inflection aspect="ns" form="ns" person="ns" tense="ns" voice="ns"/>
        <text>I could probably have bechdel'd her</text>
        <arg f="" n="0">I</arg>
        <arg f="mod" n="m">could</arg>
        <arg f="adv" n="m">probably</arg>
        <rel f="">bechdel'd</rel>
        <arg f="" n="1">her</arg>
      </example>
    </roleset>
  </predicate>
</frameset>
