<!DOCTYPE frameset SYSTEM "frameset.dtd">
<frameset>
  <predicate lemma="beckon">
    <roleset id="beckon.01" name="summon, entice nearer">
      <aliases>
        <alias framenet="" pos="v" verbnet="">beckon</alias>
      </aliases>
      <note>BECKON-V NOTES: Frames file for 'beckon' based on sentences in brown. (from beckon.01-v predicate notes)</note>
      <roles>
        <role descr="summoner" f="PAG" n="0">
          <vnrole vncls="40.3.1-1" vntheta="Agent"/>
        </role>
        <role descr="summoned, distant entity" f="PPT" n="1">
          <vnrole vncls="40.3.1-1" vntheta="Patient"/>
        </role>
      </roles>
      <example name="intransitive" src="" type="">
        <inflection aspect="ns" form="full" person="third" tense="present" voice="active"/>
        <text>The great world beyond beckons.</text>
        <arg f="" n="0">The great world beyond</arg>
        <rel f="">beckons</rel>
      </example>
      <example name="prepositional" src="" type="">
        <inflection aspect="ns" form="full" person="ns" tense="past" voice="active"/>
        <text>With a lordly and generous gesture, the discoverer stood up and beckoned to the closest of his fellows.</text>
        <arg f="MNR" n="m">With a lordly and generous gesture</arg>
        <arg f="" n="0">the discoverer</arg>
        <rel f="">beckoned</rel>
        <arg f="" n="1">to the closest of his fellows</arg>
      </example>
      <example name="direct object" src="" type="">
        <inflection aspect="ns" form="full" person="ns" tense="present" voice="active"/>
        <text>Now you go outside and beckon me when it's safe''.</text>
        <arg f="" n="0">you</arg>
        <rel f="">beckon</rel>
        <arg f="" n="1">me</arg>
        <arg f="TMP" n="m">when it's safe</arg>
      </example>
      <example name="passive" src="" type="">
        <inflection aspect="ns" form="participle" person="ns" tense="past" voice="passive"/>
        <text>In fact, it was not until the King of Spain had visited at Pickfair that [Mary and Doug]*-2 were beckoned [*-2]to cross the sacred barriers which separate Los Angeles and Pasadena from the hoi-polloi.</text>
        <arg f="" n="1">[*-2]</arg>
        <rel f="">beckoned</rel>
        <arg f="PRP" n="m">to cross the sacred barriers which separate Los Angeles and Pasadena from the hoi-polloi.</arg>
      </example>
    </roleset>
  </predicate>
</frameset>
