<!DOCTYPE frameset SYSTEM "frameset.dtd">
<frameset>
  <predicate lemma="become">
    <roleset id="become.01" name="change of state">
      <aliases>
        <alias framenet="" pos="v" verbnet="">become</alias>
      </aliases>
      <note>BECOME-V NOTES: Frames file for 'become' based on sentences in wsj. No Verbnet entry. (from become.01-v predicate notes)</note>
      <roles>
        <role descr="entity changing" f="ppt" n="1"/>
        <role descr="new state" f="prd" n="2"/>
      </roles>
      <example name="all examples look like this" src="" type="">
        <inflection aspect="perfect" form="participle" person="ns" tense="present" voice="active"/>
        <text>Plans that give advertisers discounts for maintaining orincreasing ad spending have become permanent fixtures at the newsweeklies and underscore the fierce competition between Newsweek, TimeWarner Inc.'s Time magazine, and Mortimer B. Zuckerman's U.S. News&amp; World Report.</text>
        <arg f="" n="1">Plans that give advertisers discounts for maintaining or increasing ad spending</arg>
        <rel f="">become</rel>
        <arg f="" n="2">permanent fixtures at the news weeklies</arg>
      </example>
    </roleset>
    <roleset id="become.02" name="be attractive or well suited">
      <aliases>
        <alias framenet="" pos="v" verbnet="">become</alias>
        <alias framenet="" pos="j" verbnet="">becoming</alias>
      </aliases>
      <note>BECOME-V NOTES: Frames file for 'become' based on sentences in wsj. No Verbnet entry. (from become.02-v predicate notes)</note>
      <roles>
        <role descr="appealing or fetching thing" f="PPT" n="1"/>
        <role descr="who or what it is become on/for?" f="GOL" n="2"/>
      </roles>
      <example name="becoming" src="" type="">
        <inflection aspect="ns" form="ns" person="ns" tense="ns" voice="ns"/>
        <text>That dress is very becoming on John.</text>
      </example>
    </roleset>
    <roleset id="become.03" name="auxiliary">
      <aliases>
        <alias framenet="" pos="v" verbnet="">become</alias>
      </aliases>
      <note>BECOME-V NOTES: Frames file for 'become' based on sentences in wsj. No Verbnet entry. (from become.03-v predicate notes)</note>
      <roles>
        <note>do not tag--no arguments! Remember-- aux usages will be followed by a VP node, rather than an NP or ADJ node. (from become.03-v)</note>
      </roles>
      <example name="became known (note that a trace follows the subsequent verb)" src="" type="">
        <inflection aspect="ns" form="full" person="third" tense="present" voice="ns"/>
        <text>[They]-1 become known *trace*-1 as The Eight Great Outlaws.</text>
        <rel f="">become</rel>
      </example>
      <example name="again, note the trace after second verb. 'intertwined' is in a VP node" src="WSJ" type="-">
        <inflection aspect="ns" form="participle" person="third" tense="past" voice="ns"/>
        <text>It is time to recognize that [the New York Stock Exchange , the futures markets and the options markets]-1 , though physically separate , have actually become so closely intertwined *trace*-1 as to constitute one market effectively .</text>
        <rel f="">become</rel>
      </example>
      <example name="Bork Bork Bork" src="WSJ" type="-">
        <inflection aspect="ns" form="ns" person="ns" tense="ns" voice="ns"/>
        <text>One can understand Mr. Bork 's fear that [the new right to privacy]-1 will become intolerably stretched *trace*-1.</text>
        <rel f="">become</rel>
      </example>
    </roleset>
  </predicate>
</frameset>
