<!DOCTYPE frameset SYSTEM "frameset.dtd">
<frameset>
  <predicate lemma="bed">
    <roleset id="bed.02" name="put into bed (can be metaphorical)">
      <aliases>
        <alias framenet="" pos="n" verbnet="">bedding</alias>
        <alias framenet="" pos="v" verbnet="">bed</alias>
      </aliases>
      <note>BED-V NOTES: Frames file for 'bed' based on sentences in ECTB2. Verbnet entry pocket-9.10.Created by Jena (from bed.02-v predicate notes)</note>
      <note>BEDDING-N NOTES: Corresponds with bed.02. Framed by anwen april 2011. Often metaphorical. Not referring to blankets/comforters type of 'bedding'. (from bedding.01-n)</note>
      <roles>
        <role descr="agent" f="PAG" n="0">
          <vnrole vncls="9.10" vntheta="Agent"/>
        </role>
        <role descr="one/thing put to bed" f="PPT" n="1">
          <vnrole vncls="9.10" vntheta="Theme"/>
        </role>
        <role descr="location" f="GOL" n="2">
          <vnrole vncls="9.10" vntheta="Destination"/>
        </role>
      </roles>
      <example name="I still don't feel like this is a verb, but ok." src="" type="">
        <text>It is early * to bed.</text>
        <arg f="" n="0">*</arg>
        <rel f="">bed</rel>
      </example>
      <example name="bed-v: metaphorical, all args" src="" type="">
        <inflection aspect="ns" form="ns" person="ns" tense="ns" voice="ns"/>
        <text>...they bedded the brick in mortar and flashed the brick on the ends with mortar and troweled in behind the bricks with mortar.</text>
        <arg f="" n="0">they</arg>
        <rel f="">bedded</rel>
        <arg f="" n="1">the brick</arg>
        <arg f="" n="2">in mortar</arg>
      </example>
      <example name="bedding-n" src="" type="">
        <inflection aspect="ns" form="ns" person="ns" tense="ns" voice="ns"/>
        <text>Their bedding the pears in lettuce impressed the food critic.</text>
        <arg f="" n="0">their</arg>
        <rel f="">bedding</rel>
        <arg f="" n="1">the pears</arg>
        <arg f="" n="2">in lettuce</arg>
      </example>
    </roleset>
  </predicate>
  <predicate lemma="bed_down">
    <roleset id="bed_down.01" name="put oneself to bed">
      <aliases>
        <alias framenet="" pos="v" verbnet="">bed_down</alias>
      </aliases>
      <note>BED_DOWN-V NOTES: Frames file for 'bed down' based on sentences in brown. (from bed.01-v predicate notes)</note>
      <roles>
        <role descr="one in bed" f="PAG" n="0">
          <vnrole vncls="9.10" vntheta="Agent"/>
        </role>
      </roles>
      <example name="bed_down-v: the one example" src="" type="">
        <inflection aspect="perfect" form="participle" person="third" tense="present" voice="active"/>
        <text>when...you can't eat until he's bedded down for the night, hunger can be a gnawing torture.</text>
        <arg f="" n="0">he</arg>
        <rel f="">bedded down</rel>
        <arg f="tmp" n="m">for the night</arg>
      </example>
    </roleset>
  </predicate>
</frameset>
