<!DOCTYPE frameset SYSTEM "frameset.dtd">
<frameset>
  <predicate lemma="bedevil">
    <roleset id="bedevil.01" name="bother, plague">
      <aliases>
        <alias framenet="" pos="v" verbnet="">bedevil</alias>
      </aliases>
      <note>BEDEVIL-V NOTES: Frames file for 'bedevil' based on sentences in financial subcorpus. No Verbnet entry, comparison with 'plague'. (from bedevil.01-v predicate notes)</note>
      <roles>
        <role descr="botherer, devil, agent" f="pag" n="0"/>
        <role descr="bothered" f="ppt" n="1"/>
        <role descr="bothered by, plagued with" f="mnr" n="2"/>
      </roles>
      <example name="no instrument" src="" type="">
        <inflection aspect="ns" form="infinitive" person="ns" tense="ns" voice="ns"/>
        <text>As many economists and businessmen see it, those incongruities underscore a paradox that *trace* seems likely [*T*] to bedevil the economy throughout the 1990s.</text>
        <arg f="rcl" n="m">that -&gt; a paradox</arg>
        <arg f="" n="0">[*T*]</arg>
        <rel f="">bedevil</rel>
        <arg f="" n="1">the economy</arg>
        <arg f="tmp" n="m">throughout the 1990s</arg>
      </example>
      <example name="all args" src="" type="">
        <inflection aspect="ns" form="full" person="third" tense="present" voice="active"/>
        <text>John plagues Mary constantly with his whining for attention.</text>
        <arg f="" n="0">John</arg>
        <rel f="">plagues</rel>
        <arg f="" n="1">Mary</arg>
        <arg f="tmp" n="m">constantly</arg>
        <arg f="with" n="2">with his whining for attention</arg>
      </example>
    </roleset>
  </predicate>
</frameset>
