<!DOCTYPE frameset SYSTEM "frameset.dtd">
<frameset>
  <predicate lemma="bedew">
    <roleset id="bedew.01" name="cause to be covered in dew">
      <aliases>
        <alias framenet="" pos="v" verbnet="">bedew</alias>
      </aliases>
      <note>BEDEW-V NOTES: Frame by Claire (from bedew.01-v)</note>
      <roles>
        <role descr="causer of bedewing" f="PAG" n="0">
          <vnrole vncls="45.4" vntheta="Agent"/>
        </role>
        <role descr="thing bedewed" f="PPT" n="1">
          <vnrole vncls="45.4" vntheta="Patient"/>
        </role>
        <role descr="dew, instrument" f="MNR" n="2">
          <vnrole vncls="45.4" vntheta="Instrument"/>
        </role>
      </roles>
      <example name="Passive" src="" type="">
        <text>[My cradle]-1, thus set down in te abode of sorrow, was bedewed *-1 with tears.</text>
        <rel f="">bedewed</rel>
        <arg f="" n="1">*-1</arg>
        <arg f="" n="2">with tears</arg>
      </example>
    </roleset>
  </predicate>
</frameset>
