<!DOCTYPE frameset SYSTEM "frameset.dtd">
<frameset>
  <predicate lemma="bedeck">
    <roleset id="bedeck.01" name="to decorate, adorn">
      <aliases>
        <alias framenet="" pos="v" verbnet="">bedeck</alias>
      </aliases>
      <note>BEDECK-V NOTES: Frames file for 'bedeck' based on sentences in ectb 2. No Verbnet entry. Comparison with 'deck'. (from bedeck.01-v predicate notes)</note>
      <roles>
        <role descr="decorator, agent" f="pag" n="0"/>
        <role descr="entity bedecked" f="gol" n="1"/>
        <role descr="decoration" f="ppt" n="2"/>
      </roles>
      <example name="bedeck" src="" type="">
        <text>As before, the soil was rammed * * hard and once again, once stunning item after another *ICH* was unearthed * - over 60 elephant tusks, numerous delicate and complex bronze zun and lei -LRB- an urn-shaped wine vessel -RRB-, bronze heads bedecked * in a wide assortment of finery, and a huge bronze mask measuring over 130 cm from side to side.</text>
        <rel f="">bedecked</rel>
        <arg f="" n="1">* -&gt; bronze heads</arg>
        <arg f="" n="2">in a wide assortment of finery</arg>
      </example>
    </roleset>
  </predicate>
</frameset>
