<!DOCTYPE frameset SYSTEM "frameset.dtd">
<frameset>
  <predicate lemma="bedwet">
    <roleset id="bedwet.01" name="involuntary urination while asleep">
      <aliases>
        <alias framenet="" pos="v" verbnet="">bedwet</alias>
        <alias framenet="" pos="n" verbnet="">bedwetting</alias>
      </aliases>
      <note>BEDWETTING-N NOTES: (from bedwetting.01-n)</note>
      <note>BEDWET-V NOTES: Automatically added alias.</note>
      <roles>
        <role descr="Agent" f="pag" n="0">
          <vnrole vncls="45.4" vntheta="agent"/>
        </role>
      </roles>
      <example name="Arg0" src="" type="">
        <inflection aspect="ns" form="ns" person="ns" tense="ns" voice="ns"/>
        <text>His bedwetting ended when the boy turned 5.</text>
        <arg f="" n="0">His</arg>
        <rel f="">bedwetting</rel>
      </example>
    </roleset>
  </predicate>
</frameset>
