<!DOCTYPE frameset SYSTEM "frameset.dtd">
<frameset>
  <predicate lemma="beef_up">
    <roleset id="beef_up.01" name="make greater">
      <aliases>
        <alias framenet="" pos="v" verbnet="">beef_up</alias>
      </aliases>
      <note>BEEF_UP-V NOTES: I rather doubt the higher # args will appear, but they're there forcompleteness. (from beef.01-v)</note>
      <roles>
        <role descr="entity causing beefiness, agent" f="pag" n="0"/>
        <role descr="thing enhanced" f="ppt" n="1"/>
        <role descr="instrument" f="mnr" n="2"/>
        <role descr="enhanced by how much, EXT or MNR" f="ext" n="3"/>
      </roles>
      <example name="where's the beef?" src="" type="">
        <inflection aspect="perfect" form="participle" person="third" tense="present" voice="active"/>
        <text>Mr. Jones has also beefed up his marketing staff to sell the 118 luxury suites topping Texas Stadium (his deal with Bum Bright included operating rights for the stadium).</text>
        <arg f="" n="0">Mr. Jones</arg>
        <arg f="dis" n="m">also</arg>
        <rel f="">[ beefed] [ up]</rel>
        <arg f="" n="1">his marketing staff</arg>
        <arg f="pnc" n="m">to sell the 118 luxury suites topping Texas Stadium</arg>
      </example>
    </roleset>
  </predicate>
  <predicate lemma="beef">
    <roleset id="beef.02" name="problem">
      <aliases>
        <alias framenet="" pos="n" verbnet="">beef</alias>
        <alias framenet="" pos="l" verbnet="">have_beef</alias>
        <alias framenet="" pos="l" verbnet="">got_beef</alias>
      </aliases>
      <note>BEEF-N, HAVE_BEEF-L NOTES: Added by Julia</note>
      <roles>
        <role descr="entity with a problem" f="pag" n="0"/>
        <role descr="a problem with what/whom" f="ppt" n="1"/>
        <role descr="subject matter of the problem; attributive" f="vsp" n="2"/>
        <role descr="the problem itself" f="vsp" n="3"/>
      </roles>
      <example name="got_beef-n" src="" type="">
        <text>I know you got a beef with him over that broad downstairs, but-"</text>
        <arg f="" n="0">you</arg>
        <arg f="lvb" n="m">got</arg>
        <rel f="">beef</rel>
        <arg f="" n="1">with him</arg>
        <arg f="" n="2">over that broad downstairs</arg>
      </example>
      <example name="beef-n" src="" type="">
        <text>My beef with him is that he's still on it after 6weeks.</text>
        <arg f="" n="0">My</arg>
        <rel f="">beef</rel>
        <arg f="" n="1">with him</arg>
      </example>
    </roleset>
  </predicate>
</frameset>
