<!DOCTYPE frameset SYSTEM "frameset.dtd">
<frameset>
  <predicate lemma="beep">
    <roleset id="beep.01" name="(cause to) emit a beeping sound">
      <aliases>
        <alias framenet="" pos="v" verbnet="">beep</alias>
      </aliases>
      <note>BEEP-V NOTES: Frames file for 'beep' based on sentences in wsj. Verbnet entry 43.2. (from beep.01-v predicate notes)</note>
      <roles>
        <role descr="causer, agent" f="PAG" n="0">
          <vnrole vncls="43.2" vntheta="Agent"/>
        </role>
        <role descr="thing beeping" f="PPT" n="1">
          <vnrole vncls="43.2" vntheta="Theme"/>
        </role>
      </roles>
      <example name="agentless, usually" src="" type="">
        <inflection aspect="progressive" form="participle" person="ns" tense="ns" voice="active"/>
        <text>He says he hasn't yet studied the Dellums bill, but that requiring a beeping tone on recorders ``would be ludicrous.''</text>
        <rel f="">beeping</rel>
        <arg f="" n="1">tone</arg>
      </example>
      <example name="agentive" src="" type="">
        <inflection aspect="ns" form="full" person="ns" tense="past" voice="active"/>
        <text>John politely beeped the horn of his car.</text>
        <arg f="" n="0">John</arg>
        <arg f="MNR" n="m">politely</arg>
        <rel f="">beeped</rel>
        <arg f="" n="1">the horn of his car</arg>
      </example>
    </roleset>
    <roleset id="beep.02" name="notify someone via beeper">
      <aliases>
        <alias framenet="" pos="v" verbnet="">beep</alias>
      </aliases>
      <note>BEEP-V NOTES: Frames file for 'beep' based on sentences in wsj. Verbnet entry 43.2. (from beep.02-v predicate notes)</note>
      <roles>
        <role descr="notifier, agent" f="PAG" n="0">
          <vnrole vncls="43.2" vntheta="Agent"/>
        </role>
        <role descr="notified person" f="PPT" n="1">
          <vnrole vncls="43.2" vntheta="Theme"/>
        </role>
      </roles>
      <example name="dinnertime" src="" type="">
        <inflection aspect="ns" form="full" person="ns" tense="past" voice="active"/>
        <text>John beeped Mary when dinner was ready.</text>
        <arg f="" n="0">John</arg>
        <rel f="">beeped</rel>
        <arg f="" n="1">Mary</arg>
        <arg f="TMP" n="m">when dinner was ready</arg>
      </example>
    </roleset>
  </predicate>
</frameset>
