<!DOCTYPE frameset SYSTEM "frameset.dtd">
<frameset>
  <predicate lemma="beetle">
    <roleset id="beetle.01" name="to pound with a beetle -- no, really!">
      <aliases>
        <alias framenet="" pos="v" verbnet="">beetle</alias>
      </aliases>
      <note>BEETLE-V NOTES: Roleset based on parallel expansion of VerbNet, PropBank, and sense groupings. Framed by Claire. (from beetle.01-v)</note>
      <roles>
        <role descr="Agent, pounder" f="PAG" n="0"/>
        <role descr="Entity pounded with beetle" f="PPT" n="1"/>
      </roles>
      <example name="Agent and location only" src="Agent and location only" type="Agent and location only">
        <inflection aspect="ns" form="ns" person="ns" tense="ns" voice="ns"/>
        <text>She beetled on a stone.</text>
        <arg f="" n="0">She</arg>
        <rel f="">beetled</rel>
        <arg f="loc" n="m">on a stone</arg>
      </example>
    </roleset>
    <roleset id="beetle.02" name="to move, travel like a beetle">
      <aliases>
        <alias framenet="" pos="v" verbnet="">beetle</alias>
      </aliases>
      <note>BEETLE-V NOTES: Roleset based on parallel expansion of VerbNet, PropBank, and sense groupings. (from beetle.02-v)</note>
      <roles>
        <role descr="Entity in motion" f="PPT" n="1"/>
      </roles>
      <example name="" src="" type="">
        <inflection aspect="ns" form="ns" person="ns" tense="ns" voice="ns"/>
        <text>She loved it, and while I waited in line again to pay for it, she beetled about the shop's floor looking incontestably happy with herself.</text>
        <arg f="tmp" n="m">while I wanted in line again to pay for it</arg>
        <arg f="" n="1">she</arg>
        <rel f="">beetled</rel>
        <arg f="" n="m">about the shop's floor</arg>
        <arg f="prd" n="m">looking incontestably happy with herself</arg>
      </example>
    </roleset>
  </predicate>
</frameset>
