<!DOCTYPE frameset SYSTEM "frameset.dtd">
<frameset>
  <predicate lemma="befall">
    <roleset id="befall.01" name="to happen">
      <aliases>
        <alias framenet="" pos="v" verbnet="">befall</alias>
      </aliases>
      <note>BEFALL-V NOTES: Frames file for 'befall' based on survey of sentences in the WSJ corpus. (from befall.01-v predicate notes)</note>
      <roles>
        <role descr="event" f="PPT" n="0">
          <vnrole vncls="48.3" vntheta="Theme"/>
        </role>
        <role descr="experiencer" f="PPT" n="1"/>
      </roles>
      <example name="transitive" src="" type="">
        <inflection aspect="ns" form="full" person="ns" tense="present" voice="active"/>
        <text>The specific scene [0] he mentions [*T*-3]in which pet dogs are crushed [*-1] [*T*-4] is somewhat reminiscent of the continual plights that [*T*-2] befall the coyote in the old Warner Bros . `` Road Runner '' cartoons .</text>
        <arg f="RCL" n="M">that -&gt; the continual plights</arg>
        <arg f="" n="0">[*T*-2]</arg>
        <rel f="">befall</rel>
        <arg f="" n="1">the coyote</arg>
        <arg f="LOC" n="M">in the old Warner Bros . `` Road Runner '' cartoons</arg>
      </example>
    </roleset>
  </predicate>
</frameset>
