<!DOCTYPE frameset SYSTEM "frameset.dtd">
<frameset>
  <predicate lemma="befit">
    <roleset id="befit.01" name="be suitable or appriate for something.">
      <aliases>
        <alias framenet="" pos="v" verbnet="">befit</alias>
      </aliases>
      <note>BEFIT-V NOTES: Frames file for 'befit' based on ebn instances.frame by Perryn (from befit.01-v predicate notes)</note>
      <roles>
        <role descr="thing(s) fitting" f="ppt" n="1"/>
        <role descr="befitting of" f="ppt" n="2"/>
      </roles>
      <example name="Befitting" src="" type="">
        <text>He called the Arab leaders *PRO* to take a stand "befitting the sacrifices" of the Palestinian people.</text>
        <arg f="" n="1">a stand</arg>
        <rel f="">befitting</rel>
        <arg f="" n="2">the sacrifices of the Palestinian people</arg>
      </example>
    </roleset>
  </predicate>
</frameset>
