<!DOCTYPE frameset SYSTEM "frameset.dtd">
<frameset>
  <predicate lemma="befriend">
    <roleset id="befriend.01" name="become friends with">
      <aliases>
        <alias framenet="" pos="v" verbnet="">befriend</alias>
      </aliases>
      <note>BEFRIEND-V NOTES: Frames file for 'befriend' based on sentences in wsj. No access to Verbnet at the moment. (from befriend.01-v predicate notes)</note>
      <roles>
        <role descr="agentive friend" f="PAG" n="0"/>
        <role descr="new friend" f="PPT" n="1"/>
      </roles>
      <example name="the one example" src="" type="">
        <inflection aspect="perfect" form="participle" person="third" tense="present" voice="active"/>
        <text>The U.S. has befriended [*-2] and later turned against [many dictators, but none quite so resourceful]-*2.</text>
        <arg f="" n="0">The U.S.</arg>
        <rel f="">befriended</rel>
        <arg f="" n="1">[*-2]</arg>
      </example>
    </roleset>
  </predicate>
</frameset>
