<!DOCTYPE frameset SYSTEM "frameset.dtd">
<frameset>
  <predicate lemma="befuddle">
    <roleset id="befuddle.01" name="cause confusion">
      <aliases>
        <alias framenet="" pos="v" verbnet="">befuddle</alias>
      </aliases>
      <note>BEFUDDLE-V NOTES: Frames file for 'befuddle' based on sentences in wsj. No Verbnet entry. (from befuddle.01-v predicate notes)</note>
      <roles>
        <role descr="Stimulus, agent" f="PAG" n="0">
          <vnrole vncls="31.1" vntheta="Stimulus"/>
        </role>
        <role descr="entity experiencing confusion" f="PPT" n="1">
          <vnrole vncls="31.1" vntheta="Experiencer"/>
        </role>
      </roles>
      <example name="Elmer Befudd?" src="" type="">
        <inflection aspect="ns" form="full" person="ns" tense="past" voice="active"/>
        <text>In 1975, Mr. Pamplin enticed Mr. Hahn into joining the company as executive vice president in charge of chemicals; the move befuddled many in Georgia-Pacific who didn't believe a university administrator could make the transition to the corporate world.</text>
        <arg f="" n="0">the move</arg>
        <rel f="">befuddled</rel>
        <arg f="" n="1">many in Georgia-Pacific who didn't believe a university administrator could make the transition to the corporate world</arg>
      </example>
    </roleset>
  </predicate>
</frameset>
