<!DOCTYPE frameset SYSTEM "frameset.dtd">
<frameset>
  <predicate lemma="beg">
    <roleset id="beg.01" name="beg">
      <aliases>
        <alias framenet="" pos="v" verbnet="">beg</alias>
      </aliases>
      <note>BEG-V NOTES: Frames file for 'beg' based on sentences in financial subcorpus. No verbnet entry. Comparison with 'appeal'. (from beg.01-v predicate notes)</note>
      <roles>
        <role descr="begger, appealer" f="PAG" n="0">
          <vnrole vncls="58.2" vntheta="Agent"/>
          <vnrole vncls="58.1" vntheta="Agent"/>
        </role>
        <role descr="appealed to, begged from" f="GOL" n="1">
          <vnrole vncls="58.2" vntheta="Recipient"/>
          <vnrole vncls="58.1" vntheta="Recipient"/>
        </role>
        <role descr="begged/appealed for" f="PPT" n="2">
          <vnrole vncls="58.2" vntheta="Topic"/>
          <vnrole vncls="58.1" vntheta="Topic"/>
        </role>
      </roles>
      <example name="all args" src="" type="">
        <text>``Just a blind fear of the unknown is causing them to beg the regulators for protection.''</text>
        <arg f="" n="0">them</arg>
        <rel f="">beg</rel>
        <arg f="" n="1">the regulators</arg>
        <arg f="" n="2">for protection</arg>
      </example>
    </roleset>
  </predicate>
</frameset>
