<!DOCTYPE frameset SYSTEM "frameset.dtd">
<frameset>
  <predicate lemma="beget">
    <roleset id="beget.01" name="bring into existence">
      <aliases>
        <alias framenet="" pos="v" verbnet="">beget</alias>
      </aliases>
      <note>BEGET-V NOTES: Actually, I believe the past tense of 'beget' is 'begat.' OED doesn'tagree with me, though, calling 'begat' archaic. Pfah, what do they know? (from beget.01-v)</note>
      <roles>
        <role descr="begetter" f="CAU" n="0">
          <vnrole vncls="27" vntheta="Cause"/>
        </role>
        <role descr="begotten?" f="PPT" n="1">
          <vnrole vncls="27" vntheta="Theme"/>
        </role>
      </roles>
      <example name="I love strong verbs" src="" type="">
        <inflection aspect="ns" form="full" person="ns" tense="past" voice="active"/>
        <text>The concept begot a slew of copycats, but the banks stopped promoting the packages.</text>
        <arg f="" n="0">The concept</arg>
        <rel f="">begot</rel>
        <arg f="" n="1">a slew of copycats</arg>
      </example>
    </roleset>
  </predicate>
</frameset>
