<!DOCTYPE frameset SYSTEM "frameset.dtd">
<frameset>
  <predicate lemma="begin">
    <roleset id="begin.01" name="start, with agent">
      <aliases>
        <alias framenet="activity_start process_start" pos="v" verbnet="">begin</alias>
        <alias framenet="Temporal_subregion" pos="n" verbnet="">beginning</alias>
      </aliases>
      <note>BEGIN-V NOTES: Member of VNcls begin-55.1-1. This roleset is for nominal objects only -- not actions represented by clausal complements! So your arg1 should NOT be an S-node with this roleset. Rather, it will likely be an NP. (from begin.01-v)</note>
      <note>BEGINNING-N NOTES: Roleset based on verb begin.01, OntoNotes grouping beginning-n senses 1, 2,&amp; 4; maps to VN class begin-55.1-1. (from beginning.01-n)</note>
      <roles>
        <note>No examples found of instrument argument, invention felt like a stretch...see verb entry for ideas if you're unsure. (from beginning.01-n)</note>
        <role descr="beginner, Agent" f="pag" n="0">
          <vnrole vncls="55.1-1" vntheta="Agent"/>
        </role>
        <role descr="Thing begun - NP, not S-node!" f="ppt" n="1">
          <vnrole vncls="55.1-1" vntheta="Theme"/>
        </role>
        <role descr="Instrument" f="mnr" n="2">
          <vnrole vncls="55.1-1" vntheta="Instrument"/>
        </role>
      </roles>
      <example name="basic transitive" src="" type="">
        <text>John began a book</text>
        <arg f="" n="0">John</arg>
        <rel f="">began</rel>
        <arg f="" n="1">a book</arg>
      </example>
      <example name="transitive-with" src="" type="">
        <inflection aspect="ns" form="full" person="ns" tense="past" voice="active"/>
        <text>John began the book with a murder</text>
        <arg f="" n="0">John</arg>
        <rel f="">began</rel>
        <arg f="" n="1">the book</arg>
        <arg f="" n="2">with a murder</arg>
      </example>
      <example name="transitive-by" src="" type="">
        <text>John began the book by describing a murder</text>
        <arg f="" n="0">John</arg>
        <rel f="">began</rel>
        <arg f="" n="1">the book</arg>
        <arg f="" n="2">by describing a murder</arg>
      </example>
      <example name="with manner" src="" type="">
        <text>John began the book with glee</text>
        <arg f="" n="0">John</arg>
        <rel f="">began</rel>
        <arg f="" n="1">the book</arg>
        <arg f="mnr" n="m">with glee</arg>
      </example>
      <example name="ergative" src="" type="">
        <text>The book began with a murder</text>
        <arg f="" n="1">The book</arg>
        <rel f="">began</rel>
        <arg f="" n="2">with a murder</arg>
      </example>
      <example name="instrumental subject" src="" type="">
        <text>A murder began the book</text>
        <arg f="" n="2">A murder</arg>
        <rel f="">began</rel>
        <arg f="" n="1">the book</arg>
      </example>
      <example name="NP only, Arg 1" src="NomBank Frames" type="">
        <text>the beginning of a six-day motor expedition from Oxfordshire toCornwall</text>
        <rel f="">beginning</rel>
        <arg f="" n="1">of a six-day motor expedition from Oxfordshire to Cornwall</arg>
      </example>
      <example name="Arg 1 as possessor" src="ON sense 1" type="">
        <text>The war's beginning took everyone by surprise.</text>
        <arg f="" n="1">war's</arg>
        <rel f="">beginning</rel>
      </example>
      <example name="Args 0 &amp; 1" src="web" type="">
        <inflection aspect="ns" form="ns" person="ns" tense="ns" voice="ns"/>
        <text>Children of wealthier families had, and still have, the option of postponing their beginning of adult responsibilities and continuing their studies.</text>
        <arg f="" n="0">their</arg>
        <rel f="">beginning</rel>
        <arg f="" n="1">of adult responsibilities</arg>
      </example>
    </roleset>
    <roleset id="begin.02" name="aspectual, beginning an action">
      <aliases>
        <alias framenet="activity_start process_start" pos="v" verbnet="">begin</alias>
      </aliases>
      <note>BEGIN-V NOTES: Member of VNcls begin-55.1-1. (from begin.02-v)</note>
      <roles>
        <note>This roleset requires concatenation of raised subject of action begun and action begun.  See examples. All should have a syntactic structure where the object of begin is an S-node or a VP, never an NP. (from begin.02-v)</note>
        <role descr="Action begun" f="ppt" n="1">
          <vnrole vncls="55.1-1" vntheta="Theme"/>
        </role>
        <role descr="Instrument, starting point" f="mnr" n="2">
          <vnrole vncls="55.1-1" vntheta="Instrument"/>
        </role>
      </roles>
      <example name="aspectual" src="" type="">
        <inflection aspect="ns" form="full" person="ns" tense="past" voice="active"/>
        <text>John-1 began *-1 to eat the entire cake, then thought better of it.</text>
        <rel f="">began</rel>
        <arg f="" n="1">[John-1], [*-1 to eat the entire cake]</arg>
      </example>
      <example name="aspectual" src="" type="">
        <text>John-1 began *-1 to sweat</text>
        <rel f="">began</rel>
        <arg f="" n="1">[John-1][*-1 to sweat]</arg>
      </example>
      <example name="a little nicer" src="" type="">
        <text>[The storm]-1 began *-1 to cause great destruction</text>
        <rel f="">began</rel>
        <arg f="" n="1">[The storm],[*-1 to cause great destruction]</arg>
      </example>
    </roleset>
  </predicate>
</frameset>
