<!DOCTYPE frameset SYSTEM "frameset.dtd">
<frameset>
  <predicate lemma="begrudge">
    <roleset id="begrudge.01" name="resent">
      <aliases>
        <alias framenet="" pos="v" verbnet="">begrudge</alias>
      </aliases>
      <note>BEGRUDGE-V NOTES: Note that args 1 and 2 can easily be merged: "John resent's Mary'sperfect GPA." This is why the reason for resentment deserves to be afull-fledged Arg rather than an ArgM-PRP. Framed by Claire. (from begrudge.01-v)</note>
      <roles>
        <role descr="resenter" f="pag" n="0"/>
        <role descr="thing or person begrudged" f="ppt" n="1"/>
        <role descr="because-of, why does arg 0 begrudge arg 1?" f="cau" n="2"/>
      </roles>
      <example name="All Arguments" src="All Arguments" type="All Arguments">
        <text>And I surely don't begrudge anyone the ability to lobby for what they want.</text>
        <arg f="dis" n="m">And</arg>
        <arg f="" n="0">I</arg>
        <arg f="adv" n="m">surely</arg>
        <arg f="neg" n="m">n't</arg>
        <rel f="">begrudge</rel>
        <arg f="" n="1">anyone</arg>
        <arg f="" n="2">the ability to lobby</arg>
      </example>
    </roleset>
  </predicate>
</frameset>
