<!DOCTYPE frameset SYSTEM "frameset.dtd">
<frameset>
  <predicate lemma="beguile">
    <roleset id="beguile.01" name="to amuse or charm">
      <aliases>
        <alias framenet="" pos="v" verbnet="">beguile</alias>
      </aliases>
      <note>BEGUILE-V NOTES: Frames file for 'beguile' based on internet usage examples, membership in VN. Verbnet entry 31.1, comparison with 'amuse,' 'cheat.' (from beguile.01-v predicate notes)</note>
      <roles>
        <role descr="causer of amusement" f="pag" n="0">
          <vnrole vncls="31.1" vntheta="stimulus"/>
        </role>
        <role descr="amused entity" f="ppt" n="1">
          <vnrole vncls="31.1" vntheta="experiencer"/>
        </role>
        <role descr="instrument" f="mnr" n="2"/>
      </roles>
      <example name="Transitive, all arguments" src="" type="">
        <text>John beguiled Mary with juggling tricks.</text>
        <arg f="" n="0">John</arg>
        <rel f="">beguiled</rel>
        <arg f="" n="1">Mary</arg>
        <arg f="" n="2">with juggling tricks</arg>
      </example>
      <example name="Pass time pleasantly" src="" type="">
        <text>Mary beguiled her days with reading.</text>
        <arg f="" n="0">Mary</arg>
        <rel f="">beguiled</rel>
        <arg f="" n="1">her days</arg>
        <arg f="" n="2">with reading</arg>
      </example>
    </roleset>
    <roleset id="beguile.02" name="deprive, cheat someone out of something">
      <aliases>
        <alias framenet="" pos="v" verbnet="">beguile</alias>
      </aliases>
      <note>BEGUILE-V NOTES: Frames file for 'beguile' based on internet usage examples, membership in VN. Verbnet entry 31.1, comparison with 'amuse,' 'cheat.' (from beguile.02-v predicate notes)</note>
      <roles>
        <role descr="entity depriving" f="pag" n="0"/>
        <role descr="thing taken by trickery" f="ppt" n="1"/>
        <role descr="taken from who?" f="dir" n="2"/>
      </roles>
      <example name="all args" src="" type="">
        <text>Mary beguiled John of his money.</text>
        <arg f="" n="0">Mary</arg>
        <rel f="">beguiled</rel>
        <arg f="" n="2">John</arg>
        <arg f="" n="1">of his money</arg>
      </example>
    </roleset>
    <roleset id="beguile.03" name="deceive">
      <aliases>
        <alias framenet="" pos="v" verbnet="">beguile</alias>
      </aliases>
      <note>BEGUILE-V NOTES: Frame by Claire (from beguile.03-v)</note>
      <roles>
        <role descr="liar" f="pag" n="0"/>
        <role descr="deceived" f="gol" n="1"/>
        <role descr="subject, deceived about" f="ppt" n="2"/>
      </roles>
      <example name="All arguments" src="" type="">
        <text>Mary beguiled John about the location of the money.</text>
        <arg f="" n="0">Mary</arg>
        <rel f="">beguiled</rel>
        <arg f="" n="1">John</arg>
        <arg f="" n="2">about the location of the money</arg>
      </example>
    </roleset>
  </predicate>
</frameset>
