<!DOCTYPE frameset SYSTEM "frameset.dtd">
<frameset>
  <predicate lemma="behave">
    <roleset id="behave.01" name="to conduct (oneself) in a specified way">
      <aliases>
        <alias framenet="" pos="v" verbnet="">behave</alias>
      </aliases>
      <note>BEHAVE-V NOTES: In those (rare) cases where the arg1 is being set up not as a manneradverbial but rather as the second half of an equation (John = spoiledchild), split the preposition (as or like) out of the argument. (from behave.01-v)</note>
      <roles>
        <role descr="agent, entity behaving" f="PAG" n="0">
          <vnrole vncls="29.6" vntheta="Agent"/>
        </role>
        <role descr="manner" f="PRD" n="1">
          <vnrole vncls="29.6" vntheta="Attribute"/>
        </role>
      </roles>
      <example name="manner as a PP" src="" type="">
        <inflection aspect="progressive" form="participle" person="ns" tense="present" voice="active"/>
        <text>So far as we can see only two persons [*ICH*-1] are behaving with a dignity recognizing the seriousness of the issues : Mr. Lawson and Sir Alan Walters , the counterpoint of the Chancellor 's difficulties , who [*T*-2]also resigned as personal adviser to Mrs. Thatcher .</text>
        <arg f="ADV" n="M">So far as we can see</arg>
        <arg f="" n="0">only two persons [*ICH*-1]</arg>
        <rel f="">behaving</rel>
        <arg f="" n="1">with a dignity recognizing the seriousness of the issues</arg>
      </example>
      <example name="manner as a wh-phrase" src="" type="">
        <inflection aspect="ns" form="full" person="ns" tense="present" voice="active"/>
        <text>One wonders [how]*-1 other college athletic officials would behave under the same circumstances [*-1].</text>
        <arg f="" n="0">other college athletic officials</arg>
        <arg f="MOD" n="M">would</arg>
        <rel f="">behave</rel>
        <arg f="ADV" n="M">under the same circumstances</arg>
        <arg f="" n="1">[*-1]</arg>
      </example>
      <example name="manner as a as-phrase" src="" type="">
        <inflection aspect="ns" form="infinitive" person="ns" tense="ns" voice="active"/>
        <text>Japanese managers ca n't expect Americans to behave as if they were Japanese ; instead , they must manage Americans as Americans .</text>
        <arg f="" n="0">Americans</arg>
        <rel f="">behave</rel>
        <arg f="" n="1">as if they were Japanese</arg>
      </example>
      <example name="like phrase, not manner" src="" type="">
        <inflection aspect="ns" form="full" person="third" tense="present" voice="active"/>
        <text>John behaves like a spoiled child.</text>
        <arg f="" n="0">John</arg>
        <rel f="">behaves</rel>
        <arg f="" n="1">like a spoiled child</arg>
      </example>
    </roleset>
  </predicate>
</frameset>
