<!DOCTYPE frameset SYSTEM "frameset.dtd">
<frameset>
  <predicate lemma="behead">
    <roleset id="behead.01" name="remove the head">
      <aliases>
        <alias framenet="" pos="v" verbnet="">behead</alias>
        <alias framenet="" pos="n" verbnet="">beheading</alias>
      </aliases>
      <note>BEHEAD-V NOTES: Frames file for 'behead' based on sentences in wsj. VerbNet entry poison-42.2. (from behead.01-v predicate notes)</note>
      <roles>
        <role descr="axeman, agent" f="pag" n="0">
          <vnrole vncls="42.2" vntheta="agent"/>
        </role>
        <role descr="entity now without a head" f="ppt" n="1">
          <vnrole vncls="42.2" vntheta="patient"/>
        </role>
      </roles>
      <example name="behead-v: now that's a lovely example" src="" type="">
        <inflection aspect="ns" form="gerund" person="ns" tense="ns" voice="ns"/>
        <text>[*] Beheading small children, stabbing elderly people to death, raping and shooting women, and burying people alive are just a few of the grisly activities that the Somali armed forces have been engaged in over the past two years.</text>
        <arg f="" n="0">[*]</arg>
        <rel f="">Beheading</rel>
        <arg f="" n="1">small children</arg>
      </example>
    </roleset>
  </predicate>
</frameset>
