<!DOCTYPE frameset SYSTEM "frameset.dtd">
<frameset>
  <predicate lemma="behind">
    <roleset id="behind.01" name="not keeping up with a schedule">
      <aliases>
        <alias framenet="" pos="j" verbnet="">behind</alias>
      </aliases>
      <note>BEHIND-J NOTES: Added by Julia.</note>
      <roles>
        <role descr="entity/accomplishment behind schedule" f="pag" n="1"/>
        <role descr="by how much" f="ext" n="2"/>
        <role descr="schedule, goal" f="ppt" n="3"/>
      </roles>
      <example name="behind-j" src="" type="">
        <text>we would be decades behind in nuetralizing the threat .</text>
        <arg f="" n="1">[we][in neutralizing the threat]</arg>
        <arg f="mod" n="m">would</arg>
        <arg f="" n="2">decades</arg>
        <rel f="">behind</rel>
      </example>
    </roleset>
    <roleset id="behind.02" name="be spatially located in the back">
      <aliases>
        <alias framenet="" pos="j" verbnet="">behind</alias>
      </aliases>
      <note>BEHIND-J NOTES: Added by Julia.</note>
      <roles>
        <role descr="entity in the back" f="pag" n="1"/>
        <role descr="entity in the front" f="ppt" n="2"/>
      </roles>
      <example name="behind-j" src="" type="">
        <text>The outlet is behind the television</text>
        <arg f="" n="1">the outlet</arg>
        <rel f="">behind</rel>
        <arg f="" n="2">the television</arg>
      </example>
    </roleset>
    <roleset id="behind.03" name="be losing">
      <aliases>
        <alias framenet="" pos="j" verbnet="">behind</alias>
      </aliases>
      <note>BEHIND-J NOTES: Added by Julia.</note>
      <roles>
        <role descr="entity losing" f="pag" n="1"/>
        <role descr="entity winning" f="ppt" n="2"/>
        <role descr="by how much" f="ext" n="3"/>
        <role descr="competition" f="vsp" n="4"/>
      </roles>
      <example name="behind-j" src="" type="">
        <text>Smith is behind 2-3 in the all-time series .</text>
        <arg f="" n="1">Smith</arg>
        <rel f="">behind</rel>
        <arg f="" n="3">2-3</arg>
        <arg f="" n="4">in the all-time series</arg>
      </example>
    </roleset>
  </predicate>
</frameset>