<!DOCTYPE frameset SYSTEM "frameset.dtd">
<frameset>
  <predicate lemma="behold">
    <roleset id="behold.01" name="look attentively">
      <aliases>
        <alias framenet="" pos="v" verbnet="">behold</alias>
      </aliases>
      <note>BEHOLD-V NOTES: Frames file for 'behold' based on sentences in ECTB2. No Verbnet entry. Based on Verbnet entry 30.3, Framenet entry Perception active. Created by Jena (from behold.01-v predicate notes)</note>
      <roles>
        <role descr="beholder" f="PPT" n="0">
          <vnrole vncls="30.2" vntheta="experiencer"/>
        </role>
        <role descr="beheld" f="PAG" n="1">
          <vnrole vncls="30.2" vntheta="stimulus"/>
        </role>
      </roles>
      <example name="with directional" src="" type="">
        <text>Unfortunately, the poor behavior was embarrasing [*0*]-4 * to behold [*T*]-4.</text>
        <arg f="" n="0">*</arg>
        <rel f="">behold</rel>
        <arg f="" n="1">*T*</arg>
      </example>
    </roleset>
  </predicate>
</frameset>
