<!DOCTYPE frameset SYSTEM "frameset.dtd">
<frameset>
  <predicate lemma="behoove">
    <roleset id="behoove.01" name="be appropriate or necessary">
      <aliases>
        <alias framenet="being_obligatory" pos="v" verbnet="">behoove</alias>
      </aliases>
      <note>BEHOOVE-V NOTES: Added due to lack of frame file in ula.masc1-rest. No corresponding verbnet class. Framenet class being_ obligatory. Framed by Katie (from behoove.01-v predicate notes)</note>
      <roles>
        <role descr="Thing worthwhile/necessary" f="ppt" n="1"/>
        <role descr="benefactive" f="gol" n="2"/>
      </roles>
      <example name="non-referential it with no exp trace" src="" type="">
        <inflection aspect="ns" form="ns" person="ns" tense="ns" voice="ns"/>
        <text>It behooves us to get to get at the root of the problem.</text>
        <arg f="" n="1">It</arg>
        <rel f="">behooves</rel>
        <arg f="" n="2">us to get to get at the root of the problem.</arg>
      </example>
      <example name="it + exp" src="" type="">
        <inflection aspect="ns" form="ns" person="ns" tense="ns" voice="ns"/>
        <text>it [exp-1] ill behooves me [s-1]to criticize Safire's arch puns.</text>
        <arg f="mnr" n="m">ill</arg>
        <rel f="">behooves</rel>
        <arg f="" n="2">me</arg>
        <arg f="" n="1">to crisicize Safire's arch puns.</arg>
      </example>
      <example name="The rare sentence not begining with 'it'" src="" type="">
        <inflection aspect="ns" form="ns" person="ns" tense="ns" voice="ns"/>
        <text>To reflect on this matter would behoove us.</text>
        <arg f="" n="1">To reflect on this matter</arg>
        <arg f="mod" n="m">would</arg>
        <rel f="">behoove</rel>
        <arg f="" n="2">us.</arg>
      </example>
    </roleset>
  </predicate>
</frameset>
