<!DOCTYPE frameset SYSTEM "frameset.dtd">
<frameset>
  <predicate lemma="belay">
    <roleset id="belay.01" name="nautical or mt. climbing term, secure with a rope">
      <aliases>
        <alias framenet="" pos="v" verbnet="">belay</alias>
      </aliases>
      <note>BELAY-V NOTES: Framed by Claire (from belay.01-v)</note>
      <roles>
        <role descr="belayer, person securing something/someone else" f="PAG" n="0"/>
        <role descr="climber, rope being secured" f="PPT" n="1"/>
      </roles>
      <example name="Climbing sense" src="Climbing sense" type="Climbing sense">
        <inflection aspect="ns" form="ns" person="ns" tense="ns" voice="ns"/>
        <text>She-2 had carried her notes with her all weekend, even had her head buried in them while *PRO*-2 belaying me on the Grand Wall.</text>
        <arg f="" n="0">*PRO*-2</arg>
        <rel f="">belaying</rel>
        <arg f="" n="1">me</arg>
        <arg f="loc" n="m">on the Grand Wall</arg>
      </example>
    </roleset>
  </predicate>
</frameset>
