<!DOCTYPE frameset SYSTEM "frameset.dtd">
<frameset>
  <predicate lemma="belch">
    <roleset id="belch.01" name="burp">
      <aliases>
        <alias framenet="" pos="v" verbnet="">belch</alias>
        <alias framenet="" pos="n" verbnet="">belching</alias>
      </aliases>
      <note>BELCH-V NOTES: Frames file for 'belch' based on sentences in brown. (from belch.01-v predicate notes)</note>
      <note>BELCHING-N NOTES: (from belching.01-n)</note>
      <roles>
        <role descr="belcher" f="PAG" n="0">
          <vnrole vncls="40.1.1" vntheta="Agent"/>
        </role>
        <role descr="cognate object or utterance" f="PPT" n="1"/>
      </roles>
      <example name="intransitive" src="" type="">
        <inflection aspect="ns" form="full" person="ns" tense="past" voice="active"/>
        <text>The figure in the corner belched loudly, a deep, liquid eruption.</text>
        <arg f="" n="0">The figure in the corner</arg>
        <rel f="">belched</rel>
        <arg f="MNR" n="m">loudly</arg>
        <arg f="ADV" n="m">a deep, liquid eruption</arg>
      </example>
      <example name="as verb of speaking" src="" type="">
        <inflection aspect="ns" form="full" person="ns" tense="ns" voice="active"/>
        <text>John can belch the entire alphabet.</text>
        <arg f="" n="0">John</arg>
        <arg f="MOD" n="m">can</arg>
        <rel f="">belch</rel>
        <arg f="" n="1">the entire alphabet</arg>
      </example>
      <example name="Arg0" src="" type="">
        <inflection aspect="ns" form="ns" person="ns" tense="ns" voice="ns"/>
        <text>It was a difficult matter convincing him that his belching was absolutely under his control.</text>
        <arg f="" n="0">his</arg>
        <rel f="">belching</rel>
      </example>
    </roleset>
  </predicate>
  <predicate lemma="belch_out">
    <roleset id="belch_out.02" name="emit">
      <aliases>
        <alias framenet="" pos="v" verbnet="">belch_out</alias>
      </aliases>
      <note>BELCH_OUT-V NOTES: (from belch.02-v)</note>
      <roles>
        <role descr="emitter" f="DIR" n="0">
          <vnrole vncls="43.4" vntheta="Source"/>
        </role>
        <role descr="emitted" f="PPT" n="1">
          <vnrole vncls="43.4" vntheta="Theme"/>
        </role>
      </roles>
      <example name="smoke screen" src="" type="">
        <inflection aspect="progressive" form="participle" person="third" tense="past" voice="active"/>
        <text>The only evidence of occupation came from the chimney, which [*T*-1] was belching out thick smoke.</text>
        <arg f="RCL" n="M">which - the chimney</arg>
        <arg f="" n="0">[*T*-1]</arg>
        <rel f="">belching out</rel>
        <arg f="" n="1">thick smoke</arg>
      </example>
    </roleset>
  </predicate>
</frameset>
