<!DOCTYPE frameset SYSTEM "frameset.dtd">
<frameset>
  <predicate lemma="beleaguer">
    <roleset id="beleaguer.01" name="harass">
      <aliases>
        <alias framenet="" pos="v" verbnet="">beleaguer</alias>
      </aliases>
      <note>BELEAGUER-V NOTES: might be verbal, might not. (from beleaguer.01-v)</note>
      <roles>
        <role descr="agent, beleaguer-er" f="PAG" n="0"/>
        <role descr="harassed entity" f="PPT" n="1"/>
      </roles>
      <example name="adjectival" src="" type="">
        <inflection aspect="ns" form="participle" person="ns" tense="ns" voice="passive"/>
        <text>American Express Co. and General Motors Corp.'s beleaguered Buick division are joining forces in a promotion aimed at boosting Buick's sales while encouraging broader use of the American Express card.</text>
        <rel f="">beleaguered</rel>
        <arg f="" n="1">division</arg>
      </example>
    </roleset>
  </predicate>
</frameset>
