<!DOCTYPE frameset SYSTEM "frameset.dtd">
<frameset>
  <predicate lemma="believe">
    <roleset id="believe.01" name="believe">
      <aliases>
        <alias framenet="Religious_belief Trust Awareness Opinion Certainty" pos="v" verbnet="">believe</alias>
      </aliases>
      <note>BELIEVE-V NOTES: VN, FN updated by Julia. Member of Vncls admire-31.2, conjecture-29.5-1, and consider-29.9-2. (from believe.01-v)</note>
      <roles>
        <note>This frame has an issue in that it can have both a theme and a predicate: "Mary believed John that he didn't eat the last piece of pie". The problem is that we've been annotating both themes and predicates as arg1, so simply making either theme or predicate arg2 will conflict with past annotation. We could add an arg2, predicate, and use it only when arg1 is already present, but that makes me sad, so let's just not mess with it until we actually see such an instance. (from believe.01-v)</note>
        <role descr="believer" f="pag" n="0">
          <vnrole vncls="29.9-2" vntheta="Agent"/>
          <vnrole vncls="31.2" vntheta="Experiencer"/>
          <vnrole vncls="29.5-1" vntheta="Agent"/>
        </role>
        <role descr="believed" f="ppt" n="1">
          <vnrole vncls="29.9-2" vntheta="Theme"/>
          <vnrole vncls="31.2" vntheta="Stimulus"/>
          <vnrole vncls="29.5-1" vntheta="Theme"/>
        </role>
        <role descr="attribute, arg1 is believed to be what?" f="prd" n="2">
          <vnrole vncls="29.9-2" vntheta="Attribute"/>
          <vnrole vncls="29.5-1" vntheta="Predicate"/>
          <vnrole vncls="31.2" vntheta="Attribute"/>
        </role>
      </roles>
      <example name="nominal complement" src="" type="">
        <text>Cathryn Rice could hardly believe her eyes.</text>
        <arg f="" n="0">Cathryn Rice</arg>
        <arg f="mod" n="m">could</arg>
        <arg f="adv" n="m">hardly</arg>
        <rel f="">believe</rel>
        <arg f="" n="1">her eyes</arg>
      </example>
      <example name="prepositional complement" src="" type="">
        <text>I believe in the system.</text>
        <arg f="" n="0">I</arg>
        <rel f="">believe</rel>
        <arg f="" n="1">in the system</arg>
      </example>
      <example name="sentential complement" src="" type="">
        <text>You believe that Seymour Cray can do it again.</text>
        <arg f="" n="0">You</arg>
        <rel f="">believe</rel>
        <arg f="" n="1">that Seymour Cray can do it again</arg>
      </example>
      <example name="sentential complement with passive extraction" src="" type="">
        <text>[The declaration by Economy Minister Nestor Rapanelli]-1 is believed *-1 to be the first time such an action has been called for.</text>
        <rel f="">believed</rel>
        <arg f="" n="1">[The declaration by Economy Minister Nestor Rapanelli]-1</arg>
        <arg f="" n="2">*-1 to be the first time such an action has been called for</arg>
      </example>
      <example name="light S" src="" type="">
        <text>Mary believes John an idiot.</text>
        <arg f="" n="0">Mary</arg>
        <rel f="">believes</rel>
        <arg f="" n="1">John</arg>
        <arg f="" n="2">an idiot</arg>
      </example>
    </roleset>
  </predicate>
  <predicate lemma="believable">
    <roleset id="believable.02" name="able to be believed">
      <aliases>
        <alias framenet="" pos="j" verbnet="">believable</alias>
      </aliases>
      <note>BELIEVABLE-J NOTES: Added by Julia based on BOLT-6, relation to believe.01, unbelievable.01. (from believable.01-j)</note>
      <roles>
        <role descr="believer" f="pag" n="0"/>
        <role descr="belief" f="ppt" n="1"/>
        <role descr="secondary predication on arg1" f="prd" n="2"/>
      </roles>
      <example name="arg1" src="BOLT-6" type="">
        <inflection aspect="ns" form="ns" person="ns" tense="ns" voice="ns"/>
        <text>Connected to this , last year India actually took some actions as to this , and these words should be believable . We are not wrong in analyzing it this way :</text>
        <arg f="" n="1">these words</arg>
        <arg f="mod" n="m">should</arg>
        <rel f="">believable</rel>
      </example>
    </roleset>
  </predicate>
</frameset>
