<!DOCTYPE frameset SYSTEM "frameset.dtd">
<frameset>
  <predicate lemma="belittle">
    <roleset id="belittle.01" name="make seem insignificant">
      <aliases>
        <alias framenet="" pos="v" verbnet="">belittle</alias>
        <alias framenet="Judgment_communication" pos="n" verbnet="">belittling</alias>
      </aliases>
      <note>BELITTLE-V NOTES: Frames file for 'belittle' based on sentences in wsj. No access to Verbnet at the moment. (from belittle.01-v predicate notes)</note>
      <note>BELITTLING-N NOTES: Roleset based on instances in BOLT P01. Comparison to verb entry belittle.01, which maps to VN class 33. FrameNet Judgment_communication. (from belittling.01-n)</note>
      <roles>
        <role descr="causer of apparent insignificance, agent" f="PAG" n="0">
          <vnrole vncls="33" vntheta="Agent"/>
        </role>
        <role descr="apparently insignificant thing" f="PPT" n="1">
          <vnrole vncls="33" vntheta="Theme"/>
        </role>
      </roles>
      <example name="ha ha" src="" type="">
        <inflection aspect="ns" form="infinitive" person="ns" tense="ns" voice="active"/>
        <text>Mr. Stanley is on trial over charges that he violated a proclamation, issued by the South African administrator general earlier this year, which made it a crime punishable by two years in prison for any person to ``insult, disparate or belittle'' the election commission.</text>
        <arg f="" n="0">any person</arg>
        <rel f="">belittle</rel>
        <arg f="" n="1">the election commission</arg>
      </example>
      <example name="All args" src="BOLT P01 nouns" type="">
        <inflection aspect="ns" form="ns" person="ns" tense="ns" voice="ns"/>
        <text>You might want to join up with them , because your constant belittling of the black male affects your children 's attitude towards others .</text>
        <arg f="" n="0">your</arg>
        <arg f="tmp" n="m">constant</arg>
        <rel f="">belittling</rel>
        <arg f="" n="1">of the black male</arg>
      </example>
    </roleset>
  </predicate>
</frameset>
