<!DOCTYPE frameset SYSTEM "frameset.dtd">
<frameset>
  <predicate lemma="belie">
    <roleset id="belie.01" name="to show to be false">
      <aliases>
        <alias framenet="" pos="v" verbnet="">belie</alias>
      </aliases>
      <note>BELIE-V NOTES: Frames file for 'belie' based on survey of sentences in the WSJ corpus. (from belie.01-v predicate notes)</note>
      <roles>
        <role descr="demonstrator of falseness, agent" f="PAG" n="0"/>
        <role descr="entity shown to be false" f="PPT" n="1"/>
      </roles>
      <example name="transitive" src="" type="">
        <inflection aspect="ns" form="infinitive" person="ns" tense="ns" voice="ns"/>
        <text>[CBS]*-3 pursues top sports `` [*-3]to belie the fact that they are n't supporting affiliates , viewers and advertisers , '' charges [0] [*T*-4] Thomas H. Wyman , who [*T*-2] was ousted [*-1] as chairman of CBS Inc. after Laurence A. Tisch bought a 24.9 % stake in the company and took over three years ago .</text>
        <arg f="" n="0">[*-3]</arg>
        <rel f="">belie</rel>
        <arg f="" n="1">the fact that they are n't supporting affiliates , viewers and advertisers</arg>
      </example>
    </roleset>
  </predicate>
</frameset>
