<!DOCTYPE frameset SYSTEM "frameset.dtd">
<frameset>
  <predicate lemma="belly_up">
    <roleset id="belly_up.01" name="move towards">
      <aliases>
        <alias framenet="" pos="v" verbnet="">belly_up</alias>
      </aliases>
      <note>BELLY_UP-V NOTES: Frame created by Arrick (from belly.01-v)</note>
      <roles>
        <role descr="entity in motion" f="ppt" n="1"/>
        <role descr="destination" f="gol" n="2"/>
      </roles>
      <example name="approach, get next to" src="" type="">
        <text>Still *PRO* to come on Newsnight a sweeter than average story much much sweeter as we belly up to the bar the candy bar.</text>
        <arg f="" n="1">we</arg>
        <rel f="">[belly] [up]</rel>
        <arg f="" n="2">to the bar the candy bar</arg>
      </example>
    </roleset>
  </predicate>
</frameset>
