<!DOCTYPE frameset SYSTEM "frameset.dtd">
<frameset>
  <predicate lemma="bellyflop">
    <roleset id="bellyflop.01" name="fail spectacularly">
      <aliases>
        <alias framenet="" pos="v" verbnet="">bellyflop</alias>
        <alias framenet="" pos="v" verbnet="">belly-flop</alias>
      </aliases>
      <note>BELLYFLOP-V NOTES: Frames file for 'belly-flop' based on sentences in wsj. No Verbnet entry. (from bellyflop.01-v predicate notes)</note>
      <roles>
        <role descr="thing failing" f="PPT" n="1"/>
      </roles>
      <example name="short-n-sweet" src="" type="">
        <inflection aspect="ns" form="full" person="ns" tense="present" voice="active"/>
        <text>It belly-flopped anyway.</text>
        <arg f="" n="1">It</arg>
        <rel f="">belly-flopped</rel>
        <arg f="DIS" n="M">anyway</arg>
      </example>
    </roleset>
  </predicate>
</frameset>
