<!DOCTYPE frameset SYSTEM "frameset.dtd">
<frameset>
  <predicate lemma="bellow">
    <roleset id="bellow.01" name="yell">
      <aliases>
        <alias framenet="" pos="v" verbnet="">bellow</alias>
      </aliases>
      <note>BELLOW-V NOTES: Frames file for 'bellow' based on sentences in wsj. No access to Verbnet at the moment, probably one of the manner-of-speaking classes. (from bellow.01-v predicate notes)</note>
      <roles>
        <role descr="speaker" f="pag" n="0">
          <vnrole vncls="37.3" vntheta="agent"/>
          <vnrole vncls="43.2" vntheta="theme"/>
        </role>
        <role descr="utterance" f="ppt" n="1">
          <vnrole vncls="37.3" vntheta="topic"/>
        </role>
        <role descr="listener" f="gol" n="2">
          <vnrole vncls="37.3" vntheta="recipient"/>
        </role>
      </roles>
      <example name="no listener" src="" type="">
        <inflection aspect="ns" form="full" person="ns" tense="present" voice="active"/>
        <text>`` `[Get off your ...]*-2,' he would bellow [*-2],'' say the authors.</text>
        <arg f="" n="0">he</arg>
        <arg f="mod" n="m">would</arg>
        <rel f="">bellow</rel>
        <arg f="" n="1">[*-2]</arg>
      </example>
      <example name="no utterance" src="" type="">
        <inflection aspect="ns" form="full" person="ns" tense="past" voice="active"/>
        <text>John bellowed at Mary.</text>
        <arg f="" n="0">John</arg>
        <rel f="">bellowed</rel>
        <arg f="" n="2">at Mary</arg>
      </example>
    </roleset>
  </predicate>
</frameset>
