<!DOCTYPE frameset SYSTEM "frameset.dtd">
<frameset>
  <predicate lemma="belong">
    <roleset id="belong.01" name="be owned by">
      <aliases>
        <alias framenet="" pos="v" verbnet="">belong</alias>
        <alias framenet="" pos="n" verbnet="">belonging</alias>
      </aliases>
      <note>BELONG-V NOTES: Frames file for 'belong' based on financial subcorpus; nominal 'belonging' based on BOLT-7. No verbnet entry. Comparison with 'own' and 'include'. (from belong.01-v)</note>
      <note>BELONGING-N NOTES: Automatically created by Julia as an alias file for unification. (from belonging.01-n)</note>
      <roles>
        <role descr="possession" f="pag" n="0"/>
        <role descr="owner or group" f="ppt" n="1"/>
      </roles>
      <example name="belong-v: belong with" src="" type="">
        <text>Even some members of the Old Guard, despite their current advantage, seem to be conceding that the future belongs with the New Guard.</text>
        <arg f="" n="0">the future</arg>
        <rel f="">belongs</rel>
        <arg f="" n="1">with the New Guard</arg>
      </example>
      <example name="belong-v: belong on, less obvious group" src="" type="">
        <text>You are so damn dumb that you don't belong on Wall Street.</text>
        <arg f="" n="0">you</arg>
        <arg f="neg" n="m">n't</arg>
        <rel f="">belong</rel>
        <arg f="" n="1">on Wall Street</arg>
      </example>
      <example name="belong-v: belong to" src="" type="">
        <text>This beat-up teddy bear belongs to John.</text>
        <arg f="" n="0">This beat-up teddy bear</arg>
        <rel f="">belongs</rel>
        <arg f="" n="1">to John</arg>
      </example>
      <example name="belong-v: another belong to" src="" type="">
        <text>John belongs to the local chapter of Deluded Self-Important Idiots Anonymous.</text>
        <arg f="" n="0">John</arg>
        <rel f="">belongs</rel>
        <arg f="" n="1">to the local chapter of Deluded Self-Important Idiots Anonymous.</arg>
      </example>
      <example name="belonging-n" src="internet" type="">
        <inflection aspect="ns" form="ns" person="ns" tense="ns" voice="ns"/>
        <text>His perception of his belonging to Poland is different to his parents' perceptions.</text>
        <arg f="" n="0">his</arg>
        <rel f="">belonging</rel>
        <arg f="" n="1">to Poland</arg>
      </example>
    </roleset>
  </predicate>
</frameset>
