<!DOCTYPE frameset SYSTEM "frameset.dtd">
<frameset>
  <predicate lemma="belt">
    <roleset id="belt.01" name="sing loudly and forcefully">
      <aliases>
        <alias framenet="" pos="v" verbnet="">belt</alias>
      </aliases>
      <note>BELT-V NOTES: Roleset by Julia based on internet search and wordnet. Member of Vncls performance-26.7-1. Comparison to 'sing'. (from belt.01-v)</note>
      <roles>
        <role descr="loud singer" f="PAG" n="0">
          <vnrole vncls="26.7-1" vntheta="Agent"/>
        </role>
        <role descr="song" f="PPT" n="1">
          <vnrole vncls="26.7-1" vntheta="Theme"/>
        </role>
        <role descr="audience" f="GOL" n="2">
          <vnrole vncls="26.7-1" vntheta="Beneficiary"/>
        </role>
      </roles>
      <example name="Agent and theme" src="Agent and theme" type="Agent and theme">
        <inflection aspect="ns" form="full" person="third" tense="past" voice="active"/>
        <text>["Whoa, we're half way there,"]-1 the singer belted *trace*-1.</text>
        <arg f="" n="0">the singer</arg>
        <rel f="">belted.</rel>
        <arg f="" n="1">*trace*-1</arg>
      </example>
      <example name="All args" src="All args" type="All args">
        <inflection aspect="ns" form="full" person="third" tense="past" voice="active"/>
        <text>He was put back in his crate and belted a tune for us.</text>
        <arg f="" n="0">He</arg>
        <rel f="">belted</rel>
        <arg f="" n="1">a tune</arg>
        <arg f="" n="2">for us.</arg>
      </example>
    </roleset>
    <roleset id="belt.02" name="deliver a blow to, possibly with a belt">
      <aliases>
        <alias framenet="Cause_harm" pos="v" verbnet="">belt</alias>
      </aliases>
      <note>BELT-V NOTES: Roleset by Julia based on internet search and wordnet. Member of Vncls spank-18.3. Comparison to 'hit'. (from belt.02-v)</note>
      <roles>
        <role descr="agent hitter" f="PAG" n="0">
          <vnrole vncls="18.3" vntheta="Agent"/>
        </role>
        <role descr="patient, entity hit" f="PPT" n="1">
          <vnrole vncls="18.3" vntheta="Patient"/>
        </role>
        <role descr="instrument" f="MNR" n="2">
          <vnrole vncls="18.3" vntheta="Instrument"/>
        </role>
      </roles>
      <example name="passive" src="passive" type="passive">
        <inflection aspect="ns" form="participle" person="third" tense="past" voice="passive"/>
        <text>A split second before [he]-1 was belted *trace*-1, Crompton unloaded a pass to Williams.</text>
        <rel f="">belted</rel>
        <arg f="" n="1">*trace*-1</arg>
      </example>
      <example name="Active, metaphorical" src="Active, metaphorical" type="Active, metaphorical">
        <inflection aspect="ns" form="full" person="third" tense="past" voice="active"/>
        <text>Kristen Welch belted the opposition with some great tube riding.</text>
        <arg f="" n="0">Kristen Welch</arg>
        <rel f="">belted</rel>
        <arg f="" n="1">the opposition</arg>
        <arg f="" n="2">with some great tube riding.</arg>
      </example>
      <example name="passive with instrument" src="passive with instrument" type="passive with instrument">
        <inflection aspect="ns" form="participle" person="third" tense="present" voice="passive"/>
        <text>[Inland regions]-1 were belted *trace*-1 with wet snow, while rain, slush socked the shoreline.</text>
        <rel f="">belted</rel>
        <arg f="" n="1">*trace*-1</arg>
        <arg f="" n="2">with wet snow</arg>
        <arg f="tmp" n="m">while rain, slush socked the shoreline.</arg>
      </example>
    </roleset>
    <roleset id="belt.03" name="fasten with a belt">
      <aliases>
        <alias framenet="" pos="v" verbnet="">belt</alias>
      </aliases>
      <note>BELT-V NOTES: Roleset by Julia based on internet search and wordnet. Member of Vncls tape-22.4. Comparison to 'fasten'. (from belt.03-v)</note>
      <roles>
        <role descr="agent, person fastening the belt" f="PAG" n="0">
          <vnrole vncls="22.4" vntheta="Agent"/>
        </role>
        <role descr="first (or all) thing(s) fastened with a belt" f="ppt" n="1">
          <vnrole vncls="22.4" vntheta="Patient"/>
        </role>
        <role descr="additional thing(s), destination" f="ppt" n="2">
          <vnrole vncls="22.4" vntheta="co-patient"/>
        </role>
        <role descr="instrument, thing acting as a belt" f="MNR" n="3">
          <vnrole vncls="22.4" vntheta="Instrument"/>
        </role>
      </roles>
      <example name="All arguments" src="All arguments" type="All arguments">
        <inflection aspect="ns" form="full" person="third" tense="past" voice="active"/>
        <text>She belted the sword to her waist with a rope.</text>
        <arg f="" n="0">She</arg>
        <rel f="">belted</rel>
        <arg f="" n="1">the sword</arg>
        <arg f="" n="2">to her waist</arg>
        <arg f="" n="3">with a rope.</arg>
      </example>
      <example name="passive" src="passive" type="passive">
        <inflection aspect="ns" form="participle" person="third" tense="present" voice="passive"/>
        <text>[The waist]-1 is belted *trace*-1 with a matching suede sash.</text>
        <rel f="">belted</rel>
        <arg f="" n="1">*trace*-1</arg>
        <arg f="" n="3">with a matching suede sash.</arg>
      </example>
    </roleset>
  </predicate>
  <predicate lemma="belt_out">
    <roleset id="belt_out.05" name="belt_out">
      <aliases>
        <alias framenet="" pos="v" verbnet="">belt_out</alias>
      </aliases>
      <note>BELT_OUT-V NOTES: Roleset by Julia based on internet search and wordnet. Vncls performance-26.7-1. Comparison to 'sing'. (from belt.05-v)</note>
      <roles>
        <role descr="loud singer" f="PAG" n="0">
          <vnrole vncls="26.7-1" vntheta="Agent"/>
        </role>
        <role descr="song" f="PPT" n="1">
          <vnrole vncls="26.7-1" vntheta="Theme"/>
        </role>
        <role descr="audience" f="GOL" n="2">
          <vnrole vncls="26.7-1" vntheta="Beneficiary"/>
        </role>
      </roles>
      <example name="All Args" src="All Args" type="All Args">
        <inflection aspect="ns" form="full" person="third" tense="past" voice="active"/>
        <text>He belted out a tune for the folks.</text>
        <arg f="" n="0">He</arg>
        <rel f="">[belted] [out]</rel>
        <arg f="" n="1">a tune</arg>
        <arg f="" n="2">for the folks.</arg>
      </example>
    </roleset>
  </predicate>
</frameset>
