<!DOCTYPE frameset SYSTEM "frameset.dtd">
<frameset>
  <predicate lemma="bemoan">
    <roleset id="bemoan.01" name="to express grief over">
      <aliases>
        <alias framenet="" pos="v" verbnet="">bemoan</alias>
      </aliases>
      <note>BEMOAN-V NOTES: Frames file for 'bemoan' based on survey of sentences in the WSJ corpus. (from bemoan.01-v predicate notes)</note>
      <roles>
        <role descr="moaner, agent" f="PAG" n="0"/>
        <role descr="entity bemoaned" f="PPT" n="1"/>
      </roles>
      <example name="transitive" src="" type="">
        <inflection aspect="progressive" form="participle" person="ns" tense="present" voice="active"/>
        <text>The trend toward lower rents may seem surprising given that some communities in New York are bemoaning the loss of favorite local businesses to high rents .</text>
        <arg f="" n="0">some communities in New York</arg>
        <rel f="">bemoaning</rel>
        <arg f="" n="1">the loss of favorite local businesses to high rents</arg>
      </example>
    </roleset>
  </predicate>
</frameset>
