<!DOCTYPE frameset SYSTEM "frameset.dtd">
<frameset>
  <predicate lemma="benchsitting">
    <roleset id="benchsitting.01" name="hanging out on a bench, in a sitting position">
      <aliases>
        <alias framenet="" pos="n" verbnet="">benchsitting</alias>
        <alias framenet="" pos="n" verbnet="">bench-sitting</alias>
        <alias framenet="" pos="n" verbnet="">bench_sitting</alias>
      </aliases>
      <note>BENCHSITTING-N NOTES: Added by Julia for THYME.</note>
      <roles>
        <role descr="entity sitting on a bench" f="pag" n="0"/>
      </roles>
      <example name="benchsitting-n" src="" type="">
        <text>Sitting balance is slightly impaired with slight sway in benchsitting noted toward end of session . </text>
        <rel f="">benchsitting</rel>
      </example>
    </roleset>
    <roleset id="benchsitting.02" name="on the team but not playing, in sports">
      <aliases>
        <alias framenet="" pos="n" verbnet="">benchsitting</alias>
        <alias framenet="" pos="n" verbnet="">bench-sitting</alias>
        <alias framenet="" pos="n" verbnet="">bench_sitting</alias>
      </aliases>
      <note>BENCHSITTING-N NOTES: Added by Julia for THYME.</note>
      <roles>
        <role descr="player on the bench" f="pag" n="0"/>
        <role descr="team played for" f="ppt" n="1"/>
      </roles>
      <example name="benchsitting-n" src="" type="">
        <text>Doesnt need to quit his benchsitting position on the hs team, tho' he does need to factor in the liklihood of the coach booting him.</text>
        <rel f="">benchsitting</rel>
      </example>
    </roleset>
  </predicate>
</frameset>
