<!DOCTYPE frameset SYSTEM "frameset.dtd">
<frameset>
  <predicate lemma="bench">
    <roleset id="bench.01" name="to keep out of or remove from a game">
      <aliases>
        <alias framenet="" pos="v" verbnet="">bench</alias>
      </aliases>
      <note>BENCH-V NOTES: Frames file for 'bench' based on dictionary.com. Verbnet entry 9.10. (from bench.01-v predicate notes)</note>
      <roles>
        <role descr="bencher" f="PAG" n="0">
          <vnrole vncls="9.10" vntheta="Agent"/>
        </role>
        <role descr="person benched" f="PPT" n="1">
          <vnrole vncls="9.10" vntheta="Theme"/>
        </role>
        <role descr="location" f="GOL" n="2">
          <vnrole vncls="9.10" vntheta="Destination"/>
        </role>
      </roles>
      <example name="bench-v: fighting" src="" type="">
        <text>The goalie was benched by the ref in the penalty box.</text>
        <arg f="" n="0">The goalie</arg>
        <rel f="">benched</rel>
        <arg f="" n="1">the ref</arg>
        <arg f="" n="2">the penalty box</arg>
      </example>
    </roleset>
  </predicate>
</frameset>
