<!DOCTYPE frameset SYSTEM "frameset.dtd">
<frameset>
  <predicate lemma="bend">
    <roleset id="bend.01" name="(cause to) form a curve, forced into a non-straight configuration">
      <aliases>
        <alias framenet="Posture" pos="j" verbnet="">bent</alias>
        <alias framenet="" pos="n" verbnet="">bending</alias>
        <alias framenet="" pos="n" verbnet="">bend</alias>
        <alias framenet="" pos="v" verbnet="">bend</alias>
      </aliases>
      <note>BEND-V NOTES: Frames file for 'bend' based on sentences in wsj. Verbnet entries 47.6, 26.5, 50, and 45.2; Framenet entries Body movement, Posture, and Path shape. Fortunately all of these fit into a single rolest. I think. Sounds better with 'curved'. Oh well, you get the point. (from bend.01-v)</note>
      <note>BEND-N NOTES: Roleset based on verb bend.01, OntoNotes grouping bend-n sense 2; maps to VN classes assuming_position-50, bend-45.2, knead-26.5, meander-47.7, spatial_configuration-47.6. Framed by Claire. (from bend.01-n)</note>
      <note>BENDING-N NOTES: bend.01 (from bending.01-n)</note>
      <note>BENT-J NOTES: Added by Julia based on bend-v.01. (from bent.01-j)</note>
      <roles>
        <note>Verb doesn't have product argument, but examples show this to be necessary. (from bend.01-n)</note>
        <role descr="bender" f="PAG" n="0">
          <vnrole vncls="47.6" vntheta="Agent"/>
          <vnrole vncls="50" vntheta="Agent"/>
          <vnrole vncls="26.5" vntheta="Agent"/>
          <vnrole vncls="45.2" vntheta="Agent"/>
        </role>
        <role descr="thing forming a curve" f="PPT" n="1">
          <vnrole vncls="47.6" vntheta="Theme"/>
          <vnrole vncls="26.5" vntheta="Material"/>
          <vnrole vncls="45.2" vntheta="Patient"/>
          <vnrole vncls="47.7" vntheta="Theme"/>
        </role>
      </roles>
      <example name="bend-v: both args, and directional" src="" type="">
        <inflection aspect="progressive" form="participle" person="ns" tense="ns" voice="active"/>
        <text>Even that met with Mr. Greenspan's disapproval because [it]-1 might subject the Fed ``to a more intensely political perspective'' and ``could risk *trace*-1 bending monetary policy away from long-term strategic goals.''</text>
        <arg f="" n="0">*trace*-1</arg>
        <rel f="">bending</rel>
        <arg f="" n="1">monetary policy</arg>
        <arg f="dir" n="m">away from long-term strategic goals</arg>
      </example>
      <example name="bend-v: intransitive" src="" type="">
        <inflection aspect="ns" form="infinitive" person="ns" tense="ns" voice="ns"/>
        <text>But the legislation reflected a compromise agreed to on Tuesday by President Bush and Democratic leaders in Congress, after congressional Republicans urged the [White House]-2 *trace*-2 to bend a bit from its previous resistance to compromise.</text>
        <arg f="" n="0">*trace*-2</arg>
        <rel f="">bend</rel>
        <arg f="mnr" n="m">a bit</arg>
        <arg f="dir" n="m">from its previous resistance to compromise</arg>
      </example>
      <example name="bend-v: ergative" src="" type="">
        <inflection aspect="ns" form="full" person="ns" tense="past" voice="active"/>
        <text>John continued to drive straight, even as the road bent.</text>
        <arg f="" n="1">the road</arg>
        <rel f="">bent</rel>
      </example>
      <example name="bend-n: Arg 1 only" src="ON sense 2" type="">
        <inflection aspect="progressive" form="participle" person="ns" tense="ns" voice="active"/>
        <text>With a bend of her knees, she curtsied to the queen.</text>
        <rel f="">bend</rel>
        <arg f="" n="1">of her knees</arg>
      </example>
      <example name="bend-n: PRD for end state" src="" type="">
        <inflection aspect="ns" form="infinitive" person="ns" tense="ns" voice="ns"/>
        <text>The artist's bend of a piece of wire into the shape of a rabbit amused the children.</text>
        <arg f="" n="0">artist's</arg>
        <rel f="">bend</rel>
        <arg f="" n="1">of a piece of wire</arg>
        <arg f="prd" n="m">into the shape of a rabbit</arg>
      </example>
      <example name="bend-n: Args 0 &amp; 1" src="web" type="">
        <inflection aspect="ns" form="ns" person="ns" tense="ns" voice="ns"/>
        <text>I knew I must not look openly at the Queen, only notice her bend of the head in return for my low curtsey.</text>
        <arg f="" n="0">her</arg>
        <rel f="">bend</rel>
        <arg f="" n="1">of the head</arg>
      </example>
      <example name="bending-n: with secondary predication" src="" type="">
        <inflection aspect="ns" form="ns" person="ns" tense="ns" voice="ns"/>
        <text>His bending the paperclip back and forth and back and forth eventually caused it to snap in two.</text>
        <arg f="" n="0">His</arg>
        <rel f="">bending</rel>
        <arg f="" n="1">the aperclip</arg>
        <arg f="prd" n="m">back and forth and back and forth</arg>
      </example>
      <example name="bent-j: arg1" src="internet" type="">
        <inflection aspect="ns" form="ns" person="ns" tense="ns" voice="ns"/>
        <text>The mechanic said that my right front wheel was bent.</text>
        <arg f="" n="1">my front wheel</arg>
        <rel f="">bent</rel>
      </example>
    </roleset>
    <roleset id="bend.02" name="yield, give way">
      <aliases>
        <alias framenet="" pos="v" verbnet="">bend</alias>
      </aliases>
      <note>BEND-V NOTES: No relevant VN class. (from bend.02-v)</note>
      <roles>
        <role descr="thing giving way" f="PAG" n="0"/>
        <role descr="thing that succeeded" f="PPT" n="1"/>
      </roles>
      <example name="bend-v: uncle!  uncle!" src="" type="">
        <inflection aspect="ns" form="full" person="ns" tense="present" voice="active"/>
        <text>Furthermore, it is also likely to encourage those on Capitol Hill asking for cuts in the assistance to El Salvador if President Cristiani does not bend to demands of the Marxist guerrillas.</text>
        <arg f="" n="0">President Cristiani</arg>
        <arg f="neg" n="m">not</arg>
        <rel f="">bend</rel>
        <arg f="" n="1">to demands of the Marxist guerrillas</arg>
      </example>
    </roleset>
  </predicate>
  <predicate lemma="bent">
    <roleset id="bent.03" name="corrupt, venal">
      <aliases>
        <alias framenet="" pos="j" verbnet="">bent</alias>
      </aliases>
      <note>BENT-J NOTES: (from bent.03-j)</note>
      <roles>
        <role descr="corrput entity/action" f="ppt" n="1"/>
      </roles>
      <example name="the arg" src="internet" type="">
        <inflection aspect="ns" form="ns" person="ns" tense="ns" voice="ns"/>
        <text>I ca n't emphasise enough how bent this is , to me .</text>
        <arg f="ext" n="m">how</arg>
        <rel f="">bent</rel>
        <arg f="" n="1">this</arg>
        <arg f="adv" n="m">to me</arg>
      </example>
      <example name="better context" src="internet" type="">
        <inflection aspect="ns" form="ns" person="ns" tense="ns" voice="ns"/>
        <text>It shows one could not arrest a cop in a 'citizens arrest' without the tables being turned on them, even if the cop was bent or up to no good.</text>
        <arg f="" n="1">the cop</arg>
        <rel f="">bent</rel>
      </example>
    </roleset>
    <roleset id="bent.04" name="intoxicated (marijuana and alcohol at the same time)">
      <aliases>
        <alias framenet="" pos="j" verbnet="">bent</alias>
      </aliases>
      <note>BENT-J NOTES: Added by Julia based on internet usage. (from bent.04-j)</note>
      <roles>
        <role descr="intoxicated entity" f="pag" n="1"/>
        <role descr="drug" f="ppt" n="2"/>
      </roles>
      <example name="both args" src="internet" type="">
        <inflection aspect="ns" form="ns" person="ns" tense="ns" voice="ns"/>
        <text>I was once pretty bent on weed and it was messing my grades up n stuff;</text>
        <arg f="" n="1">I</arg>
        <arg f="tmp" n="m">once</arg>
        <arg f="ext" n="m">pretty</arg>
        <rel f="">bent</rel>
        <arg f="" n="2">on weed</arg>
      </example>
    </roleset>
    <roleset id="bent.05" name="mad, upset">
      <aliases>
        <alias framenet="" pos="j" verbnet="">bent</alias>
      </aliases>
      <note>BENT-J NOTES: Added by Julia. (from bent.05-j)</note>
      <roles>
        <role descr="stimulus of anger" f="cau" n="0"/>
        <role descr="angry one" f="prd" n="1"/>
      </roles>
      <example name="bent-j: both args" src="internet" type="">
        <inflection aspect="ns" form="ns" person="ns" tense="ns" voice="ns"/>
        <text>I had to point out that LEOSA had no impact on that situation due to STATE law, and that the local policies [0]-1 he was bent about them not following [*-1]were neither lawful nor good practice as to any cop.</text>
        <arg f="" n="1">he</arg>
        <rel f="">bent</rel>
        <arg f="" n="0">about them not following [*-1]</arg>
      </example>
    </roleset>
    <roleset id="bent.06" name="intent on, determined">
      <aliases>
        <alias framenet="Purpose" pos="j" verbnet="">bent</alias>
      </aliases>
      <note>BENT-J NOTES: Added by Julia based on WordNet. (from bent.02-j)</note>
      <roles>
        <role descr="entity who is determined" f="pag" n="0"/>
        <role descr="to what (bent on what)" f="ppt" n="1"/>
      </roles>
      <example name="bent-j: both args" src="internet" type="">
        <inflection aspect="ns" form="ns" person="ns" tense="ns" voice="ns"/>
        <text>I was bent on going to the theater.</text>
        <arg f="" n="0">I</arg>
        <rel f="">bent</rel>
        <arg f="" n="1">on going to the theater</arg>
      </example>
    </roleset>
  </predicate>
  <predicate lemma="bendy">
    <roleset id="bendy.07" name="flexible">
      <aliases>
        <alias framenet="" pos="j" verbnet="">bendy</alias>
      </aliases>
      <note>BENDY-J NOTES: Added by Julia based on BOLT. Relation to bend.01 (from bendy.01-j)</note>
      <roles>
        <role descr="bender" f="pag" n="0"/>
        <role descr="thing forming a curve" f="ppt" n="1"/>
      </roles>
      <example name="bendy-j" src="BOLT" type="">
        <inflection aspect="ns" form="ns" person="ns" tense="ns" voice="ns"/>
        <text>I know , they were n't even bendy anymore</text>
        <arg f="" n="1">they</arg>
        <arg f="neg" n="m">n't</arg>
        <rel f="">bendy</rel>
        <arg f="tmp" n="m">anymore</arg>
      </example>
    </roleset>
  </predicate>
</frameset>
