<!DOCTYPE verb SYSTEM "verb.dtd">
<verb>
    <id> 爱护 </id>
    <frameset id="f1">
        <role argnum="0" argrole="love giver"/>
        <role argnum="1" argrole="love receiver"/>
        <frame>
            <mapping>
                <V/>
                <mapitem src="sbj" trg="arg0"/>
                <mapitem src="npobj" trg="arg1"/>
            </mapping>
            <example>
                <parse>
                    ( (IP (NP-SBJ (NN 祖国))
                    (VP (VP (VV 尊重)
                    (NP-OBJ (NN 香港人)))
                    (PU 、)
                    (VP (VV 相信)
                    (NP-OBJ (NN 香港人)))
                    (PU 、)
                    (VP (VV 爱护)
                    (NP-OBJ (NN 香港人))))))
                </parse>
                <arg n="0"> 祖国 </arg>
                <V/>
                <arg n="1"> 香港人 </arg>
            </example>
        </frame>
    </frameset>
</verb>

