<!DOCTYPE verb SYSTEM "verb.dtd">
<verb>
    <id> 「熬」到 </id>
    <frameset id="f1">
        <role argnum="0" argrole="endurer"/>
        <role argnum="1" argrole="goal"/>
        <frame>
            <mapping>
                <V/>
                <mapitem src="sbj" trg="arg0"/>
                <mapitem src="npobj" trg="arg1"/>
            </mapping>
            <example>
                <parse>
                    ( (NP-SBJ (CP (WHNP-4 (-NONE- *OP*))
                    (CP (IP (NP-SBJ (-NONE- *T*-4))
                    (VP (VV 能)
                    (VP (VSB (VV 咬牙)
                    (VV 「熬」到))
                    (NP-OBJ (NN 顶级)))))
                    (DEC 的)))
                    (NP (NN 传销商)))) 
                </parse>
                <arg n="0">
                    (*T*-4)->(传销商) 	  
                </arg>
                <V/>
                <arg n="1">
                    顶级 	  
                </arg>
            </example>
        </frame>
        <frame>
            <mapping>
                <V/>
                <mapitem src="sbj" trg="arg0"/>
                <mapitem src="ipobj" trg="arg1"/>
            </mapping>
            <example>
                <parse>
                    ( (IP-CND (NP-SBJ (-NONE- *pro*))
                    (VP (ADVP (CS 只有))
                    (VP (VV 「熬」到)
                    (IP-OBJ (NP-SBJ (NN 对手))
                    (VP (VV 倒)
                    (AS 了))))))) 
                </parse>
                <arg n="0">
                    *pro* 	  
                </arg>
                <V/>
                <arg n="1">
                    对手 倒 了 	  
                </arg>
            </example>
        </frame>
    </frameset>
</verb>
