<!DOCTYPE verb SYSTEM "verb.dtd">
<verb>
    <id> 安乐 </id>
    <frameset id="f1">
        <role argnum="0" argrole="agent"/>
        <frame>
            <mapping>
                <V/>
                <mapitem src="sbj" trg="arg0"/>
            </mapping>
            <example>
                <parse>
                    ( (NP-SBJ (CP (WHNP-1 (-NONE- *OP*))
                    (CP (IP (NP-SBJ (-NONE- *T*-1))
                    (VP (ADVP (AD 如此))
                    (VCD (VA 安乐)
                    (VA 祥和))))
                    (DEC 的)))
                    (NP (NN 局面))))
                </parse>
                <arg n="0"> (*T*-1)->(局面) </arg>
                <V/>
            </example>
        </frame>
    </frameset>
</verb>

