<!DOCTYPE verb SYSTEM "verb.dtd">
<verb>
    <id> 安宁 </id>
    <frameset id="f1">
        <role argnum="0" argrole="theme"/>
        <frame>
            <mapping>
                <V/>
                <mapitem src="sbj" trg="arg0"/>
            </mapping>
            <example>
                <parse>
                    ( (IP (ADVP (AD 但))
                    (NP-SBJ (NT 当今)
                    (NN 世界))
                    (VP (ADVP (AD 并))
                    (ADVP (AD 不))
                    (VP (VA 安宁)))
                    (PU 。)))
                </parse>
                <arg n="0"> 当今 世界 </arg>
                <V/>
            </example>
        </frame>
    </frameset>
</verb>

