<!DOCTYPE verb SYSTEM "verb.dtd">
<verb>
    <id> 安排 </id>
    <frameset id="f1">
        <role argnum="0" argrole="arranger"/>
        <role argnum="1" argrole="thing arranged"/>
        <role argnum="2" argrole="for whom the arrangement is made"/>
        <frame>
            <mapping>
                <V/>
                <mapitem src="sbj" trg="arg0"/>
                <mapitem src="npobj" trg="arg1"/>
            </mapping>
            <example>
                <parse>
                    (IP (ADVP (AD 此外))
                    (PU ，)
                    (NP-PN-SBJ (NR 中国))
                    (VP (PP-LOC (P 在)
                    (NP (NP (NN 航天)
                    (NN 技术)
                    (CC 和)
                    (NN 激光)
                    (NN 技术))
                    (NP (NN 领域))))
                    (VP (VV 安排)
                    (AS 了)
                    (NP-OBJ (DNP (NP (QP (CD 四百多)
                    (CLP (M 个)))
                    (NP (NN 课题)))
                    (DEG 的))
                    (NP (NN 研究))))))
                </parse>
                <arg n="0"> 中国 </arg>
                <arg n="M" f="LOC"> 在 航天 技术 和 激光 技术 领域 </arg>
                <V/>
                <arg n="1"> 四百多 个 课题 的 研究 </arg>
            </example>
        </frame>
        <frame>
            <mapping>
                <V/>
                <mapitem src="sbj" trg="arg0"/>
            </mapping>
            <example>
                <parse>
                    (IP (PP-LOC (P 在)
                    (LCP (IP (NP-SBJ (DP (DT 该)
                    (CLP (M 名)))
                    (NP-TTL (PU ＂)
                    (NP (NN 老细))
                    (PU ＂)))
                    (VP (VV 安排)))
                    (LC 下)))
                    (PU ，)
                    (NP-SBJ (QP (CD 两))
                    (NP (NN 人)))
                    (VP (PP-TMP (P 在)
                    (LCP (NP (NT 二月))
                    (LC 底)))
                    (VP (VV 到)
                    (NP-PN-OBJ (NR 港))))
                    (PU 。))
                </parse>
                <arg n="0"> 该 名 ＂ 老细 ＂ </arg>
                <V/>
            </example>
        </frame>
    </frameset>
    <frameset id="f2">
        <role argnum="0" argrole="arranger"/>
        <role argnum="1" argrole="party arranged"/>
        <role argnum="2" argrole="predicate"/>
        <frame>
            <mapping>
                <V/>
                <mapitem src="sbj" trg="arg0"/>
                <mapitem src="npobj" trg="arg1"/>
                <mapitem src="controlip" trg="arg2"/>
            </mapping>
            <example>
                <parse>
                    (IP (NP-SBJ (NR 海协))
                    (VP (VV 安排)
                    (NP-OBJ (NN 专家))
                    (IP (NP-SBJ (-NONE- *PRO*))
                    (VP (VP (VV 介绍)
                    (NP-OBJ (DNP (NP (NN 案件))
                    (DEG 的))
                    (ADJP (JJ 具体))
                    (NP (NN 情况))))
                    (PU ，)
                    (CC 并)
                    (VP (VV 回答)
                    (NP-OBJ (NN 问题)))))))
                </parse>
                <arg n="0"> 海协 </arg>
                <V/>
                <arg n="1"> 专家 </arg>
                <arg n="2"> *PRO* 介绍 案件 的 具体 情况 ， 并 回答 问题 </arg>
            </example>
        </frame>
    </frameset>
</verb>

