<!DOCTYPE verb SYSTEM "verb.dtd">
<verb>
    <id> 安全 </id>
    <frameset id="f1">
        <role argnum="0" argrole="theme"/>
        <frame>
            <mapping>
                <V/>
                <mapitem src="sbj" trg="arg0"/>
            </mapping>
            <example>
                <parse>
                    ( (IP (ADVP (AD 另外))
                    (PU ，)
                    (NP-SBJ (NN 付款))
                    (VP (VA 安全))
                    (PU 。)))
                </parse>
                <arg n="0"> 付款 </arg>
                <V/>
            </example>
        </frame>
    </frameset>
</verb>

