<!DOCTYPE verb SYSTEM "verb.dtd">
<verb>
    <id> 昂贵 </id>
    <frameset id="f1">
        <role argnum="0" argrole="theme"/>
        <frame>
            <mapping>
                <V/>
                <mapitem src="sbj" trg="arg0"/>
            </mapping>
            <example>
                <parse>
                    ( (IP (NP-SBJ (NN 价格))
                    (VP (ADVP (AD 过於))
                    (VP (VA 昂贵)))))
                </parse>
                <arg n="0"> 价格 </arg>
                <V/>
            </example>
        </frame>
    </frameset>
</verb>

