<!DOCTYPE verb SYSTEM "verb.dtd">
<verb>
    <id> 暗示 </id>
    <frameset id="f1">
        <role argnum="0" argrole="speaker"/>
        <role argnum="1" argrole="hint"/>
        <role argnum="2" argrole="entity arg0 gives arg1 to"/>
        <frame>
            <mapping>
                <V/>
                <mapitem src="sbj" trg="arg0"/>
                <mapitem src="ipobj" trg="arg1"/>
            </mapping>
            <example>
                <parse>
                    ( (IP (NP-PN-SBJ (NR 欧盟))
                    (VP (ADVP (AD 则))
                    (ADVP (AD 频频))
                    (VP (VV 暗示)
                    (PU ，)
                    (IP-OBJ (IP-CND (NP-SBJ (NN 导弹)
                    (NN 危机))
                    (VP (ADVP (AD 不))
                    (VP (VV 结束))))
                    (PU ，)
                    (NP-SBJ (NP (CP (WHNP-1 (-NONE- *OP*))
                    (CP (IP (NP-TPC (-NONE- *T*-1))
                    (NP-SBJ (NP-PN (NR 塞))
                    (NP (NN 政府)))
                    (VP (VV 期待已久)))
                    (DEC 的)))
                    (NP (NN 入盟)))
                    (NP (NN 问题)))
                    (VP (VV 会)
                    (VP (VV 受到)
                    (NP-OBJ (NN 影响)))))))
                    (PU 。))) 
                </parse>
                <arg n="0">
                    欧盟 
                </arg>
                <V/>
                <arg n="1">
                    导弹 危机 不 结束 ， *OP* (*T*-1)->(入盟) 塞 政府 期待已久 的 入盟 问题 会 受到 影响 
                </arg>
            </example>
        </frame>
        <frame>
            <mapping>
                <V/>
                <mapitem src="sbj" trg="arg0"/>
                <mapitem src="ipobj" trg="arg1"/>
                <mapitem src="dir" trg="arg2"/>
            </mapping>
            <example>
                <parse>
                    (IP (NP-PN-SBJ (NR 魏)
                    (NN 太太))
                    (VP (QP-ADV (CD 几)
                    (CLP (M 次)))
                    (PP-DIR (P 向)
                    (NP (NN 老公)))
                    (VP (VV 暗示)
                    (IP-OBJ (NP-SBJ (PN 自己))
                    (VP (VP-FOC (ADVP (AD 乾脆))
                    (VP (VP (VV 留)
                    (PP (P 在)
                    (LCP (NP (NN 家))
                    (LC 里))))
                    (VP (ADVP (AD 专心))
                    (VP (VV 带)
                    (NP-OBJ (NN 孩子))))))
                    (VP (VA 好)))
                    (SP 了))))) 
                </parse>
                <arg n="0">
                    魏 太太 
                </arg>
                <arg n="1">
                    自己 乾脆 留 在 家 里 专心 带 孩子 好 了 
                </arg>
                <arg n="2">
                    向 老公 
                </arg>
                <arg n="m" f="adv">
                    几 次 
                </arg>
                <V/>
            </example>
        </frame>
    </frameset>
</verb>
