<!DOCTYPE verb SYSTEM "verb.dtd">
<verb>
    <id> 凹陷 </id>
    <frameset id="f1">
        <role argnum="0" argrole="theme"/>
        <frame>
            <mapping>
                <V/>
                <mapitem src="sbj" trg="arg0"/>
            </mapping>
            <example>
                <parse>
                    ( (IP (NP-SBJ (NN 中间))
                    (VP (VV 凹陷))))
                </parse>
                <arg n="0"> 中间 </arg>
                <V/>
            </example>
        </frame>
    </frameset>
</verb>

