<!DOCTYPE verb SYSTEM "verb.dtd">
<verb>
    <id> 安居乐业 </id>
    <frameset id="f1">
        <role argnum="0" argrole="agent"/>
        <frame>
            <mapping>
                <V/>
                <mapitem src="sbj" trg="arg0"/>
            </mapping>
            <example>
                <parse>
                    ( (IP (NP-SBJ (NN 人民))
                    (VP (VV 安居乐业))))
                </parse>
                <arg n="0"> 人民 </arg>
                <V/>
            </example>
        </frame>
    </frameset>
</verb>

