<!DOCTYPE verb SYSTEM "verb.dtd">
<verb>
    <id> 熬 </id>
    <frameset id="f1">
        <role argnum="0" argrole="agent"/>
        <role argnum="1" argrole="thing arg0 slow-cooks"/>
        <frame>
            <mapping>
                <V/>
                <mapitem src="sbj" trg="arg0"/>
            </mapping>
            <example>
                <parse>
                    
                </parse>
                <arg n="0">
                    
                </arg>
                <arg n="m" f="ext">
                    
                </arg>
                <arg n="m" f="adv">
                    
                </arg>
                <arg n="m" f="adv">
                    
                </arg>
                <V/>
            </example>
        </frame>
    </frameset>
    <frameset id="f2">
        <role argnum="0" argrole="entity described"/>
        <role argnum="1" argrole="thing arg0 endures"/>
        <frame>
            <mapping>
                <V/>
                <mapitem src="sbj" trg="arg0"/>
            </mapping>
            <example>
                <parse>
                    (IP (NP-SBJ (-NONE- *pro*))
                    (VP (VP (ADVP (AD 最後))
                    (ADVP (AD 勉强))
                    (VP (VV 熬)
                    (AS 了)
                    (NP-OBJ (QP (CD 一)
                    (CLP (M 个)))
                    (NP (NN 月))))))) 
                </parse>
                <arg n="0">
                    *pro* 
                </arg>
                <arg n="m" f="ext">
                    一 个 月 
                </arg>
                <arg n="m" f="adv">
                    勉强 
                </arg>
                <arg n="m" f="adv">
                    最後 
                </arg>
                <V/>
            </example>
        </frame>
    </frameset>
</verb>
