<!DOCTYPE verb SYSTEM "verb.dtd">
<verb>
    <id> 奥援 </id>
    <frameset id="f1">
        <role argnum="0" argrole="helper"/>
        <role argnum="1" argrole="person helped"/>
        <frame>
            <mapping>
                <V/>
                <mapitem src="sbj" trg="arg0"/>
            </mapping>
            <example>
                <parse>
                    ( (IP-Q (CC 或者)
                    (NP-SBJ (-NONE- *pro*))
                    (VP (VV 能)
                    (VP (ADVP (AD 及时))
                    (VP (VV 找到)
                    (NP-OBJ (NN 外资))
                    (IP (NP-SBJ (-NONE- *PRO*))
                    (VP (VV 奥援))))))
                    (PU ？)))
                </parse>
                <arg n="0"> *pro* </arg>
                <V/>
            </example>
        </frame>
    </frameset>
</verb>

