<!DOCTYPE verb SYSTEM "verb.dtd">
<verb>
    <id> 罢 </id>
    <frameset id="f1">
        <role argnum="0" argrole="theme"/>
        <frame>
            <mapping>
                <V/>
                <mapitem src="sbj" trg="arg0"/>
            </mapping>
            <example>
                <parse>
                    ( (IP (QP-TPC (CD 两)
                    (CLP (M 轮)))
                    (NP-SBJ (NN 战))
                    (VP (VV 罢)))) 
                </parse>
                <arg n="M" f="TPC">
                    两 轮 
                </arg>
                <arg n="0">
                    战 
                </arg>
                <V/>
            </example>
        </frame>
    </frameset>
</verb>
