<!DOCTYPE verb SYSTEM "verb.dtd">
<verb>
    <id> 把关 </id>
    <frameset id="f1">
        <role argnum="0" argrole="agent"/>
        <role argnum="1" argrole="theme"/>
        <frame>
            <mapping>
                <V/>
                <mapitem src="sbj" trg="arg0"/>
            </mapping>
            <example>
                <parse>
                    ( (IP (ADVP (AD 此外))
                    (PU ，)
                    (NP-SBJ (NN 新闻)
                    (NN 机构))
                    (VP (VP (VV 要)
                    (VP (ADVP (AD 严格))
                    (VP (VV 把关))))
                    (PU ，)
                    (VP (ADVP (AD 尤其))
                    (VP (VV 要)
                    (VP (VV 警惕)
                    (NP-OBJ (DP (DT 那些))
                    (NP (PU “)
                    (NN 关系稿)
                    (PU ”)))))))
                    (PU 。)))
                </parse>
                <arg n="0"> 新闻 机构 </arg>
                <V/>
            </example>
        </frame>
    </frameset>
</verb>

