<!DOCTYPE verb SYSTEM "verb.dtd">
<verb>
    <id> 拔地而起 </id>
    <frameset id="f1">
        <role argnum="0" argrole="theme"/>
        <frame>
            <mapping>
                <V/>
                <mapitem src="sbj" trg="arg0"/>
            </mapping>
            <example>
                <parse>
                    ( (IP (NP-SBJ (NN 楼房))
                    (VP (VV 拔地而起))))
                </parse>
                <arg n="0"> 楼房 </arg>
                <V/>
            </example>
        </frame>
    </frameset>
</verb>

