<!DOCTYPE verb SYSTEM "verb.dtd">
<verb>
    <id> 翱翔 </id>
    <frameset id="f1">
        <role argnum="0" argrole="theme"/>
        <frame>
            <mapping>
                <V/>
                <mapitem src="sbj" trg="arg0"/>
            </mapping>
            <example>
                <parse>
                    ( (NP (QP (CD 一)
                    (CLP (M 架)))
                    (CP (WHNP-2 (-NONE- *OP*))
                    (CP (IP (NP-SBJ (-NONE- *T*-2))
                    (VP (VSB (VV 展翅)
                    (VV 翱翔))))
                    (DEC 的)))
                    (NP (NN 飞机))))
                </parse>
                <arg n="0"> (*T*-2)->(飞机) </arg>
                <V/>
            </example>
        </frame>
    </frameset>
</verb>

