<!DOCTYPE verb SYSTEM "verb.dtd">
<verb>
    <id> 百废俱兴 </id>
    <frameset id="f1">
        <role argnum="0" argrole="theme"/>
        <frame>
            <mapping>
                <V/>
                <mapitem src="sbj" trg="arg0"/>
            </mapping>
            <example>
                <parse>
                    ( (IP (NP-PN-SBJ (NR 中国))
                    (VP (VP (VV 出现)
                    (AS 了)
                    (NP-OBJ (CP-APP (IP (NP-SBJ (-NONE- *PRO*))
                    (VP (VV 政通人和)
                    (PU 、)
                    (VV 百废俱兴)))
                    (DEC 的))
                    (ADJP (JJ 兴旺))
                    (NP (NN 景象)))))))
                </parse>
                <arg n="0"> *PRO* </arg>
                <V/>
            </example>
        </frame>
    </frameset>
</verb>

