<!DOCTYPE verb SYSTEM "verb.dtd">
<verb>
    <id> 摆开 </id>
    <frameset id="f1">
        <role argnum="0" argrole="agent"/>
        <role argnum="1" argrole="theme"/>
        <frame>
            <mapping>
                <V/>
                <mapitem src="sbj" trg="arg0"/>
                <mapitem src="npobj" trg="arg1"/>
            </mapping>
            <example>
                <parse>
                    ( (IP (NP-PN-SBJ (NR 叶荣光))
                    (VP (VV 摆开)
                    (NP-OBJ (NP-PN (NR 斯拉夫))
                    (NP (NN 防御))))))
                </parse>
                <arg n="0"> 叶荣光 </arg>
                <V/>
                <arg n="1"> 斯拉夫 防御 </arg>
            </example>
        </frame>
    </frameset>
</verb>

