<!DOCTYPE verb SYSTEM "verb.dtd">
<verb>
    <id> 白 </id>
    <frameset id="f1">
        <role argnum="0" argrole="theme"/>
        <frame>
            <mapping>
                <V/>
                <mapitem src="sbj" trg="arg0"/>
            </mapping>
            <example>
                <parse>
                    ( (NP-OBJ (CP (WHNP-2 (-NONE- *OP*))
                    (CP (IP (NP-SBJ (-NONE- *T*-2))
                    (VP (CC 或)
                    (VA 白)
                    (CC 或)
                    (VA 紫)))
                    (DEC 的)))
                    (NP (NN 花朵))))
                </parse>
                <arg n="0"> (*T*-2)->(花朵) </arg>
                <V/>
            </example>
        </frame>
    </frameset>
</verb>
