<!DOCTYPE verb SYSTEM "verb.dtd">
<verb>
    <id> 摆出 </id>
    <frameset id="f1">
        <role argnum="0" argrole="agent"/>
        <role argnum="1" argrole="theme"/>
        <frame>
            <mapping>
                <V/>
                <mapitem src="sbj" trg="arg0"/>
                <mapitem src="npobj" trg="arg1"/>
            </mapping>
            <example>
                <parse>
                    ( (IP (IP-ADV (NP-SBJ (NN 欧元)
                    (NN 诞生))
                    (VP (VV 在即)))
                    (PU ，)
                    (NP-SBJ (NP-PN (NR 法国))
                    (QP (CD 许多))
                    (NP (NN 书店)
                    (PU 、)
                    (NN 书市)
                    (PU 、)
                    (NN 书摊)
                    (CC 和)
                    (NN 报摊)))
                    (VP (ADVP (AD 纷纷))
                    (VP (VV 摆出)
                    (NP-OBJ (CP (WHNP-1 (-NONE- *OP*))
                    (CP (IP (NP-SBJ (-NONE- *T*-1))
                    (VP (PP-MNR (P 以)
                    (NP (NN 欧元)))
                    (VP (VV 为)
                    (NP-OBJ (NN 主题)))))
                    (DEC 的)))
                    (NP (NN 书籍)))))))
                </parse>
                <arg n="M" f="ADV"> 欧元 诞生 在即 </arg>
                <arg n="0"> 法国 许多 书店 、 书市 、 书摊 和 报摊 </arg>
                <arg n="M" f="ADV"> 纷纷 </arg>
                <V/>
                <arg n="1"> *OP* (*T*-1)->(书籍) 以 欧元 为 主题 的 书籍 </arg>
            </example>
        </frame>
    </frameset>
</verb>

