<!DOCTYPE verb SYSTEM "verb.dtd">
<verb>
    <id> 摆脱 </id>
    <frameset id="f1">
        <role argnum="0" argrole="agent"/>
        <role argnum="1" argrole="theme"/>
        <frame>
            <mapping>
                <V/>
                <mapitem src="sbj" trg="arg0"/>
                <mapitem src="npobj" trg="arg1"/>
            </mapping>
            <example>
                <parse>
                    ( (NP-SBJ (CP (WHNP-1 (-NONE- *OP*))
                    (CP (IP (NP-SBJ (NN 纺织)
                    (NN 工业))
                    (VP (NP-ADV (-NONE- *T*-1))
                    (VP (VV 摆脱)
                    (NP-OBJ (NN 困境)))))
                    (DEC 的)))
                    (NP (NN 条件)))) 
                </parse>
                <arg n="0">
                    纺织 工业 
                </arg>
                <arg n="M" f="ADV">
                    (*T*-1)->(条件) 
                </arg>
                <V/>
                <arg n="1">
                    困境 
                </arg>
            </example>
        </frame>
    </frameset>
    <frameset id="f2">
        <role argnum="0" argrole="agent/cause"/>
        <role argnum="1" argrole="theme"/>
        <role argnum="2" argrole="place arg0 pulls arg1 out of"/>
        <frame>
            <mapping>
                <V/>
                <mapitem src="sbj" trg="arg0"/>
                <mapitem src="npobj" trg="arg1"/>
                <mapitem src="ext" trg="arg2"/>
            </mapping>
            <example>
                <parse>
                    (IP (NP-SBJ (PN 我们))
                    (VP (ADVP (AD 也))
                    (VP (VV 需要)
                    (VP (VV 反省)
                    (IP-OBJ (NP-SBJ (-NONE- *PRO*))
                    (VP (ADVP (AD 如何))
                    (VP (BA 将)
                    (IP-OBJ (NP-SBJ (DNP (NP (PN 自己))
                    (DEG 的))
                    (NP (NN 生命)))
                    (VP (VRD (VV 摆脱)
                    (VV 开))
                    (NP-OBJ (DP (DT 这些))
                    (NP (NN 陷阱)
                    (CC 与)
                    (NN 困境)))))))))))) 
                </parse>
                <arg n="0">
                    *PRO* 
                </arg>
                <arg n="M" f="ADV">
                    如何 
                </arg>
                <V/>
                <arg n="1">
                    自己 的 生命 
                </arg>
                <arg n="2">
                    这些 陷阱 与 困境 
                </arg>
            </example>
        </frame>
    </frameset>
</verb>
