<!DOCTYPE verb SYSTEM "verb.dtd">
<verb>
    <id> 败在 </id>
    <frameset id="f1">
        <role argnum="0" argrole="loser"/>
        <role argnum="1" argrole="losing to"/>
        <frame>
            <mapping>
                <V/>
                <mapitem src="sbj" trg="arg0"/>
                <mapitem src="npobj" trg="arg1"/>
            </mapping>
            <example>
                <parse>
                    ( (IP-PRD (PP-LOC (P 在)
                    (LCP (NP (DP (DT 其他)
                    (QP (CD ６)
                    (CLP (M 盘))))
                    (NP (NN 较量)))
                    (LC 中)))
                    (PU ，)
                    (PP (P 除)
                    (LCP (IP (QP-TPC (OD 第六)
                    (CLP (M 盘)))
                    (NP-PN-SBJ (NR 马·斯坦贝尔格))
                    (VP (VV 获胜)))
                    (LC 外)))
                    (PU ，)
                    (NP-SBJ (DNP (NP-PN (NR 朱格林))
                    (DEG 的))
                    (DP (DT 其他))
                    (NP (NN 队友)))
                    (VP (ADVP (AD 都))
                    (VP (VV 败在)
                    (AS 了)
                    (LCP-OBJ (NP (DNP (NP (NN 对手))
                    (DEG 的))
                    (NP (NN 拍)))
                    (LC 下))))))
                </parse>
                <arg n="M" f="LOC"> 在 其他 ６ 盘 较量 中 </arg>
                <arg n="M" f="ADV"> 除 第六 盘 马·斯坦贝尔格 获胜 外 </arg>
                <arg n="0"> 朱格林 的 其他 队友 </arg>
                <arg n="M" f="ADV"> 都 </arg>
                <V/>
                <arg n="1"> 对手 的 拍 下 </arg>
            </example>
        </frame>
    </frameset>
</verb>

