<!DOCTYPE verb SYSTEM "verb.dtd">
<verb>
    <id> 败诉 </id>
    <frameset id="f1">
        <role argnum="0" argrole="loser"/>
        <frame>
            <mapping>
                <V/>
                <mapitem src="sbj" trg="arg0"/>
            </mapping>
            <example>
                <parse>
                    ( (IP-OBJ (NP-SBJ (NP-APP (CP (WHNP-1 (-NONE- *OP*))
                    (CP (IP (NP-SBJ (-NONE- *T*-1))
                    (VP (VV 揭露)
                    (NP-OBJ (IP-APP (NP-TMP (NT 当年))
                    (NP-SBJ (NN 日军))
                    (VP (VV 制造)
                    (NP-OBJ (NP-APP (NP-PN (NR 南京))
                    (ADJP (JJ 大))
                    (NP (NN 屠杀)))
                    (NP (NN 惨案)))))
                    (NP (NN 罪行)))))
                    (DEC 的)))
                    (ADJP (JJ 原))
                    (NP-PN (NR 日本))
                    (NP (NN 士兵)))
                    (PU 、)
                    (DNP (QP (CD ８６)
                    (CLP (M 岁)))
                    (DEG 的))
                    (NP-PN (NR 东史郎)))
                    (VP (VV 败诉))))
                </parse>
                <arg n="0"> *OP* (*T*-1)->(原日本士兵) 揭露 当年 日军 制造 南京 大 屠杀 惨案 罪行 的 原 日本 士兵 、 ８６ 岁 的 东史郎 </arg>
                <V/>
            </example>
        </frame>
    </frameset>
</verb>

