<!DOCTYPE verb SYSTEM "verb.dtd">
<verb>
    <id> 败于 </id>
    <frameset id="f1">
        <role argnum="0" argrole="loser"/>
        <role argnum="1" argrole="winner"/>
        <frame>
            <mapping>
                <V/>
                <mapitem src="sbj" trg="arg0"/>
                <mapitem src="npobj" trg="arg1"/>
            </mapping>
            <example>
                <parse>
                    ( (IP-OBJ (NP-SBJ (NP-APP (NN 小将))
                    (NP-PN (NR 睦镇硕)))
                    (VP (NP-TMP (NT 今天))
                    (ADVP (AD 惜))
                    (VP (VV 败于)
                    (NP-OBJ (DNP (NP-PN (NR 中国))
                    (DEG 的))
                    (NP-PN (NR 常昊)))))))
                </parse>
                <arg n="0"> 小将 睦镇硕 </arg>
                <arg n="M" f="TMP"> 今天 </arg>
                <arg n="M" f="ADV"> 惜 </arg>
                <V/>
                <arg n="1"> 中国 的 常昊 </arg>
            </example>
        </frame>
    </frameset>
</verb>

