<!DOCTYPE verb SYSTEM "verb.dtd">
<verb>
    <id> 败给 </id>
    <frameset id="f1">
        <role argnum="0" argrole="loser"/>
        <role argnum="1" argrole="winner"/>
        <frame>
            <mapping>
                <V/>
                <mapitem src="sbj" trg="arg0"/>
                <mapitem src="npobj" trg="arg1"/>
            </mapping>
            <example>
                <parse>
                    ( (IP (ADVP (AD 然而))
                    (PU ，)
                    (NP-SBJ (NP-APP (ADJP (JJ 老牌))
                    (NP (NN 劲旅)))
                    (NP-PN (NR 圣保罗队)))
                    (VP (VP (ADVP (AD 则))
                    (PP-LOC (P 在)
                    (DP (DT 本)
                    (CLP (M 届))))
                    (VP (VV 爆出)
                    (NP-OBJ (ADJP (ADVP (AD 最))
                    (ADJP (JJ 大)))
                    (NP (NN 冷门)))))
                    (PU ，)
                    (VP (PP-MNR (P 以)
                    (QP (CD ２)
                    (PU ：)
                    (CD ７)))
                    (ADVP (AD 惨))
                    (VP (VV 败给)
                    (NP-OBJ (CP (WHNP-1 (-NONE- *OP*))
                    (CP (IP (NP-SBJ (-NONE- *T*-1))
                    (VP (LCP-TMP (NP (NT 近年))
                    (LC 来))
                    (ADVP (AD 初))
                    (VP (VV 露)
                    (NP-OBJ (NN 锋芒)))))
                    (DEC 的)))
                    (NP-PN (NR 葡萄牙人队))))))
                    (PU 。)))
                </parse>
                <arg n="0"> 老牌 劲旅 圣保罗队 </arg>
                <V/>
                <arg n="1"> *OP* (*T*-1)->(葡萄牙人队) 近年 来 初 露 锋芒 的 葡萄牙人队 </arg>
            </example>
        </frame>
    </frameset>
</verb>

