<!DOCTYPE verb SYSTEM "verb.dtd">
<verb>
    <id> 败北 </id>
    <frameset id="f1">
        <role argnum="0" argrole="agent"/>
        <frame>
            <mapping>
                <V/>
                <mapitem src="sbj" trg="arg0"/>
            </mapping>
            <example>
                <parse>
                    ( (IP (ADVP (AD 结果))
                    (NP-SBJ (-NONE- *pro*))
                    (VP (PP-MNR (P 以)
                    (NP (DNP (NP (QP (CD 一)
                    (CC 又)
                    (CD 四分之三))
                    (NP (NN 子)))
                    (DEG 之))
                    (NP (NN 差))))
                    (VP (VV 败北)))))
                </parse>
                <arg n="M" f="ADV"> 结果 </arg>
                <arg n="0"> *pro* </arg>
                <arg n="M" f="MNR"> 以 一 又 四分之三 子 之 差 </arg>
                <V/>
            </example>
        </frame>
    </frameset>
</verb>

