<!DOCTYPE verb SYSTEM "verb.dtd">
<verb>
    <id> 扮成 </id>
    <frameset id="f1">
        <role argnum="0" argrole="扮成"/>
        <frame>
            <mapping>
                <V/>
                <mapitem src="sbj" trg="arg0"/>
                <mapitem src="npobj" trg="arg1"/>
            </mapping>
            <example>
                <parse>
                    ( (IP (NP-PN-SBJ (NR 保罗·因斯))
                    (VP (VV 扮成)
                    (NP-OBJ (NP-APP (NN 剑客))
                    (NP-PN (NR 佐罗))))))
                </parse>
                <arg n="0"> 保罗·因斯 </arg>
                <V/>
                <arg n="1"> 剑客 佐罗 </arg>
            </example>
        </frame>
    </frameset>
</verb>
