<!DOCTYPE verb SYSTEM "verb.dtd">
<verb>
    <id> 搬运 </id>
    <frameset id="f1">
        <role argnum="0" argrole="agent"/>
        <role argnum="1" argrole="patient"/>
        <frame>
            <mapping>
                <V/>
                <mapitem src="sbj" trg="arg1"/>
            </mapping>
            <example>
                <parse>
                    (NP-OBJ (QP (CD 一)
                    (CLP (M 种)))
                    (CP (WHNP-2 (-NONE- *OP*))
                    (CP (IP (IP (NP-SBJ (-NONE- *T*-2))
                    (VP (ADVP (AD 易))
                    (VP (VV 搬运))))
                    (PU 、)
                    (IP (NP-TPC (-NONE- *T*-2))
                    (NP-SBJ (NN 体形))
                    (VP (VA 小)))
                    (PU 、)
                    (IP (NP-TPC (-NONE- *T*-2))
                    (NP-SBJ (NN 通风))
                    (VP (VA 好)))
                    (PU 、)
                    (IP (NP-SBJ (-NONE- *T*-2))
                    (VP (VV 便于)
                    (IP-OBJ (NP-SBJ (-NONE- *PRO*))
                    (VP (VCD (VV 保洁)
                    (VV 保温)))))))
                    (DEC 的)))
                    (ADJP (JJ 新式))
                    (NP (NN 蜂笼))) 
                </parse>
                <arg n="1">
                    *T*-2 
                </arg>
                <arg n="m" f="adv">
                    易 
                </arg>
                <V/>
            </example>
        </frame>
    </frameset>
</verb>
