<!DOCTYPE verb SYSTEM "verb.dtd">
<verb>
    <id> 般 </id>
    <frameset id="f1">
        <role argnum="0" argrole="theme"/>
        <role argnum="1" argrole="resembled entity"/>
        <frame>
            <mapping>
                <V/>
                <mapitem src="sbj" trg="arg0"/>
            </mapping>
            <example>
                <parse>
                    ( (IP (LCP-TMP (NP (NT 八十年代))
                    (LC 初))
                    (PU ，)
                    (PP-LOC (P 在)
                    (NP (CP (WHNP-1 (-NONE- *OP*))
                    (CP (IP (NP-SBJ (-NONE- *T*-1))
                    (VP (VP (VV 毗邻)
                    (NP-PN-OBJ (NR 港)
                    (NR 澳)))
                    (PU ，)
                    (VP (VV 得)
                    (NP-OBJ (DNP (NP (NN 开放)
                    (NN 风气))
                    (DEG 之))
                    (NP (NN 先))))))
                    (DEC 的)))
                    (NP-PN (NR 珠江)
                    (NN 三角洲))))
                    (PU ，)
                    (NP-SBJ (NP (NN 乡镇)
                    (NN 企业))
                    (PU 、)
                    (NP (ADJP (JJ 个体))
                    (ADJP (JJ 私营))
                    (NP (NN 企业)))
                    (PU 、)
                    (NP (NN 外商)
                    (NN 投资)
                    (NN 企业)))
                    (VP (VP (PP (P 如)
                    (NP (NN 雨后春笋)))
                    (VP (VA 般)))
                    (VP (VV 冒)
                    (AS 了)
                    (VV 出来)))
                    (PU 。)))
                </parse>
                <arg n="M" f="TMP"> 八十年代 初 </arg>
                <arg n="M" f="LOC"> 在 *OP* (*T*-1)->(珠江三角洲) 毗邻 港 澳 ， 得 开放 风气 之 先 的 珠江 三角洲 </arg>
                <arg n="0"> 乡镇 企业 、 个体 私营 企业 、 外商 投资 企业 </arg>
                <arg n="1"> 如 雨后春笋 </arg>
                <V/>
            </example>
        </frame>
    </frameset>
</verb>

