<!DOCTYPE verb SYSTEM "verb.dtd">
<verb>
    <id> 半真半假 </id>
    <frameset id="f1">
        <role argnum="0" argrole="theme"/>
        <frame>
            <mapping>
                <V/>
                <mapitem src="sbj" trg="arg0"/>
            </mapping>
            <example>
                <parse>
                    ( (NP (CP (WHNP-2 (-NONE- *OP*))
                    (CP (IP (NP-SBJ (-NONE- *T*-2))
                    (VP (VA 半真半假)))
                    (DEC 的)))
                    (NP (NN 新闻))))
                </parse>
                <arg n="0"> (*T*-2)->(新闻) </arg>
                <V/>
            </example>
        </frame>
    </frameset>
</verb>

