<!DOCTYPE verb SYSTEM "verb.dtd">
<verb>
    <id> 拌有 </id>
    <frameset id="f1">
        <role argnum="0" argrole="location"/>
        <role argnum="1" argrole="theme"/>
        <frame>
            <mapping>
                <V/>
                <mapitem src="sbj" trg="arg0"/>
                <mapitem src="npobj" trg="arg1"/>
            </mapping>
            <example>
                <parse>
                    ( (NP-OBJ (CP (WHNP-1 (-NONE- *OP*))
                    (CP (IP (NP-SBJ (-NONE- *T*-1))
                    (VP (VV 拌有)
                    (NP-OBJ (NN 毒药))))
                    (DEC 的)))
                    (NP (NN 谷物))))
                </parse>
                <arg n="0"> (*T*-1)->(谷物) </arg>
                <V/>
                <arg n="1"> 毒药 </arg>
            </example>
        </frame>
    </frameset>
</verb>

