<!DOCTYPE verb SYSTEM "verb.dtd">
<verb>
    <id> 办案 </id>
    <frameset id="f1">
        <role argnum="0" argrole="agent"/>
        <frame>
            <mapping>
                <V/>
                <mapitem src="sbj" trg="arg0"/>
            </mapping>
            <example>
                <parse>
                    ( (IP (NP-SBJ (NN 外商)
                    (NN 投资)
                    (NN 管理)
                    (NN 部门)
                    (CC 及)
                    (NN 公检法)
                    (NN 机关))
                    (PU ，)
                    (VP (VP (VV 坚持)
                    (IP-OBJ (NP-SBJ (-NONE- *PRO*))
                    (VP (VP (ADVP (AD 依法))
                    (VP (VV 行政)))
                    (PU ，)
                    (VP (ADVP (AD 依法))
                    (VP (VV 办案))))))
                    (PU ，)
                    (VP (DVP (VP (VA 有效))
                    (DEV 地))
                    (VP (VV 维护)
                    (AS 了)
                    (NP-OBJ (DNP (NP (DP (DT 各))
                    (NP (NN 方)))
                    (DEG 的))
                    (NP (NN 权益))))))
                    (PU 。)))
                </parse>
                <arg n="0"> *PRO* </arg>
                <arg n="M" f="ADV"> 依法 </arg>
                <V/>
            </example>
        </frame>
    </frameset>
</verb>

