<!DOCTYPE verb SYSTEM "verb.dtd">
<verb>
    <id> 伴随 </id>
    <frameset id="f1">
        <role argnum="0" argrole="accompanier"/>
        <role argnum="1" argrole="accompanied"/>
        <frame>
            <mapping>
                <V/>
                <mapitem src="sbj" trg="arg0"/>
                <mapitem src="npobj" trg="arg1"/>
            </mapping>
            <example>
                <parse>
                    ( (IP-ADV (NP-SBJ (-NONE- *PRO*))
                    (VP (VV 伴随)
                    (AS 着)
                    (NP-OBJ (DP (DT 这些))
                    (CP (WHNP-3 (-NONE- *OP*))
                    (CP (IP (NP-SBJ (-NONE- *T*-3))
                    (VP (VA 新)))
                    (DEC 的)))
                    (NP (NN 变化))))))
                </parse>
                <arg n="0"> *PRO* </arg>
                <V/>
                <arg n="1"> 这些 *OP* (*T*-3)->(变化) 新 的 变化 </arg>
            </example>
        </frame>
    </frameset>
</verb>

