<!DOCTYPE verb SYSTEM "verb.dtd">
<verb>
    <id> 半封闭 </id>
    <frameset id="f1">
        <role argnum="0" argrole="theme"/>
        <frame>
            <mapping>
                <V/>
                <mapitem src="sbj" trg="arg0"/>
            </mapping>
            <example>
                <parse>
                    ( (NP-OBJ (LCP (NP-PN (NR 北仑港))
                    (LC 畔))
                    (CP (WHNP-2 (-NONE- *OP*))
                    (CP (IP (NP-SBJ (-NONE- *T*-2))
                    (VP (ADVP (AD 原))
                    (VP (VC 是)
                    (VP (VCD (VA 封闭)
                    (VA 半封闭)
                    (VA 自给自足))))))
                    (DEC 的)))
                    (NP (NN 农村)
                    (NN 经济))))
                </parse>
                <arg n="0"> (*T*-2)->(农村经济) </arg>
                <arg n="M" f="ADV"> 原 </arg>
                <V/>
            </example>
        </frame>
    </frameset>
</verb>

