<!DOCTYPE verb SYSTEM "verb.dtd">
<verb>
    <id> 办厂 </id>
    <frameset id="f1">
        <role argnum="0" argrole="agent"/>
        <frame>
            <mapping>
                <V/>
                <mapitem src="sbj" trg="arg0"/>
            </mapping>
            <example>
                <parse>
                    ( (NP-SBJ (CP (WHNP-1 (-NONE- *OP*))
                    (CP (IP (NP-SBJ (-NONE- *T*-1))
                    (VP (VP (VV 前来))
                    (VP (VCD (VV 投资)
                    (VV 办厂)))))
                    (DEC 的)))
                    (NP (NN 台商))))
                </parse>
                <arg n="0"> (*T*-1)->(台商) </arg>
                <V/>
            </example>
        </frame>
    </frameset>
</verb>

