<!DOCTYPE verb SYSTEM "verb.dtd">
<verb>
    <id> 办事 </id>
    <frameset id="f1">
        <role argnum="0" argrole="agent"/>
        <frame>
            <mapping>
                <V/>
                <mapitem src="sbj" trg="arg0"/>
            </mapping>
            <example>
                <parse>
                    ( (IP (NP-SBJ (PN 他))
                    (VP (PP-BNF (P 为)
                    (NP (NN 群众)))
                    (VP (VV 办事)))))
                </parse>
                <arg n="0"> 他 </arg>
                <arg n="M" f="BNF"> 为群众 </arg>
                <V/>
            </example>
        </frame>
    </frameset>
</verb>

