<!DOCTYPE verb SYSTEM "verb.dtd">
<verb>
    <id> 办妥 </id>
    <frameset id="f1">
        <role argnum="0" argrole="agent"/>
        <role argnum="1" argrole="theme"/>
        <frame>
            <mapping>
                <V/>
                <mapitem src="sbj" trg="arg0"/>
                <mapitem src="npobj" trg="arg1"/>
            </mapping>
            <example>
                <parse>
                    ( (LCP-TMP (IP (NP-SBJ (-NONE- *PRO))
                    (VP (VV 办妥)
                    (NP-OBJ (NN 手续))))
                    (LC 後)))
                </parse>
                <arg n="0"> *PRO </arg>
                <V/>
                <arg n="1"> 手续 </arg>
            </example>
        </frame>
    </frameset>
</verb>

