<!DOCTYPE verb SYSTEM "verb.dtd">
<verb>
    <id> 包 </id>
    <frameset id="f1">
        <role argnum="0" argrole="agent"/>
        <role argnum="1" argrole="theme"/>
        <role argnum="2" argrole="container"/>
        <frame>
            <mapping>
                <V/>
                <mapitem src="sbj" trg="arg0"/>
                <mapitem src="npobj" trg="arg1"/>
            </mapping>
            <example>
                <parse>
                    ( (NP-OBJ (QP (CD 五)
                    (CLP (M 个)))
                    (CP (WHPP-1 (-NONE- *OP*))
                    (CP (IP (NP-SBJ (-NONE- *pro*))
                    (VP (PP-MNR (-NONE- *T*-1))
                    (VP (VV 包)
                    (NP-OBJ (NN 孩子)))))
                    (DEC 的)))
                    (NP (NN 婴儿)
                    (NN 被子)))) 
                </parse>
                <arg n="0">
                    *pro* 	  
                </arg>
                <arg n="M" f="MNR">
                    (*T*-1)->(婴儿被子) 	  
                </arg>
                <V/>
                <arg n="1">
                    孩子 	  
                </arg>
            </example>
        </frame>
    </frameset>
    <frameset id="f2">
        <role argnum="0" argrole="agent/cause"/>
        <role argnum="1" argrole="theme"/>
        <role argnum="2" argrole="entity at whose discretion arg0 puts arg1"/>
        <frame>
            <mapping>
                <V/>
                <mapitem src="sbj" trg="arg1"/>
                <mapitem src="other" trg="arg2"/>
            </mapping>
            <example>
                <parse>
                    (IP (NP-SBJ (NP-PN (NR 哥国))
                    (NP (NN 香蕉)))
                    (VP (VP (VC 为)
                    (NP-PRD (NN 契约)
                    (NN 作物)))
                    (PU ，)
                    (VP (ADVP (AD 早))
                    (ADVP (AD 就))
                    (VP (VV 包)
                    (PP (P 给)
                    (NP (NN 大盘商))))))) 
                </parse>
                <arg n="1">
                    哥国 香蕉 
                </arg>
                <arg n="2">
                    给 大盘商 
                </arg>
                <arg n="M" f="adv">
                    就 
                </arg>
                <arg n="m" f="adv">
                    早 
                </arg>
                <V/>
            </example>
        </frame>
        <frame>
            <mapping>
                <V/>
                <mapitem src="sbj" trg="arg2"/>
                <mapitem src="npobj" trg="arg1"/>
            </mapping>
            <example>
                <parse>
                    (IP (NP-SBJ (-NONE- *pro*))
                    (VP (VV 报导)
                    (NP-OBJ (QP (CD 一)
                    (CLP (M 位)))
                    (NP (NN 香港人)))
                    (IP (NP-SBJ (-NONE- *PRO*))
                    (VP (PP-LOC (P 在)
                    (NP (NN 大陆)))
                    (VP (PU 「)
                    (VV 包)
                    (NP-OBJ (NN 二奶))
                    (PU 」)))))) 
                </parse>
                <arg n="1">
                    二奶 
                </arg>
                <arg n="M" f="loc">
                    在 大陆 
                </arg>
                <arg n="2">
                    *PRO* 
                </arg>
                <V/>
            </example>
        </frame>
    </frameset>
    <frameset id="f3">
        <role argnum="0" argrole="entity described"/>
        <role argnum="1" argrole="thing arg0 guarantees"/>
        <frame>
            <mapping>
                <V/>
                <mapitem src="sbj" trg="arg0"/>
                <mapitem src="npobj" trg="arg1"/>
                <mapitem src="controlip" trg="arg1"/>
            </mapping>
            <example>
                <parse>
                    (IP (IP-ADV (NP-SBJ (-NONE- *pro*))
                    (VP (BA 把)
                    (IP-OBJ (NP-SBJ (PN 我))
                    (VP (VV 买回)
                    (NP-OBJ (NN 家) )))))
                    (PU ，)
                    (NP-SBJ (-NONE- *pro*))
                    (VP (VV 包)
                    (NP-OBJ (PN 你))
                    (IP (NP-SBJ (-NONE- *PRO*))
                    (VP (VP (VCD (VV 招财)
                    (VV 进宝)))
                    (VP (ADVP (AD 一路))
                    (VP (VA 发))))))) 
                </parse>
                <arg n="0">
                    *pro* 
                </arg>
                <arg n="M" f="adv">
                    *pro* 把 我 买回 家 
                </arg>
                <arg n="1">
                    你 
                </arg>
                <arg n="1" f="prd">
                    *PRO* 招财 进宝 一路 发 
                </arg>
                <V/>
            </example>
        </frame>
    </frameset>
</verb>
