<!DOCTYPE verb SYSTEM "verb.dtd">
<verb>
    <id> 榜上有名 </id>
    <frameset id="f1">
        <role argnum="0" argrole="theme"/>
        <frame>
            <mapping>
                <V/>
                <mapitem src="sbj" trg="arg0"/>
            </mapping>
            <example>
                <parse>
                    ( (IP-OBJ (PP-LOC (P 在)
                    (LCP (NP (NP (NP (NP (NT 一九九六)
                    (CC 至)
                    (NT 一九九七))
                    (NP (NN 年度)))
                    (NP-PN (NR 中国))
                    (QP (CD 五百)
                    (CLP (M 家)))
                    (CP (WHNP-1 (-NONE- *OP*))
                    (CP (IP (NP-SBJ (-NONE- *T*-1))
                    (VP (ADVP (AD 最))
                    (VP (VA 大))))
                    (DEC 的)))
                    (ADJP (JJ 三资))
                    (NP (NN 企业)))
                    (NP (NN 评选)))
                    (LC 中)))
                    (PU ，)
                    (NP-SBJ (DNP (NP-PN (NR 天津))
                    (DEG 的))
                    (NP-APP (NP-PN (NR 顶益)
                    (NN 食品))
                    (PU 、)
                    (NP-PN (NR 福津)
                    (NN 木业))
                    (PU 、)
                    (NP-PN (NR 新宝天洋)))
                    (QP (CD 三)
                    (CLP (M 家)))
                    (NP (NN 台资)
                    (NN 企业)))
                    (VP (VV 榜上有名))))
                </parse>
                <arg n="M" f="LOC"> 在 一九九六 至 一九九七 年度 中国 五百 家 *OP* (*T*-1)->(三资企业) 最 大 的三资 企业 评选 中 </arg>
                <arg n="0"> 天津 的 顶益 食品 、 福津 木业 、 新宝天洋 三 家 台资企业 </arg>
                <V/>
            </example>
        </frame>
    </frameset>
</verb>

