<!DOCTYPE verb SYSTEM "verb.dtd">
<verb>
    <id> 办起 </id>
    <frameset id="f1">
        <role argnum="0" argrole="agent"/>
        <role argnum="1" argrole="theme"/>
        <frame>
            <mapping>
                <V/>
                <mapitem src="sbj" trg="arg0"/>
                <mapitem src="npobj" trg="arg1"/>
            </mapping>
            <example>
                <parse>
                    ( (IP (IP-ADV (NP-SBJ (-NONE- *PRO*))
                    (VP (VV 利用)
                    (NP-OBJ (DNP (NP-PN (NR 大寨))
                    (DEG 的))
                    (NP (NN 知名度)))))
                    (PU ，)
                    (NP-SBJ (NN 大寨人))
                    (VP (ADVP (AD 还))
                    (VP (VV 办起)
                    (AS 了)
                    (NP-OBJ (NN 旅游业))))
                    (PU 。)))
                </parse>
                <arg n="M" f="ADV"> *PRO* 利用 大寨 的 知名度 </arg>
                <arg n="0"> 大寨人 </arg>
                <arg n="M" f="ADV"> 还 </arg>
                <V/>
                <arg n="1"> 旅游业 </arg>
            </example>
        </frame>
    </frameset>
</verb>

