<!DOCTYPE verb SYSTEM "verb.dtd">
<verb>
    <id> 包底 </id>
    <frameset id="f1">
        <role argnum="0" argrole="agent"/>
        <frame>
            <mapping>
                <V/>
                <mapitem src="sbj" trg="arg0"/>
            </mapping>
            <example>
                <parse>
                    ( (IP-SBJ (NP-SBJ (NN 政府))
                    (VP (ADVP (AD 直接)
                    (CC 或)
                    (AD 间接))
                    (PP-LOC (P 到)
                    (NP (NN 金融)
                    (NN 机构)
                    (CC 或)
                    (NN 企业)))
                    (VP (VV 包底)))))
                </parse>
                <arg n="0"> 政府 </arg>
                <arg n="M" f="ADV"> 直接 或 间接 </arg>
                <arg n="M" f="LOC"> 到 金融 机构 或 企业 </arg>
                <V/>
            </example>
        </frame>
    </frameset>
</verb>

