<!DOCTYPE verb SYSTEM "verb.dtd">
<verb>
    <id> 包揽 </id>
    <frameset id="f1">
        <role argnum="0" argrole="agent"/>
        <role argnum="1" argrole="theme"/>
        <frame>
            <mapping>
                <V/>
                <mapitem src="sbj" trg="arg0"/>
                <mapitem src="npobj" trg="arg1"/>
            </mapping>
            <example>
                <parse>
                    ( (IP (NP-SBJ (NP-PN (NR 哥伦比亚))
                    (NP (NN 车手)))
                    (VP (VV 包揽)
                    (AS 了)
                    (DP-OBJ (DNP (NP (DP (DT 这)
                    (CLP (M 次)))
                    (NP (NN 自行车赛)))
                    (DEG 的))
                    (DP (DT 前)
                    (QP (CD 三)
                    (CLP (M 名))))))
                    (PU 。)))
                </parse>
                <arg n="0"> 哥伦比亚 车手 </arg>
                <V/>
                <arg n="1"> 这 次 自行车赛 的 前 三 名 </arg>
            </example>
        </frame>
    </frameset>
</verb>

