<!DOCTYPE verb SYSTEM "verb.dtd">
<verb>
    <id> 薄 </id>
    <frameset id="f1">
        <role argnum="0" argrole="thing described"/>
        <frame>
            <mapping>
                <V/>
                <mapitem src="sbj" trg="arg0"/>
            </mapping>
            <example>
                <parse>
                    ( (IP (ADVP (AD 但))
                    (NP-SBJ (NN 利润))
                    (VP (ADVP (AD 却))
                    (VP (VV 变)
                    (VA 薄))))) 
                </parse>
                <arg n="0">
                    利润 
                </arg>
                <arg n="M" f="ADV">
                    却 
                </arg>
                <V/>
            </example>
        </frame>
    </frameset>
</verb>
