<!DOCTYPE verb SYSTEM "verb.dtd">
<verb>
    <id> 薄弱 </id>
    <frameset id="f1">
        <role argnum="0" argrole="theme"/>
        <frame>
            <mapping>
                <V/>
                <mapitem src="sbj" trg="arg0"/>
            </mapping>
            <example>
                <parse>
                    ( (IP (NP-SBJ (NN 农业)
                    (NN 基础))
                    (VP (VA 薄弱))))
                </parse>
                <arg n="0"> 农业 基础 </arg>
                <V/>
            </example>
        </frame>
    </frameset>
</verb>

