<!DOCTYPE verb SYSTEM "verb.dtd">
<verb>
    <id> 保守 </id>
    <frameset id="f1">
        <role argnum="0" argrole="theme"/>
        <frame>
            <mapping>
                <V/>
                <mapitem src="sbj" trg="arg0"/>
            </mapping>
            <example>
                <parse>
                    ( (NP-PRD (DP (DT 那些))
                    (CP (WHNP-1 (-NONE- *OP*))
                    (CP (IP (NP-SBJ (-NONE- *T*-1))
                    (VP (ADVP (AD 较))
                    (VP (VA 保守))))
                    (DEC 的)))
                    (NP (NN 议员))))
                </parse>
                <arg n="0"> (*T*-1)->(议员) </arg>
                <arg n="M" f="ADV"> 较 </arg>
                <V/>
            </example>
        </frame>
    </frameset>
</verb>

