<!DOCTYPE verb SYSTEM "verb.dtd">
<verb>
    <id> 保洁 </id>
    <frameset id="f1">
        <role argnum="0" argrole="maintainer"/>
        <frame>
            <mapping>
                <V/>
                <mapitem src="sbj" trg="arg0"/>
            </mapping>
            <example>
                <parse>
                    ( (NP (QP (CD 一)
                    (CLP (M 种)))
                    (CP (WHNP-2 (-NONE- *OP*))
                    (CP (IP (IP (NP-SBJ (-NONE- *T*-2))
                    (VP (VV 便于)
                    (IP-OBJ (NP-SBJ (-NONE- *PRO*))
                    (VP (VCD (VV 保洁)
                    (VV 保温)))))))
                    (DEC 的)))
                    (ADJP (JJ 新式))
                    (NP (NN 蜂笼))))
                </parse>
                <arg n="0"> *PRO* </arg>
                <V/>
            </example>
        </frame>
    </frameset>
</verb>

