<!DOCTYPE verb SYSTEM "verb.dtd">
<verb>
    <id> 抱有 </id>
    <frameset id="f1">
        <role argnum="0" argrole="agent"/>
        <role argnum="1" argrole="theme"/>
        <frame>
            <mapping>
                <V/>
                <mapitem src="sbj" trg="arg0"/>
            </mapping>
            <example>
                <parse>
                    ( (IP (NP-SBJ (PN 双方))
                    (VP (ADVP (AD 都))
                    (VP (VV 抱有)
                    (NP-OBJ (NN 诚意))))))
                </parse>
                <arg n="0"> 双方 </arg>
                <V/>
                <arg n="1"> 诚意 </arg>
            </example>
        </frame>
    </frameset>
</verb>

