<!DOCTYPE verb SYSTEM "verb.dtd">
<verb>
    <id> 报到 </id>
    <frameset id="f1">
        <role argnum="0" argrole="agent"/>
        <role argnum="1" argrole="goal"/>
        <frame>
            <mapping>
                <V/>
                <mapitem src="sbj" trg="arg0"/>
            </mapping>
            <example>
                <parse>
                    ( (IP (NP-SBJ (-NONE- *PRO*))
                    (VP (QP-ADV (OD 第一)
                    (CLP (M 日)))
                    (VP (VP (VV 前往)
                    (NP-OBJ (QP (CD 一)
                    (CLP (M 间)))
                    (NP (NN 学校))))
                    (VP (VSB (VV 插班)
                    (VV 报到)))))))
                </parse>
                <arg n="0"> *PRO* </arg>
                <V/>
            </example>
        </frame>
    </frameset>
</verb>

