<!DOCTYPE verb SYSTEM "verb.dtd">
<verb>
    <id> 抱 </id>
    <frameset id="f1">
        <role argnum="0" argrole="agent"/>
        <role argnum="1" argrole="theme"/>
        <frame>
            <mapping>
                <V/>
                <mapitem src="sbj" trg="arg0"/>
                <mapitem src="npobj" trg="arg1"/>
            </mapping>
            <example>
                <parse>
                    ( (IP (NP-SBJ (NN 消费者))
                    (VP (PP-DIR (P 对)
                    (NP (NT 目前)
                    (NN 经济)
                    (NN 状况)))
                    (VP (VV 抱)
                    (NP-OBJ (ADJP (JJ 乐观))
                    (NP (NN 态度))))))) 
                </parse>
                <arg n="0">
                    消费者 
                </arg>
                <V/>
                <arg n="1">
                    乐观 态度 
                </arg>
            </example>
        </frame>
    </frameset>
</verb>
