<!DOCTYPE verb SYSTEM "verb.dtd">
<verb>
    <id> 饱受 </id>
    <frameset id="f1">
        <role argnum="0" argrole="experiencer"/>
        <role argnum="1" argrole="theme"/>
        <frame>
            <mapping>
                <V/>
                <mapitem src="sbj" trg="arg0"/>
                <mapitem src="npobj" trg="arg1"/>
            </mapping>
            <example>
                <parse>
                    ( (NP-OBJ (CP (WHNP-2 (-NONE- *OP*))
                    (CP (IP (NP-SBJ (-NONE- *T*-2))
                    (VP (VP (ADVP (AD 勇))
                    (VP (VV 战)
                    (NP-OBJ (NN 沙场))))
                    (CC 和)
                    (VP (VV 饱受)
                    (NP-OBJ (DNP (NP (NN 战乱))
                    (DEG 之))
                    (NP (NN 苦))))))
                    (DEC 的)))
                    (NP (NN 人))))
                </parse>
                <arg n="0"> (*T*-2)->(人) </arg>
                <V/>
                <arg n="1"> 战乱 之 苦 </arg>
            </example>
        </frame>
    </frameset>
</verb>

