<!DOCTYPE verb SYSTEM "verb.dtd">
<verb>
    <id> 宝贵 </id>
    <frameset id="f1">
        <role argnum="0" argrole="theme"/>
        <frame>
            <mapping>
                <V/>
                <mapitem src="sbj" trg="arg0"/>
            </mapping>
            <example>
                <parse>
                    ( (NP-OBJ (DP (DT 这)
                    (CLP (M 种)))
                    (CP (WHNP-2 (-NONE- *OP*))
                    (CP (IP (NP-SBJ (-NONE- *T*-2))
                    (VP (ADVP (AD 至为))
                    (VP (VA 宝贵))))
                    (DEC 的)))
                    (NP (NN 精神))))
                </parse>
                <arg n="0"> (*T*-2)->(精神) </arg>
                <V/>
            </example>
        </frame>
    </frameset>
</verb>

