<!DOCTYPE verb SYSTEM "verb.dtd">
<verb>
    <id> 报效 </id>
    <frameset id="f1">
        <role argnum="0" argrole="agent"/>
        <role argnum="1" argrole="theme"/>
        <frame>
            <mapping>
                <V/>
                <mapitem src="sbj" trg="arg0"/>
                <mapitem src="npobj" trg="arg1"/>
            </mapping>
            <example>
                <parse>
                    ( (NP-OBJ (QP (CD 一)
                    (CLP (M 腔)))
                    (CP-APP (IP (NP-SBJ (-NONE- *PRO*))
                    (VP (VV 报效)
                    (NP-OBJ (NN 祖国))))
                    (DEC 的))
                    (ADJP (JJ 热))
                    (NP (NN 血))))
                </parse>
                <arg n="0"> *PRO* </arg>
                <V/>
                <arg n="1"> 祖国 </arg>
            </example>
        </frame>
    </frameset>
</verb>

