<!DOCTYPE verb SYSTEM "verb.dtd">
<verb>
    <id> 报喜 </id>
    <frameset id="f1">
        <role argnum="0" argrole="reporter"/>
        <frame>
            <mapping>
                <V/>
                <mapitem src="sbj" trg="arg0"/>
            </mapping>
            <example>
                <parse>
                    ( (IP-SBJ (NP-SBJ (-NONE- *PRO*))
                    (VP (VP (ADVP (AD 不管))
                    (VP (VC 是)
                    (NP-PRD (NP (NN 专业)
                    (NN 新闻)
                    (NN 工作者))
                    (PU ，)
                    (CC 还是)
                    (NP (ADJP (JJ 业余))
                    (NP (NN 爱好者))))))
                    (PU ；)
                    (VP (ADVP (AD 不管))
                    (VP (VP (VV 报喜))
                    (PU ，)
                    (CC 还是)
                    (VP (VV 报忧)))))))
                </parse>
                <arg n="0"> *PRO* </arg>
                <V/>
            </example>
        </frame>
    </frameset>
</verb>

