<!DOCTYPE verb SYSTEM "verb.dtd">
<verb>
    <id> 暴跌 </id>
    <frameset id="f1">
        <role argnum="0" argrole="price"/>
        <frame>
            <mapping>
                <V/>
                <mapitem src="sbj" trg="arg0"/>
            </mapping>
            <example>
                <parse>
                    ( (IP (NP-SBJ (NN 国际)
                    (NN 油价))
                    (VP (VV 暴跌))))
                </parse>
                <arg n="0"> 国际 油价 </arg>
                <V/>
            </example>
        </frame>
    </frameset>
</verb>

