<!DOCTYPE verb SYSTEM "verb.dtd">
<verb>
    <id> 爆满 </id>
    <frameset id="f1">
        <role argnum="0" argrole="theme"/>
        <frame>
            <mapping>
                <V/>
                <mapitem src="sbj" trg="arg0"/>
            </mapping>
            <example>
                <parse>
                    (IP (NP-ADV (NN 其中))
                    (NP-SBJ (NN 莆仙戏))
                    (VP (VP (QP-ADV (OD 首)
                    (CLP (M 次)))
                    (VP (VP (VV 入)
                    (NP-OBJ (NN 岛)))
                    (VP (VV 亮相))))
                    (PU ，)
                    (VP (VV 演出)
                    (QP-EXT (CD 六)
                    (CLP (M 场))))
                    (PU ，)
                    (VP (PP (PP-DIR (P 从)
                    (NP (DNP (NP-PN (NR 台北))
                    (DEG 的))
                    (ADJP (JJ 大))
                    (NP (NN 剧院))))
                    (PP-DIR (P 到)
                    (NP (DNP (NP-PN (NR 台南))
                    (DEG 的))
                    (NP (NN 圣母庙)
                    (NN 大殿)))))
                    (PU ，)
                    (ADVP (AD 场场))
                    (VP (VV 爆满))))) 
                </parse>
                <arg n="0">
                    莆仙戏 	  
                </arg>
                <arg n="m" f="adv">
                    其中 	  
                </arg>
                <arg n="m" f="dir">
                    从 台北 的 大 剧院 到 台南 的 圣母庙 大殿 	  
                </arg>
                <arg n="m" f="adv">
                    场场	  
                </arg>
                <V/>
            </example>
        </frame>
    </frameset>
</verb>
