<!DOCTYPE verb SYSTEM "verb.dtd">
<verb>
    <id> 爆 </id>
    <frameset id="f1">
        <role argnum="0" argrole="agent"/>
        <role argnum="1" argrole="theme"/>
        <frame>
            <mapping>
                <V/>
                <mapitem src="sbj" trg="arg0"/>
                <mapitem src="npobj" trg="arg1"/>
            </mapping>
            <example>
                <parse>
                    ( (IP (NP-SBJ (-NONE- *PRO*))
                    (VP (VV 会)
                    (VP (VV 爆)
                    (NP-OBJ (NN 冷门))))))
                </parse>
                <arg n="0"> *PRO* </arg>
                <V/>
                <arg n="1"> 冷门 </arg>
            </example>
        </frame>
    </frameset>
</verb>

