<!DOCTYPE verb SYSTEM "verb.dtd">
<verb>
    <id> 爆出冷门 </id>
    <frameset id="f1">
        <role argnum="0" argrole="theme"/>
        <frame>
            <mapping>
                <V/>
                <mapitem src="sbj" trg="arg0"/>
            </mapping>
            <example>
                <parse>
                    ( (IP (NP-SBJ (NP (NN 男子)
                    (ADJP (JJ 自由))
                    (NP (NN 体操)))
                    (NP (NN 决赛)))
                    (VP (ADVP (AD 几乎))
                    (VP (VV 爆出冷门)))
                    (PU 。)))
                </parse>
                <arg n="0"> 男子 自由 体操 决赛 </arg>
                <arg n="M" f="ADV"> 几乎 </arg>
                <V/>
            </example>
        </frame>
    </frameset>
</verb>

