<!DOCTYPE verb SYSTEM "verb.dtd">
<verb>
    <id> 爆炸 </id>
    <frameset id="f1">
        <role argnum="0" argrole="thing exploding"/>
        <role argnum="1" argrole="agent"/>
        <frame>
            <mapping>
                <V/>
                <mapitem src="sbj" trg="arg0"/>
            </mapping>
            <example>
                <parse>
                    (IP (PP-TMP (P 在)
                    (NP (CP (WHNP-1 (-NONE- *OP*))
                    (CP (IP (NP-TPC (-NONE- *T*-1))
                    (NP-SBJ (NN 资讯))
                    (VP (VV 爆炸)))
                    (DEC 的)))
                    (NP (NN 知识)
                    (NN 时代))))
                    (PU ，)
                    (NP-SBJ (DNP (NP (NN 理财))
                    (DEG 的))
                    (NP (NN 难度)))
                    (VP (ADVP (AD 也))
                    (PP-MNR (P 随)
                    (NP (PN 之)))
                    (VP (VV 提高)))) 
                    
                </parse>
                <arg n="0" f="psr">
                    *T*-1 	  
                </arg>
                <arg n="0" f="pse">
                    资讯 	  
                </arg>
                <V/>
            </example>
        </frame>
        <frame>
            <mapping>
                <V/>
                <mapitem src="sbj" trg="arg1"/>
                <mapitem src="npobj" trg="arg0"/>
            </mapping>
            <example>
                <parse>
                    (QP (CD 两)
                    (CLP (M 名)))
                    (CP (WHNP-1 (-NONE- *OP*))
                    (CP (IP (NP-SBJ-2 (-NONE- *T*-1))
                    (VP (SB 被)
                    (VP (VV 指控)
                    (NP-OBJ (-NONE- *-2))
                    (IP (NP-SBJ (-NONE- *PRO*))
                    (VP (PP-LOC (P 在)
                    (NP (NP-PN (NR 苏格兰))
                    (NP-PN (NR 洛克比))
                    (NP (NN 上空))))
                    (VP (VV 爆炸)
                    (NP-OBJ (NP-PN (NR 泛美)
                    (NN 航空)
                    (NN 公司))
                    (NP (NN 客机)))))))))
                    (DEC 的)))
                    (NP (NN 利比亚人)))) 
                    
                </parse>
                <arg n="0">
                    *PRO*	  
                </arg>
                <arg n="1">
                    泛美 航空 公司 客机	  
                </arg>
                <arg n="m" f="loc">
                    在 苏格兰 洛克比 上空	  
                </arg>
                <V/>
            </example>
        </frame>
    </frameset>
</verb>
