<!DOCTYPE verb SYSTEM "verb.dtd">
<verb>
    <id> 本 </id>
    <frameset id="f1">
        <role argnum="0" argrole="agent"/>
        <role argnum="1" argrole="principle, policy"/>
        <frame>
            <mapping>
                <V/>
                <mapitem src="sbj" trg="arg0"/>
                <mapitem src="npobj" trg="arg1"/>
            </mapping>
            <example>
                <parse>
                    ( (IP-OBJ (NP-SBJ (PN 你们))
                    (VP (VV 本)
                    (AS 着)
                    (NP-OBJ (CP-APP (IP (NP-SBJ (-NONE- *pro*))
                    (VP (VP (VV 爱)
                    (NP-OBJ (NN 国)))
                    (VP (VV 爱)
                    (NP-PN-OBJ (NR 港)))))
                    (DEC 的))
                    (NP (NN 精神))))))
                </parse>
                <arg n="0"> 你们 </arg>
                <V/>
                <arg n="1"> *pro* 爱 国 爱 港 的 精神 </arg>
            </example>
        </frame>
    </frameset>
</verb>

