<!DOCTYPE verb SYSTEM "verb.dtd">
<verb>
    <id> 被动 </id>
    <frameset id="f1">
        <role argnum="0" argrole="thing described"/>
        <frame>
            <mapping>
                <V/>
                <mapitem src="sbj" trg="arg0"/>
            </mapping>
            <example>
                <parse>
                    (NP-OBJ (CP-APP (IP (NP-SBJ (-NONE- *PRO*))
                    (VP (ADVP (AD 极为))
                    (VP (VA 被动))))
                    (DEC 的))
                    (NP (NN 境地))) 
                </parse>
                <arg n="0">
                    *PRO* 
                </arg>
                <arg n="m" f="adv">
                    极为 
                </arg>
                <V/>
            </example>
        </frame>
    </frameset>
</verb>
