<!DOCTYPE verb SYSTEM "verb.dtd">
<verb>
    <id> 笨拙 </id>
    <frameset id="f1">
        <role argnum="0" argrole="theme"/>
        <frame>
            <mapping>
                <V/>
                <mapitem src="sbj" trg="arg0"/>
            </mapping>
            <example>
                <parse>
                    ( (IP (ADVP (AD 别看))
                    (NP-SBJ (ADJP (JJ 小))
                    (NP (NN 海龟)))
                    (VP (VP-FOC (PP-LOC (P 在)
                    (LCP (NP (NN 沙滩))
                    (LC 上)))
                    (VP (VV 爬行)))
                    (VP (ADVP (AD 往往))
                    (VP (VV 显得)
                    (VP (VA 笨拙)))))))
                </parse>
                <arg n="M" f="ADV"> 别看 </arg>
                <arg n="0"> 小 海龟 </arg>
                <arg n="M" f="ADV"> 往往 </arg>
                <V/>
            </example>
        </frame>
    </frameset>
</verb>

