<!DOCTYPE verb SYSTEM "verb.dtd">
<verb>
    <id> 倍增 </id>
    <frameset id="f1">
        <role argnum="0" argrole="theme"/>
        <frame>
            <mapping>
                <V/>
                <mapitem src="sbj" trg="arg0"/>
            </mapping>
            <example>
                <parse>
                    ( (IP-PRD (NP-SBJ (NN 负担))
                    (VP (VV 倍增))))
                </parse>
                <arg n="0"> 负担 </arg>
                <V/>
            </example>
        </frame>
    </frameset>
</verb>

