<!DOCTYPE verb SYSTEM "verb.dtd">
<verb>
    <id> 奔腾 </id>
    <frameset id="f1">
        <role argnum="0" argrole="agent"/>
        <frame>
            <mapping>
                <V/>
                <mapitem src="sbj" trg="arg0"/>
            </mapping>
            <example>
                <parse>
                    ( (IP (NP-SBJ (NN 骏马))
                    (VP (VV 奔腾))))
                </parse>
                <arg n="0"> 骏马 </arg>
                <V/>
            </example>
        </frame>
    </frameset>
</verb>

