<!DOCTYPE verb SYSTEM "verb.dtd">
<verb>
    <id> 崩解 </id>
    <frameset id="f1">
        <role argnum="0" argrole="collapser"/>
        <frame>
            <mapping>
                <V/>
                <mapitem src="sbj" trg="arg0"/>
            </mapping>
            <example>
                <parse>
                    ( (IP (IP-ADV (NP-SBJ (-NONE- *PRO*))
                    (VP (VP (VV 论)
                    (NP-OBJ (NN 技术)))
                    (PU 、)
                    (VP (VV 论)
                    (NP-OBJ (NN 生产力)))))
                    (PU ，)
                    (NP-SBJ (DNP (NP-PN (NR 韩国))
                    (DEG 的))
                    (NP (NN 根基)))
                    (VP (VP (ADVP (AD 还))
                    (VP (VV 在)))
                    (PU ，)
                    (VP (ADVP (AD 并))
                    (VP (VV 没有)
                    (VP (NP-ADV (QP (CD 一))
                    (NP (NN 夕)))
                    (VP (VV 崩解))))))))
                </parse>
                <arg n="M" f="ADV"> *PRO* 论 技术 、 论 生产力 </arg>
                <arg n="0"> 韩国 的 根基 </arg>
                <arg n="M" f="ADV"> 并 </arg>
                <arg n="M" f="ADV"> 一夕 </arg>
                <V/>
            </example>
        </frame>
    </frameset>
</verb>

