<!DOCTYPE verb SYSTEM "verb.dtd">
<verb>
    <id> 备课 </id>
    <frameset id="f1">
        <role argnum="0" argrole="agent"/>
        <frame>
            <mapping>
                <V/>
                <mapitem src="sbj" trg="arg0"/>
            </mapping>
            <example>
                <parse>
                    ( (IP (NP-PN-SBJ (NR 鲍萨))
                    (VP (VV 看来)
                    (VP (VP (VV 下)
                    (AS 了)
                    (NP-OBJ (NN 苦功)))
                    (VP (PU “)
                    (VV 备课)
                    (PU ”))))))
                </parse>
                <arg n="0"> 鲍萨 </arg>
                <V/>
            </example>
        </frame>
    </frameset>
</verb>

