<!DOCTYPE verb SYSTEM "verb.dtd">
<verb>
    <id> 比 </id>
    <frameset id="f1">
        <role argnum="0" argrole="comparer"/>
        <role argnum="1" argrole="compared entity"/>
        <role argnum="2" argrole="perspective from which arg1 is compared"/>
        <frame>
            <mapping>
                <V/>
                <mapitem src="sbj" trg="arg1"/>
            </mapping>
            <example>
                <parse>
                    ( (IP-ADV (NP-SBJ (-NONE- *PRO*))
                    (VP (PP (P 与)
                    (NP (DP (DT 这些))
                    (NP (NN 科学)
                    (NN 术语))))
                    (ADVP (AD 相))
                    (VP (VV 比))))) 
                </parse>
                <arg n="1">
                    *PRO* 	  
                </arg>
                <arg n="1" f="CRD">
                    与 这些 科学 术语 	  
                </arg>
                <arg n="M" f="ADV">
                    相 	  
                </arg>
                <V/>
            </example>
        </frame>
        <frame>
            <mapping>
                <V/>
                <mapitem src="sbj" trg="arg1"/>
                <mapitem src="ipobj" trg="arg2"/>
            </mapping>
            <example>
                <parse>
                    (IP (NP-SBJ (ADJP (JJ 现代))
                    (NP (NN 男人)))
                    (VP (VP (ADVP (AD 不))
                    (ADVP (AD 只))
                    (VP (VV 要)
                    (VP (VV 比美))))
                    (PU ，)
                    (VP (ADVP (AD 更))
                    (VP (VV 要)
                    (VP (VV 比)
                    (IP-OBJ-Q (NP-WH-SBJ (PN 谁))
                    (VP (ADVP (AD 最))
                    (VP (VV 会)
                    (VP (VV 妆点)
                    (NP-OBJ (PN 自己))))))))))) 
                </parse>
                <arg n="1">
                    现代 男人 
                </arg>
                <arg n="2">
                    谁 最 会 妆点 自己 
                </arg>
                <arg n="M" f="ADV">
                    更 
                </arg>
                <V/>
            </example>
        </frame>
    </frameset>
    <frameset id="f2">
        <role argnum="0" argrole="entity described"/>
        <role argnum="1" argrole="entity which is no match of arg0"/>
        <role argnum="2" argrole="perspective from which arg0 and arg1 are compared"/>
        <frame>
            <mapping>
                <V/>
                <mapitem src="npobj" trg="arg1"/>
                <mapitem src="other" trg="arg2"/>
            </mapping>
            <example>
                <parse>
                    (IP (NP-TPC (ADVP (AD 光是))
                    (NP (DNP (NP (NN 戏院))
                    (DEG 的))
                    (NP (NN 声光)
                    (NN 效果))))
                    (NP-SBJ (-NONE- *pro*))
                    (VP (ADVP (AD 就))
                    (VP (SB 被)
                    (VP (VRD (VV 比)
                    (VV 下去)))))) 
                </parse>
                <arg n="1">
                    *pro* 
                </arg>
                <arg n="2">
                    光是 戏院 的 声光 效果 
                </arg>
                <arg n="m" f="adv">
                    就 
                </arg>
                <V/>
            </example>
        </frame>
        <frame>
            <mapping>
                <V/>
                <mapitem src="sbj" trg="arg1"/>
                <mapitem src="npobj" trg="arg0"/>
            </mapping>
            <example>
                <parse>
                    (IP (ADVP (AD 而))
                    (IP-ADV (NP-SBJ (-NONE- *PRO*))
                    (VP (PP-MNR (P 以)
                    (NP (NT 一九九九年)))
                    (VP (VV 为例))))
                    (PU ，)
                    (IP-ADV (NP-SBJ (-NONE- *PRO*))
                    (VP (VV 包括)
                    (NP-OBJ (NN 政府)
                    (CC 和)
                    (NN 民间))))
                    (PU ，)
                    (NP-SBJ (DNP (NP (DP (DT 全))
                    (NP-PN (NR 台湾)))
                    (DEG 的))
                    (NP (NN 研发)
                    (NN 经费)))
                    (VP (IP-ADV (NP-SBJ (-NONE- *PRO*))
                    (VP (VRD (VV 加总)
                    (VV 起来))))
                    (PU ，)
                    (VP (VP (ADVP (AD 不))
                    (VP (VV 到)
                    (QP-OBJ (QP (CD 二千亿)
                    (CLP (M 台币)))
                    (PRN (PU （)
                    (QP (ADVP (AD 约))
                    (QP (CD 六十亿)
                    (CLP (M 美金))))
                    (PU ）)))))
                    (PU ，)
                    (VP (ADVP (AD 还))
                    (VP (VPT (VV 比)
                    (AD 不)
                    (VV 上))
                    (NP-OBJ (DNP (NP (NP-APP (NP-APP (NN 美商))
                    (NP-PN (NR IBM)))
                    (QP (CD 一)
                    (CLP (M 家)))
                    (NP (NN 企业)))
                    (DEG 的))
                    (NP (NN 研发)
                    (NN 经费)))))))) 
                </parse>
                <arg n="0">
                    美商 IBM 一 家 企业 的 研发 经费 
                </arg>
                <arg n="1">
                    全 台湾 的 研发 经费 
                </arg>
                <arg n="m" f="adv">
                    还 
                </arg>
                <arg n="m" f="adv">
                    *PRO* 加总 起来 
                </arg>
                <arg n="m" f="adv">
                    *PRO* 包括 政府 和 民间 
                </arg>
                <arg n="m" f="adv">
                    *PRO* 以 一九九九年 为例 
                </arg>
                <arg n="m" f="dis">
                    而 
                </arg>
                <V/>
            </example>
        </frame>
    </frameset>
</verb>
