<!DOCTYPE verb SYSTEM "verb.dtd">
<verb>
    <id> 比拟 </id>
    <frameset id="f1">
        <role argnum="0" argrole="theme"/>
        <frame>
            <mapping>
                <V/>
                <mapitem src="sbj" trg="arg0"/>
            </mapping>
            <example>
                <parse>
                    ( (IP (NP-PN-SBJ (NR 深圳))
                    (VP (ADVP (AD 还))
                    (VP (VE 有)
                    (IP-OBJ (NP-SBJ (ADJP (JJ 很多))
                    (ADJP (JJ 优越))
                    (NP (NN 条件)))
                    (VP (VC 是)
                    (CP-PRD (IP (NP-PN-SBJ (NR 香港))
                    (VP (ADVP (AD 无法))
                    (VP (VV 比拟))))
                    (SP 的))))))))
                </parse>
                <arg n="0"> 香港 </arg>
                <arg n="M" f="ADV"> 无法 </arg>
                <V/>
            </example>
        </frame>
    </frameset>
</verb>

