<!DOCTYPE verb SYSTEM "verb.dtd">
<verb>
    <id> 碧波荡漾 </id>
    <frameset id="f1">
        <role argnum="0" argrole="theme"/>
        <frame>
            <mapping>
                <V/>
                <mapitem src="sbj" trg="arg0"/>
            </mapping>
            <example>
                <parse>
                    ( (NP-OBJ (CP-APP (IP (NP-SBJ (-NONE- *PRO*))
                    (VP (VV 碧波荡漾)))
                    (DEC 的))
                    (NP (NN 美景))))
                </parse>
                <arg n="0"> *PRO* </arg>
                <V/>
            </example>
        </frame>
    </frameset>
</verb>

