<!DOCTYPE verb SYSTEM "verb.dtd">
<verb>
    <id> 毕业于 </id>
    <frameset id="f1">
        <role argnum="0" argrole="agent"/>
        <role argnum="1" argrole="school"/>
        <frame>
            <mapping>
                <V/>
                <mapitem src="sbj" trg="arg0"/>
                <mapitem src="npobj" trg="arg1"/>
            </mapping>
            <example>
                <parse>
                    ( (IP (NP-SBJ (-NONE- *pro*))
                    (VP (NP-TMP (NT 一九四七年))
                    (VP (VV 毕业于)
                    (NP-OBJ (NP-PN (NR 上海)
                    (NN 交通)
                    (NN 大学))
                    (NP (NN 电机系)))))
                    (PU 。)))
                </parse>
                <arg n="0"> *pro* </arg>
                <arg n="M" f="TMP"> 一九四七年 </arg>
                <V/>
                <arg n="1"> 上海 交通 大学 电机系 </arg>
            </example>
        </frame>
    </frameset>
</verb>

