<!DOCTYPE verb SYSTEM "verb.dtd">
<verb>
    <id> 笔挺 </id>
    <frameset id="f1">
        <role argnum="0" argrole="theme"/>
        <frame>
            <mapping>
                <V/>
                <mapitem src="sbj" trg="arg0"/>
            </mapping>
            <example>
                <parse>
                    ( (NP-OBJ (CP (WHNP-1 (-NONE- *OP*))
                    (CP (IP (NP-TPC (-NONE- *T*-1))
                    (NP-SBJ (NN 西服))
                    (VP (VA 笔挺)))
                    (DEC 的)))
                    (NP (PU “)
                    (NN 白领)
                    (PU ”))))
                </parse>
                <arg n="0" f="PSR"> (*T*-1)->(“白领”) </arg>
                <arg n="0" f="PSE"> 西服 </arg>
                <V/>
            </example>
        </frame>
    </frameset>
</verb>

