<!DOCTYPE verb SYSTEM "verb.dtd">
<verb>
    <id> 比邻 </id>
    <frameset id="f1">
        <role argnum="0" argrole="agent"/>
        <frame>
            <mapping>
                <V/>
                <mapitem src="sbj" trg="arg0"/>
            </mapping>
            <example>
                <parse>
                    ( (IP (NP-SBJ (NP (PN 我们))
                    (CC 与)
                    (NP (NN 海外)
                    (NN 朋友)))
                    (VP (ADVP (AD 仿佛))
                    (VP (VP (VV 比邻))
                    (VP (MSP 而)
                    (VP (VV 居)))))))
                </parse>
                <arg n="0"> 我们 与 海外 朋友 </arg>
                <arg n="M" f="ADV"> 仿佛 </arg>
                <V/>
            </example>
        </frame>
    </frameset>
</verb>

