<!DOCTYPE verb SYSTEM "verb.dtd">
<verb>
    <id> 辟建 </id>
    <frameset id="f1">
        <role argnum="0" argrole="agent"/>
        <role argnum="1" argrole="thing built"/>
        <frame>
            <mapping>
                <V/>
                <mapitem src="sbj" trg="arg0"/>
                <mapitem src="npobj" trg="arg1"/>
            </mapping>
            <example>
                <parse>
                    ( (IP (NP-PN-SBJ (NP-PN (NR 中华)
                    (NN 商城))
                    (ADJP (JJ 有限))
                    (NP (NN 公司)))
                    (VP (VP (VV 辟建)
                    (NP-PN-OBJ (PU “)
                    (NR 中华)
                    (NN 商城)
                    (PU ”)))
                    (PU ，)
                    (VP (VV 建成)
                    (NP-OBJ (NP-PN (NR 浙江))
                    (NP (ADJP (JJ 名优))
                    (NP (NN 产品)))
                    (NP (NN 专业)
                    (NN 市场)))))
                    (PU 。)))
                </parse>
                <arg n="0"> 中华 商城 有限 公司 </arg>
                <V/>
                <arg n="1"> “ 中华 商城 ” </arg>
            </example>
        </frame>
    </frameset>
</verb>

