<!DOCTYPE verb SYSTEM "verb.dtd">
<verb>
    <id> 闭幕 </id>
    <frameset id="f1">
        <role argnum="0" argrole="meeting"/>
        <frame>
            <mapping>
                <V/>
                <mapitem src="sbj" trg="arg0"/>
            </mapping>
            <example>
                <parse>
                    ( (IP-HLN (NP-SBJ (QP (OD 第九)
                    (CLP (M 届)))
                    (NP-PN (NR 中国)
                    (NN 外资)
                    (NN 企业)
                    (NN 出口)
                    (NN 商品)
                    (NN 交易会)))
                    (VP (VV 闭幕))))
                </parse>
                <arg n="0"> 第九 届 中国 外资 企业 出口 商品 交易会 </arg>
                <V/>
            </example>
        </frame>
    </frameset>
</verb>

