<!DOCTYPE verb SYSTEM "verb.dtd">
<verb>
    <id> 闭会 </id>
    <frameset id="f1">
        <role argnum="0" argrole="meeting"/>
        <frame>
            <mapping>
                <V/>
                <mapitem src="sbj" trg="arg0"/>
            </mapping>
            <example>
                <parse>
                    ( (IP-HLN (NP-SBJ (NP (QP (OD 九)
                    (CLP (M 届)))
                    (NP-PN (NP (DP (DT 全))
                    (NP (NN 国)))
                    (NP (NN 人大)))
                    (NP (NN 常委会)))
                    (QP (OD 第六)
                    (CLP (M 次)))
                    (NP (NN 会议)))
                    (VP (VV 闭会))))
                </parse>
                <arg n="0"> 九 届 全国 人大 常委会 第六 次 会议 </arg>
                <V/>
            </example>
        </frame>
    </frameset>
</verb>

