<!DOCTYPE verb SYSTEM "verb.dtd">
<verb>
    <id> 必要 </id>
    <frameset id="f1">
        <role argnum="0" argrole="what is necessary"/>
        <frame>
            <mapping>
                <V/>
                <mapitem src="sbj" trg="arg0"/>
            </mapping>
            <example>
                <parse>
                    ( (NP-OBJ (CP (WHNP-1 (-NONE- *OP*))
                    (CP (IP (NP-SBJ (-NONE- *T*-1))
                    (VP (VA 必要))
                    (DEC 的))))
                    (NP (NN 欧元)
                    (NN 储备))))
                </parse>
                <arg n="0"> (*T*-1)->(欧元储备) </arg>
                <V/>
            </example>
        </frame>
    </frameset>
</verb>

