<!DOCTYPE verb SYSTEM "verb.dtd">
<verb>
    <id> 必需 </id>
    <frameset id="f1">
        <role argnum="0" argrole="entity in need"/>
        <role argnum="1" argrole="thing needed"/>
        <frame>
            <mapping>
                <V/>
                <mapitem src="sbj" trg="arg0"/>
                <mapitem src="npobj" trg="arg1"/>
            </mapping>
            <example>
                <parse>
                    ( (NP-OBJ (CP (WHNP-2 (-NONE- *OP*))
                    (CP (IP (NP-SBJ (NN 生存)
                    (CC 和)
                    (NN 发展))
                    (VP (MSP 所)
                    (VP (VV 必需)
                    (NP-OBJ (-NONE- *T*-2)))))
                    (DEC 的)))
                    (ADJP (JJ 巨额))
                    (NP (NN 收入))))
                </parse>
                <arg n="0"> 生存 和 发展 </arg>
                <V/>
                <arg n="1"> (*T*-2)->(巨额收入) </arg>
            </example>
        </frame>
    </frameset>
</verb>

