<!DOCTYPE verb SYSTEM "verb.dtd">
<verb>
    <id> 贬破 </id>
    <frameset id="f1">
        <role argnum="0" argrole="theme"/>
        <role argnum="1" argrole="threshold"/>
        <frame>
            <mapping>
                <V/>
                <mapitem src="sbj" trg="arg0"/>
                <mapitem src="npobj" trg="arg1"/>
            </mapping>
            <example>
                <parse>
                    ( (IP (NP-SBJ (DP (DT 这)
                    (CLP (M 个)))
                    (NP (NN 数字)))
                    (VP (PP-TMP (P 在)
                    (NP (NT 今年)
                    (NT 二月)
                    (NT 中旬)))
                    (ADVP (AD 已))
                    (VP (VV 贬破)
                    (QP-OBJ (CD 九千))))))
                </parse>
                <arg n="0"> 这 个 数字 </arg>
                <arg n="M" f="TMP"> 在 今年 二月 中旬 </arg>
                <arg n="M" f="ADV"> 已 </arg>
                <V/>
                <arg n="1"> 九千 </arg>
            </example>
        </frame>
    </frameset>
</verb>

