<!DOCTYPE verb SYSTEM "verb.dtd">
<verb>
    <id> 编制 </id>
    <frameset id="f1">
        <role argnum="0" argrole="agent"/>
        <role argnum="1" argrole="theme"/>
        <frame>
            <mapping>
                <V/>
                <mapitem src="sbj" trg="arg0"/>
                <mapitem src="npobj" trg="arg1"/>
            </mapping>
            <example>
                <parse>
                    (IP (NP-PN-SBJ (NR 陕西省))
                    (VP (VSB (VV 组织)
                    (VV 编制))
                    (NP-OBJ (NP (NP (DP (DT 全))
                    (NP (NN 省)))
                    (NP (NN 旅游)
                    (NN 发展)))
                    (ADJP (JJ 总体))
                    (NP (NN 规划))))) 
                </parse>
                <arg n="0">
                    陕西省 	  
                </arg>
                <V/>
                <arg n="1">
                    全 省 旅游 发展 总体 规划 	  
                </arg>
            </example>
        </frame>
    </frameset>
    <frameset id="f2" cdef="编制 出">
        <role argnum="0" argrole="agent"/>
        <role argnum="1" argrole="theme"/>
        <frame>
            <mapping>
                <V/>
                <mapitem src="sbj" trg="arg0"/>
                <mapitem src="npobj" trg="arg1"/>
            </mapping>
            <example>
                <parse>
                    ( (IP (PP-MNR (P 据)
                    (NP (NN 介绍)))
                    (PU ，)
                    (NP-SBJ (DNP (NP (DP (DT 这)
                    (CLP (M 家)))
                    (NP (NN 公司)))
                    (DEG 的))
                    (ADJP (JJ 反电脑病毒))
                    (NP (NN 专家们)))
                    (VP (ADVP (AD 已))
                    (VP (VRD (VV 编制)
                    (VV 出))
                    (NP-OBJ (CP (WHNP-2 (-NONE- *OP*))
                    (CP (IP (NP-SBJ (-NONE- *T*-2))
                    (VP (VV 可)
                    (VP (VP (VV 检测)
                    (NP-OBJ (-NONE- *RNR*-1)))
                    (CC 和)
                    (VP (VV 清除)
                    (NP-OBJ-1 (PU “)
                    (ADJP (JJ 远程))
                    (NP (NN 探险者))
                    (PU ”))))))
                    (DEC 的)))
                    (NP (NN 程序)))))
                    (PU 。))) 
                </parse>
                <arg n="M" f="ADV">
                    据 介绍 	  
                </arg>
                <arg n="0">
                    这 家 公司 的 反电脑病毒 专家们 	  
                </arg>
                <arg n="M" f="ADV">
                    已 	  
                </arg>
                <V/>
                <arg n="1">
                    *OP* (*T*-2)->(程序) 可检测 (*RNR*-1)->(“远程探险者”) 和 清除 “ 远程 探险者 ” 的 程序 	  
                </arg>
            </example>
        </frame>
    </frameset>
</verb>
