<!DOCTYPE verb SYSTEM "verb.dtd">
<verb>
    <id> 便捷 </id>
    <frameset id="f1">
        <role argnum="0" argrole="theme"/>
        <frame>
            <mapping>
                <V/>
                <mapitem src="sbj" trg="arg0"/>
            </mapping>
            <example>
                <parse>
                    ( (IP (NP-SBJ (NN 交通)
                    (PU 、)
                    (NN 通讯))
                    (VP (VA 便捷))))
                </parse>
                <arg n="0"> 交通 、 通讯 </arg>
                <V/>
            </example>
        </frame>
    </frameset>
</verb>

