<!DOCTYPE verb SYSTEM "verb.dtd">
<verb>
    <id> 便利 </id>
    <frameset id="f1">
        <role argnum="0" argrole="theme"/>
        <frame>
            <mapping>
                <V/>
                <mapitem src="sbj" trg="arg0"/>
            </mapping>
            <example>
                <parse>
                    ( (IP (NP-PN-TPC (NR 武汉))
                    (NP-SBJ (NP (NN 水)
                    (NN 陆))
                    (NP (NN 交通)))
                    (VP (VA 便利)))) 
                    
                </parse>
                <arg n="0" f="PSR">
                    武汉 
                </arg>
                <arg n="0" f="PSE">
                    水 陆 交通 
                </arg>
                <V/>
            </example>
        </frame>
    </frameset>
    <frameset id="f2">
        <role argnum="0" argrole="agent"/>
        <role argnum="1" argrole="thing that arg0 make convenient"/>
        <frame>
            <mapping>
                <V/>
                <mapitem src="sbj" trg="arg0"/>
                <mapitem src="npobj" trg="arg1"/>
            </mapping>
            <example>
                <parse>
                    (IP (NP-SBJ (-NONE- *pro*))
                    (VP (VV 便利)
                    (IP-OBJ (NP-SBJ (NN 民众))
                    (VP (VV 大扫除)))))) 
                    
                </parse>
                <arg n="0">
                    *pro*        
                </arg>
                <arg n="1">
                    民众 大扫除        
                </arg>
                <V/>
            </example>
        </frame>
    </frameset>
</verb>
