<!DOCTYPE verb SYSTEM "verb.dtd">
<verb>
    <id> 变差 </id>
    <frameset id="f1">
        <role argnum="0" argrole="theme"/>
        <frame>
            <mapping>
                <V/>
                <mapitem src="sbj" trg="arg0"/>
            </mapping>
            <example>
                <parse>
                    ( (IP (NP-SBJ (NP (PN 其))
                    (NP (NN 振荡)
                    (NN 效果)))
                    (VP (VV 没有)
                    (VP (VV 变差)))))
                </parse>
                <arg n="0"> 其 振荡 效果 </arg>
                <V/>
            </example>
        </frame>
    </frameset>
</verb>

