<!DOCTYPE verb SYSTEM "verb.dtd">
<verb>
    <id> 变得 </id>
    <frameset id="f1">
        <role argnum="0" argrole="entity undergoing change"/>
        <role argnum="1" argrole="new state"/>
        <frame>
            <mapping>
                <V/>
                <mapitem src="sbj" trg="arg0"/>
            </mapping>
            <example>
                <parse>
                    ( (IP (ADVP (AD 同时))
                    (PU ，)
                    (NP-SBJ (CP (WHNP-1 (-NONE- *OP*))
                    (CP (IP (NP-SBJ (-NONE- *T*-1))
                    (VP (PP-LOC (P 在)
                    (LCP (IP (NP-SBJ (-NONE- *pro*))
                    (VP (PP (P 与)
                    (NP-PN (NR ＣＩＰＭ)))
                    (VP (VV 合作))))
                    (LC 中)))
                    (ADVP (AD 逐渐))
                    (VP (VV 成长))))
                    (DEC 的)))
                    (NP (NN 中方)
                    (NN 管理)
                    (NN 人员)))
                    (PU ，)
                    (VP (ADVP (AD 也))
                    (VP (VV 变得)
                    (VP (VV 善于)
                    (IP-OBJ (NP-SBJ (-NONE- *PRO*))
                    (VP (PU “)
                    (PP-MNR (P 以)
                    (NP-PN (NR 中)))
                    (VP (VV 对)
                    (NP-OBJ (NN 洋)))
                    (PU ”))))))
                    (PU 。)))
                </parse>
                <arg n="M" f="ADV"> 同时 </arg>
                <arg n="0"> *OP* (*T*-1)->(中方管理人员) 在 *pro* 与 ＣＩＰＭ 合作 中 逐渐 成长 的 中方 管理 人员 </arg>
                <arg n="M" f="ADV"> 也 </arg>
                <V/>
                <arg n="1"> 善于 *PRO* “ 以 中 对 洋 ” </arg>
            </example>
        </frame>
    </frameset>
</verb>

