<!DOCTYPE verb SYSTEM "verb.dtd">
<verb>
    <id> 便 </id>
    <frameset id="f1">
        <role argnum="0" argrole="theme"/>
        <frame>
            <mapping>
                <V/>
                <mapitem src="sbj" trg="arg0"/>
            </mapping>
            <example>
                <parse>
                    ( (IP (IP (NP-SBJ (-NONE- *pro*))
                    (VP (VV 采取)
                    (NP-OBJ (NN 交货)
                    (NN 付款)
                    (NN 方式))))
                    (PU ，)
                    (IP (PP-MNR (P 用)
                    (NP (NN 现金)
                    (CC 还是)
                    (NN 信用卡)))
                    (QP-SBJ (CD 两))
                    (VP (VA 便)))
                    (PU 。))) 
                </parse>
                <arg n="M" f="MNR">
                    用 现金 还是 信用卡 
                </arg>
                <arg n="0">
                    两 
                </arg>
                <V/>
            </example>
        </frame>
    </frameset>
</verb>
