<!DOCTYPE verb SYSTEM "verb.dtd">
<verb>
    <id> 变幻 </id>
    <frameset id="f1">
        <role argnum="0" argrole="entity undergoing change"/>
        <frame>
            <mapping>
                <V/>
                <mapitem src="sbj" trg="arg0"/>
            </mapping>
            <example>
                <parse>
                    ( (IP (NP-SBJ (NN 风云))
                    (VP (VV 变幻))))
                </parse>
                <arg n="0"> 风云 </arg>
                <V/>
            </example>
        </frame>
    </frameset>
</verb>

