<!DOCTYPE verb SYSTEM "verb.dtd">
<verb>
    <id> 变强 </id>
    <frameset id="f1">
        <role argnum="0" argrole="causer"/>
        <role argnum="1" argrole="entity strengthened"/>
        <frame>
            <mapping>
                <V/>
                <mapitem src="sbj" trg="arg1"/>
            </mapping>
            <example>
                <parse>
                    ( (IP (NP-SBJ (NP-PN (NR 东南亚))
                    (NP (NN 外销)
                    (NN 竞争力)))
                    (VP (VV 变强))))
                </parse>
                <arg n="1"> 东南亚 外销 竞争力 </arg>
                <V/>
            </example>
        </frame>
    </frameset>
</verb>

