<!DOCTYPE verb SYSTEM "verb.dtd">
<verb>
    <id> 变革 </id>
    <frameset id="f1">
        <role argnum="0" argrole="causer"/>
        <role argnum="1" argrole="entity undergoing change"/>
        <frame>
            <mapping>
                <V/>
                <mapitem src="sbj" trg="arg0"/>
                <mapitem src="npobj" trg="arg1"/>
            </mapping>
            <example>
                <parse>
                    ( (IP-APP (NP-SBJ (-NONE- *PRO*))
                    (VP (VP (VV 拓展)
                    (NP-OBJ (-NONE- *RNR*-1)))
                    (CC 与)
                    (VP (VV 变革)
                    (NP-OBJ-1 (DNP (ADJP (JJ 传统))
                    (DEG 的))
                    (NP (NN 物理)
                    (NN 研究)))))))
                </parse>
                <arg n="0"> *PRO* </arg>
                <V/>
                <arg n="1"> 传统 的 物理 研究 </arg>
            </example>
        </frame>
    </frameset>
</verb>

