<!DOCTYPE verb SYSTEM "verb.dtd">
<verb>
    <id> 变化 </id>
    <frameset id="f1">
        <role argnum="0" argrole="entity undergoing change"/>
        <frame>
            <mapping>
                <V/>
                <mapitem src="sbj" trg="arg0"/>
            </mapping>
            <example>
                <parse>
                    ( (IP (IP-SBJ (NP-SBJ (NN 城乡)
                    (NN 面貌))
                    (VP (VV 变化)))
                    (VP (PP-TMP (-NONE- *T*-3))
                    (ADVP (AD 最))
                    (VP (VA 明显))))) 
                </parse>
                <arg n="0">
                    城乡 面貌 
                </arg>
                <V/>
            </example>
        </frame>
    </frameset>
    <frameset id="f2">
        <role argnum="0" argrole="agent/cause"/>
        <role argnum="1" argrole="entity arg0 changes"/>
        <frame>
            <mapping>
                <V/>
                <mapitem src="sbj" trg="arg0"/>
                <mapitem src="npobj" trg="arg1"/>
            </mapping>
            <example>
                <parse>
                    (IP (PP-LOC (P 在)
                    (LCP (NP (DNP (NP-PN (NR 刘欣怡))
                    (DEG 的))
                    (NP (NN 课)))
                    (LC 上)))
                    (PU ，)
                    (NP-SBJ (DNP (NP-PN (NR 大直)
                    (NN 高中))
                    (DEG 的))
                    (NP (NN 同学)))
                    (VP (VP (VV 玩起)
                    (NP-OBJ (DNP (NP (ADJP (JJ 超级))
                    (NP (NN 变)
                    (NN 变)
                    (NN 变)))
                    (DEG 的))
                    (NP (NN 游戏))))
                    (PU ，)
                    (VP (IP-ADV (NP-SBJ (QP (QP (CD 七)
                    (CLP (-NONE- *RNR*-1))
                    (PU 、))
                    (QP (CD 八)
                    (CLP-1 (M 位))))
                    (NP (NN 同学)))
                    (VP (QP-PRD (CD 一)
                    (CLP (M 组)))))
                    (PU ，)
                    (VP (VP (PP-MNR (P 以)
                    (NP (DNP (NP (PN 自己))
                    (DEG 的))
                    (NP (NN 身体))))
                    (VP (VRD (VCD (VV 变化)
                    (VV 组合))
                    (VV 出))
                    (NP-OBJ (CP (WHNP-2 (-NONE- *OP*))
                    (CP (IP (NP-SBJ (-NONE- *T*-2))
                    (VP (VA 不同)))
                    (DEC 的)))
                    (NP (NN 图案)))))
                    (VP (VV 让)
                    (NP-OBJ (DP (DT 其他))
                    (NP (NN 同学)))
                    (IP (NP-SBJ (-NONE- *PRO*))
                    (VP (VV 猜)))))))) 
                </parse>
                <arg n="0">
                    大直 高中 的 同学 
                </arg>
                <arg n="1">
                    *OP* *T*-2 不同 的 图案 
                </arg>
                <arg n="m" f="mnr">
                    以 自己 的 身体 
                </arg>
                <arg n="m" f="adv">
                    七 *RNR*-1 、 八 位 同学 一 组 
                </arg>
                <arg n="m" f="loc">
                    在 刘欣怡 的 课 上 
                </arg>
                <V/>
            </example>
        </frame>
    </frameset>
</verb>
