<!DOCTYPE verb SYSTEM "verb.dtd">
<verb>
    <id> 变迁 </id>
    <frameset id="f1">
        <role argnum="0" argrole="entity undergoing evolution"/>
        <frame>
            <mapping>
                <V/>
                <mapitem src="sbj" trg="arg0"/>
            </mapping>
            <example>
                <parse>
                    ( (IP (NP-SBJ (NN 地壳))
                    (VP (VV 变迁))))
                </parse>
                <arg n="0"> 地壳 </arg>
                <V/>
            </example>
        </frame>
    </frameset>
</verb>

