<!DOCTYPE verb SYSTEM "verb.dtd">
<verb>
    <id> 变动 </id>
    <frameset id="f1">
        <role argnum="0" argrole="causer"/>
        <role argnum="1" argrole="entity undergoing change"/>
        <frame>
            <mapping>
                <V/>
                <mapitem src="sbj" trg="arg1"/>
            </mapping>
            <example>
                <parse>
                    ( (IP (NP-SBJ (NN 工作))
                    (VP (ADVP (AD 是否))
                    (VP (VV 变动)))))
                </parse>
                <arg n="1"> 工作 </arg>
                <arg n="M" f="ADV"> 是否 </arg>
                <V/>
            </example>
        </frame>
    </frameset>
</verb>

