<!DOCTYPE verb SYSTEM "verb.dtd">
<verb>
    <id> 变慢 </id>
    <frameset id="f1">
        <role argnum="0" argrole="entity undergoing change"/>
        <frame>
            <mapping>
                <V/>
                <mapitem src="sbj" trg="arg0"/>
            </mapping>
            <example>
                <parse>
                    ( (IP-SBJ (NP (NN 地球)
                    (NN 自转)
                    (NN 速度))
                    (VP (VV 变慢))))
                </parse>
                <arg n="0"> 地球 自转 速度 </arg>
                <V/>
            </example>
        </frame>
    </frameset>
</verb>

