<!DOCTYPE verb SYSTEM "verb.dtd">
<verb>
    <id> 辩护 </id>
    <frameset id="f1">
        <role argnum="0" argrole="defender, lawyer"/>
        <role argnum="1" argrole="defendant"/>
        <frame>
            <mapping>
                <V/>
                <mapitem src="sbj" trg="arg0"/>
            </mapping>
            <example>
                <parse>
                    ( (IP (NP-SBJ (NN 被告))
                    (VP (VV 辩护))))
                </parse>
                <arg n="0"> 被告 </arg>
                <V/>
            </example>
        </frame>
    </frameset>
</verb>

