<!DOCTYPE verb SYSTEM "verb.dtd">
<verb>
    <id> 变样 </id>
    <frameset id="f1">
        <role argnum="0" argrole="entity undergoing change"/>
        <frame>
            <mapping>
                <V/>
                <mapitem src="sbj" trg="arg0"/>
            </mapping>
            <example>
                <parse>
                    (IP (PP-MNR (P 经过)
                    (NP (QP (CD 几)
                    (CLP (M 年)))
                    (ADJP (JJ 艰苦))
                    (NP (NN 奋斗))))
                    (PU ，)
                    (NP-SBJ (PN 这儿))
                    (VP (VV 变样)
                    (AS 了))) 
                </parse>
                <arg n="M" f="MNR">
                    经过 几 年 艰苦 奋斗 
                </arg>
                <arg n="0">
                    这儿 
                </arg>
                <V/>
            </example>
        </frame>
    </frameset>
</verb>
