<!DOCTYPE verb SYSTEM "verb.dtd">
<verb>
    <id> 变现 </id>
    <frameset id="f1">
        <role argnum="0" argrole="causer"/>
        <role argnum="1" argrole="thing that get cashed"/>
        <frame>
            <mapping>
                <V/>
                <mapitem src="sbj" trg="arg1"/>
            </mapping>
            <example>
                <parse>
                    ( (IP (NP-SBJ (NN 资产))
                    (VP (VV 变现))))
                </parse>
                <arg n="1"> 资产 </arg>
                <V/>
            </example>
        </frame>
    </frameset>
</verb>

