<!DOCTYPE verb SYSTEM "verb.dtd">
<verb>
    <id> 变窄 </id>
    <frameset id="f1">
        <role argnum="0" argrole="entity undergoing change"/>
        <frame>
            <mapping>
                <V/>
                <mapitem src="sbj" trg="arg0"/>
            </mapping>
            <example>
                <parse>
                    ( (IP (ADVP (AD 原来))
                    (NP-SBJ (NN 马路))
                    (VP (ADVP (AD 已经))
                    (VP (VV 变窄)
                    (AS 了)))))
                </parse>
                <arg n="0"> 马路 </arg>
                <arg n="M" f="ADV"> 已经 </arg>
                <V/>
            </example>
        </frame>
    </frameset>
</verb>

