<!DOCTYPE verb SYSTEM "verb.dtd">
<verb>
    <id> 遍布 </id>
    <frameset id="f1">
        <role argnum="0" argrole="theme"/>
        <role argnum="1" argrole="location"/>
        <frame>
            <mapping>
                <V/>
                <mapitem src="sbj" trg="arg0"/>
                <mapitem src="npobj" trg="arg1"/>
            </mapping>
            <example>
                <parse>
                    ( (IP (NP-SBJ (NN 分公司))
                    (VP (VV 遍布)
                    (NP-OBJ (NP (NN 世界))
                    (DP (DT 各))
                    (NP (NN 地))))))
                </parse>
                <arg n="0"> 分公司 </arg>
                <V/>
                <arg n="1"> 世界 各 地 </arg>
            </example>
        </frame>
        <frame>
            <mapping>
                <V/>
                <mapitem src="sbj" trg="arg0"/>
            </mapping>
            <example>
                <parse>
                    ( (IP-OBJ (NP-SBJ (NP (QP (CD 数百)
                    (CLP (M 家)))
                    (NP (NN 建筑)
                    (NN 公司)))
                    (PU 、)
                    (NP (QP (CD 四千余)
                    (CLP (M 个)))
                    (NP (NN 建筑)
                    (NN 工地))))
                    (VP (VV 遍布)
                    (PP-LOC (P 在)
                    (LCP (NP (DP (DT 这)
                    (CLP (M 片)))
                    (NP (NN 热土)))
                    (LC 上))))))
                </parse>
                <arg n="0"> 数百 家 建筑 公司 、 四千余 个 建筑 工地 </arg>
                <V/>
                <arg n="1"> 在 这 片 热土 上 </arg>
            </example>
        </frame>
    </frameset>
</verb>

