<!DOCTYPE verb SYSTEM "verb.dtd">
<verb>
    <id> 表露无遗 </id>
    <frameset id="f1">
        <role argnum="0" argrole="thing exposed"/>
        <frame>
            <mapping>
                <V/>
                <mapitem src="sbj" trg="arg0"/>
            </mapping>
            <example>
                <parse>
                    ( (IP (PP-TMP (P 在)
                    (NP (DP (DT 这)
                    (CLP (M 个)))
                    (NP (NN 历史)
                    (NN 时刻))))
                    (NP-SBJ (DP (DT 那)
                    (CLP (M 份)))
                    (NP (NN 喜悦)
                    (CC 和)
                    (NN 自豪)))
                    (PU ，)
                    (VP (PP-LOC (P 在)
                    (LCP (NP (NN 乐章)
                    (CC 和)
                    (NN 曲)
                    (NN 词))
                    (LC 中)))
                    (VP (VV 表露无遗)))))
                </parse>
                <arg n="M" f="TMP"> 在 这 个 历史 时刻 </arg>
                <arg n="0"> 那 份 喜悦 和 自豪 </arg>
                <arg n="M" f="LOC"> 在 乐章 和 曲 词 中 </arg>
                <V/>
            </example>
        </frame>
    </frameset>
</verb>

