<!DOCTYPE verb SYSTEM "verb.dtd">
<verb>
    <id> 表决 </id>
    <frameset id="f1">
        <role argnum="0" argrole="voter"/>
        <role argnum="1" argrole="thing voted"/>
        <frame>
            <mapping>
                <V/>
                <mapitem src="sbj" trg="arg0"/>
            </mapping>
            <example>
                <parse>
                    ( (IP (NP-SBJ (-NONE- *pro*))
                    (VP (VV 让)
                    (NP-OBJ (DP (DT 全体))
                    (NP (NN 球员)))
                    (IP (NP-SBJ (-NONE- *PRO*))
                    (VP (VSB (VV 投票)
                    (VV 表决))))))) 
                </parse>
                <arg n="0">
                    *PRO* 
                </arg>
                <V/>
            </example>
        </frame>
    </frameset>
</verb>
