<!DOCTYPE verb SYSTEM "verb.dtd">
<verb>
    <id> 彪炳 </id>
    <frameset id="f1">
        <role argnum="0" argrole="theme"/>
        <role argnum="1" argrole="location"/>
        <frame>
            <mapping>
                <V/>
                <mapitem src="sbj" trg="arg0"/>
                <mapitem src="npobj" trg="arg1"/>
            </mapping>
            <example>
                <parse>
                    ( (IP (NP-SBJ (NP-PN (NR 张学良))
                    (DP (DT 这)
                    (QP (CD 一)))
                    (ADJP (JJ 爱国))
                    (NP (NN 举动)))
                    (VP (ADVP (AD 将))
                    (ADVP (AD 永远))
                    (VP (VV 彪炳)
                    (NP-OBJ (NN 史册))))))
                </parse>
                <arg n="0"> 张学良 这 一 爱国 举动 </arg>
                <arg n="M" f="ADV"> 将 </arg>
                <arg n="M" f="ADV"> 永远 </arg>
                <V/>
                <arg n="1"> 史册 </arg>
            </example>
        </frame>
    </frameset>
</verb>

