<!DOCTYPE verb SYSTEM "verb.dtd">
<verb>
    <id> 别开生面 </id>
    <frameset id="f1">
        <role argnum="0" argrole="thing described"/>
        <frame>
            <mapping>
                <V/>
                <mapitem src="sbj" trg="arg0"/>
            </mapping>
            <example>
                <parse>
                    ( (NP-OBJ (QP (CD 一)
                    (CLP (M 场)))
                    (CP (WHNP-2 (-NONE- *OP*))
                    (CP (IP (NP-SBJ (-NONE- *T*-2))
                    (VP (VV 别开生面)))
                    (DEC 的)))
                    (IP-APP (NP-SBJ (NN 化妆)
                    (NN 鸵鸟))
                    (VP (VV 迎)
                    (NP-OBJ (NN 宾))))
                    (NP (NN 表演))))
                </parse>
                <arg n="0"> (*T*-2)->(化妆鸵鸟迎表演) </arg>
                <V/>
            </example>
        </frame>
    </frameset>
</verb>

