<!DOCTYPE verb SYSTEM "verb.dtd">
<verb>
    <id> 表面 </id>
    <frameset id="f1">
        <role argnum="0" argrole="theme"/>
        <frame>
            <mapping>
                <V/>
                <mapitem src="sbj" trg="arg0"/>
            </mapping>
            <example>
                <parse>
                    ( (IP (ADVP (AD 然而))
                    (NP-SBJ (NN 平静))
                    (VP (ADVP (AD 只))
                    (VP (VC 是)
                    (NP-PRD (CP (WHNP-1 (-NONE- *OP*))
                    (CP (IP (NP-SBJ (-NONE- *T*-1))
                    (VP (VA 表面)))
                    (DEC 的))))))))
                </parse>
                <arg n="0"> *T*-1 </arg>
                <V/>
            </example>
        </frame>
    </frameset>
</verb>

