<!DOCTYPE verb SYSTEM "verb.dtd">
<verb>
    <id> 别 </id>
    <frameset id="f1">
        <role argnum="0" argrole="person saying good-bye"/>
        <role argnum="1" argrole="good-bye to"/>
        <frame>
            <mapping>
                <V/>
                <mapitem src="sbj" trg="arg1"/>
            </mapping>
            <example>
                <parse>
                    ( (IP (NP-SBJ (DNP (QP (CD 百)
                    (CLP (M 年)))
                    (DEG 的))
                    (NP (NN 岁月)))
                    (PU ，)
                    (VP (VSB (VCD (VV 抬头)
                    (VV 挥手))
                    (VV 别)))))
                </parse>
                <arg n="0"> 百 年 的 岁月 </arg>
                <V/>
            </example>
        </frame>
    </frameset>
</verb>

