<!DOCTYPE verb SYSTEM "verb.dtd">
<verb>
    <id> 别具一格 </id>
    <frameset id="f1">
        <role argnum="0" argrole="thing described"/>
        <frame>
            <mapping>
                <V/>
                <mapitem src="sbj" trg="arg1"/>
            </mapping>
            <example>
                <parse>
                    ( (IP (NP-SBJ (-NONE- *pro*))
                    (VP (PU “)
                    (VP (PP (P 以)
                    (NP (PN 我)))
                    (VP (VV 为主)))
                    (PU 、)
                    (VP (ADVP (AD 博))
                    (VP (VV 采)
                    (NP-OBJ (NN 众)
                    (NN 长))))
                    (PU 、)
                    (VP (VV 别具一格))
                    (PU 、)
                    (VP (ADVP (AD 自))
                    (VP (VV 成)
                    (NP-OBJ (NN 体系))))
                    (PU ”))))
                </parse>
                <arg n="0"> *pro* </arg>
                <V/>
            </example>
        </frame>
    </frameset>
</verb>

