<!DOCTYPE verb SYSTEM "verb.dtd">
<verb>
    <id> 表示 </id>
    <frameset id="f1">
        <role argnum="0" argrole="agent"/>
        <role argnum="1" argrole="message expressed"/>
        <role argnum="2" argrole="party receiving the message"/>
        <role argnum="3" argrole="topic of message"/>
        <frame>
            <mapping>
                <V/>
                <mapitem src="sbj" trg="arg0"/>
                <mapitem src="npobj" trg="arg1"/>
                <mapitem src="dir" trg="arg3"/>
            </mapping>
            <example>
                <parse>
                    ( (IP (NP-SBJ (NP-APP (NP-PN (NR 香港)
                    (NN 特区))
                    (NP (NN 行政)
                    (NN 长官)))
                    (NP-PN (NR 董建华)))
                    (VP (NP-TMP (NT 今天))
                    (PP-DIR (P 对)
                    (NP (CP (WHNP-1 (-NONE- *OP*))
                    (CP (IP (NP-PN-SBJ (NR 美国)
                    (NN 传统)
                    (NN 基金会))
                    (VP (VV 发表)
                    (NP-OBJ (-NONE- *T*-1))))
                    (DEC 的)))
                    (NP-TTL-PN (PU 《)
                    (NT 一九九八年)
                    (NN 经济)
                    (NN 自由)
                    (NN 指数)
                    (NN 报告)
                    (PU 》))))
                    (VP (VV 表示)
                    (NP-OBJ (NN 欢迎)))))) 
                </parse>
                <arg n="0">
                    香港 特区 行政 长官 董建华 
                </arg>
                <arg n="M" f="TMP">
                    今天 
                </arg>
                <arg n="3">
                    对 *OP* 美国 传统 基金会 发表 (*T*-1)->(《一九九八年经济自由指数报告》) 的 《 一九九八年 经济 自由 指数 报告 》 
                </arg>
                <V/>
                <arg n="1">
                    欢迎 
                </arg>
            </example>
        </frame>
        <frame>
            <mapping>
                <V/>
                <mapitem src="sbj" trg="arg0"/>
                <mapitem src="npobj" trg="arg1"/>
                <mapitem src="dir" trg="arg2"/>
            </mapping>
            <example>
                <parse>
                    ( (IP (NP-SBJ (NP-PN (NR 拉美)
                    (NN 一体化)
                    (NN 协会))
                    (NP (ADJP (JJ 常设))
                    (NP (NN 政治)
                    (NN 机构)))
                    (NP (PU “)
                    (NN 代表)
                    (NN 委员会)
                    (PU ”)))
                    (VP (PP-DIR (P 对)
                    (NP (NP-APP (NP (NP-PN (NR 中国))
                    (NP (CP (WHNP-1 (-NONE- *OP*))
                    (IP (NP-SBJ (-NONE- *T*-1))
                    (VP (ADVP (AD 常))
                    (VP (VV 驻)
                    (NP-OBJ (DP (DT 该))
                    (NP (NN 协会)))))))
                    (NP (NN 观察员))))
                    (PU 、)
                    (NP (NP-PN (NR 中国))
                    (CP (WHNP-2 (-NONE- *OP*))
                    (IP (NP-SBJ (-NONE- *T*-2))
                    (VP (VV 驻)
                    (NP-PN-OBJ (NR 乌拉圭)))))
                    (NP (NN 大使))))
                    (NP-PN (NR 谢汝茂))))
                    (VP (VV 表示)
                    (NP-OBJ (NN 欢迎))))
                    (PU 。))) 
                </parse>
                <arg n="0">
                    拉美 一体化 协会 常设 政治 机构 “ 代表 委员会 ” 
                </arg>
                <arg n="2">
                    对 中国 *OP* (*T*-1)->(观察员) 常 驻 该 协会 观察员 、 中国 *OP* (*T*-2)->(大使) 驻 乌拉圭 大使 谢汝茂 
                </arg>
                <V/>
                <arg n="1">
                    欢迎 
                </arg>
            </example>
        </frame>
        <frame>
            <mapping>
                <V/>
                <mapitem src="sbj" trg="arg0"/>
                <mapitem src="ipobj" trg="arg1"/>
                <mapitem src="dir" trg="arg2"/>
            </mapping>
            <example>
                <parse>
                    ( (IP (NP-SBJ (NP-APP (NN 电力)
                    (NN 工业部)
                    (NN 国际)
                    (NN 合作司)
                    (NN 司长))
                    (NP-PN (NR 谭艾幸)))
                    (VP (NP-TMP (NT 今天))
                    (PP (P 就)
                    (NP (DP (DT 此))
                    (NP (NN 事))))
                    (PP-DIR (P 对)
                    (NP (NP-PN (NR 新华社))
                    (NP (NN 记者))))
                    (VP (VV 表示)
                    (PU ，)
                    (IP-OBJ (NP-SBJ (DP (DT 这)
                    (CLP (M 个)))
                    (NP (NN 电厂)))
                    (VP (CP-CND (ADVP (CS 如果))
                    (CP (IP (NP-SBJ (-NONE- *pro*))
                    (VP (VA 成功)))
                    (SP 的话)))
                    (PU ，)
                    (ADVP (AD 将))
                    (VP (VV 作为)
                    (NP-OBJ (CP (WHPP-1 (-NONE- *OP*))
                    (CP (IP (NP-SBJ (-NONE- *pro*))
                    (VP (NP-LOC (NN 沿海)
                    (NN 地区))
                    (PP (-NONE- *T*-1))
                    (VP (VV 建设)
                    (NP-OBJ (DP (DT 同)
                    (CLP (M 类)))
                    (NP (NN 电厂)))))))
                    (DEC 的))
                    (NP (NN 样板))))))))
                    (PU 。))) 
                </parse>
                <arg n="0">
                    电力 工业部 国际 合作司 司长 谭艾幸 
                </arg>
                <arg n="M" f="TMP">
                    今天 
                </arg>
                <arg n="3">
                    就 此 事 
                </arg>
                <arg n="2">
                    对 新华社 记者 
                </arg>
                <V/>
                <arg n="1">
                    这 个 电厂 如果 *pro* 成功 的话 ， 将 作为 *OP* *pro* 沿海 地区 (*T*-1)->(样板) 建设 同 类 电厂 的 样板 
                </arg>
            </example>
        </frame>
        <frame>
            <mapping>
                <V/>
                <mapitem src="sbj" trg="arg0"/>
                <mapitem src="ipobj" trg="arg1"/>
            </mapping>
            <example>
                <parse>
                    ( (IP (NP-PN-SBJ (NN 传统)
                    (NN 基金会))
                    (VP (VV 表示)
                    (PU ，)
                    (IP-OBJ (NP-SBJ (DP (DT 该))
                    (NP (NN 指数)))
                    (VP (ADVP (AD 也))
                    (VP (VV 有)
                    (VP (LB 被)
                    (IP-OBJ (NP-SBJ (NN 投资者))
                    (VP (VV 用作)
                    (NP-OBJ (NN 投资)
                    (NN 指南)))))))))
                    (PU 。))) 
                </parse>
                <arg n="0">
                    传统 基金会 
                </arg>
                <arg n="1">
                    该 指数 也 有 被 投资者 用作 投资 指南 
                </arg>
            </example>
        </frame>
    </frameset>
    <frameset id="f2">
        <role argnum="0" argrole="thing described"/>
        <role argnum="1" argrole="thing arg0 means/shows"/>
        <frame>
            <mapping>
                <V/>
                <mapitem src="sbj" trg="arg0"/>
                <mapitem src="ipobj" trg="arg1"/>
            </mapping>
            <example>
                <parse>
                    (IP-TPC-1 (NP-SBJ (PN 这))
                    (VP (VV 表示)
                    (IP-OBJ (NP-SBJ (QP (CD 大部份))
                    (NP (NN 人)))
                    (VP (VP (ADVP (AD 都))
                    (ADVP (AD 不))
                    (PP-MNR (P 以)
                    (IP (NP-SBJ (-NONE- *PRO*))
                    (VP (NP-LOC (NN 大学))
                    (VP (VV 毕业)))))
                    (VP (VV 为)
                    (NP-OBJ (NN 满足))))
                    (PU ，)
                    (VP (ADVP (AD 还))
                    (VP (VV 想)
                    (IP (NP-SBJ (-NONE- *PRO*))
                    (VP (PP-LOC (P 在)
                    (LCP (NP (DNP (NP (NN 知识))
                    (DEG 的))
                    (NP (NN 领域)))
                    (LC 中)))
                    (VP (VV 更上一层楼)))))))))) 
                </parse>
                <arg n="0">
                    这 
                </arg>
                <arg n="1">
                    大部份 人 都 不 以 *PRO* 大学 毕业 为 满足 ， 还 想 *PRO* 在 知识 的 领域 中 更上一层楼 
                </arg>
            </example>
        </frame>
    </frameset>
</verb>
