<!DOCTYPE verb SYSTEM "verb.dtd">
<verb>
    <id> 濒 </id>
    <frameset id="f1">
        <role argnum="0" argrole="place"/>
        <role argnum="1" argrole="place it borders on"/>
        <frame>
            <mapping>
                <V/>
                <mapitem src="sbj" trg="arg0"/>
            </mapping>
            <example>
                <parse>
                    ( (IP (NP-PN-SBJ (NR 南通市))
                    (VP (VP (NP-LOC (NN 东))
                    (VP (VV 临)
                    (NP-PN-OBJ (NR 黄海))))
                    (PU ，)
                    (VP (NP-LOC (NN 南))
                    (VP (VV 濒)
                    (NP-PN-OBJ (NR 长江)))))))
                </parse>
                <arg n="0"> 南通市 </arg>
                <arg n="M" f="LOC"> 南 </arg>
                <V/>
                <arg n="1"> 长江 </arg>
            </example>
        </frame>
    </frameset>
</verb>

