<!DOCTYPE verb SYSTEM "verb.dtd">
<verb>
    <id> 冰冷 </id>
    <frameset id="f1">
        <role argnum="0" argrole="theme"/>
        <frame>
            <mapping>
                <V/>
                <mapitem src="sbj" trg="arg0"/>
            </mapping>
            <example>
                <parse>
                    ( (IP-SBJ (NP-SBJ (-NONE- *PRO*))
                    (VP (PP-LOC (P 在)
                    (NP (CP (WHNP-3 (-NONE- *OP*))
                    (CP (IP (NP-SBJ (-NONE- *T*-3))
                    (VP (VA 冰冷)))
                    (DEC 的)))
                    (NP (NN 地上))))
                    (VP (VV 完成)
                    (NP-OBJ (DP (DT 这)
                    (CLP (M 个)))
                    (NP (NN 动作)))))))
                </parse>
                <arg n="0"> (*T*-3)->(地上) </arg>
                <V/>
            </example>
        </frame>
    </frameset>
</verb>

