<!DOCTYPE verb SYSTEM "verb.dtd">
<verb>
    <id> 病逝 </id>
    <frameset id="f1">
        <role argnum="0" argrole="person"/>
        <frame>
            <mapping>
                <V/>
                <mapitem src="sbj" trg="arg0"/>
            </mapping>
            <example>
                <parse>
                    ( (IP (NP-SBJ (NP-APP (NP-PN (NR 美国))
                    (ADJP (JJ 前))
                    (NP (NN 总统)))
                    (NP-PN (NR 尼克松)))
                    (VP (NP-TMP (NP (NT 二十二日))
                    (NP (NN 晚)))
                    (VP (VV 病逝)))))
                </parse>
                <arg n="0"> 美国 前 总统 尼克松 </arg>
                <arg n="M" f="TMP"> 二十二日 晚 </arg>
                <V/>
            </example>
        </frame>
    </frameset>
</verb>

