<!DOCTYPE verb SYSTEM "verb.dtd">
<verb>
    <id> 别有用心 </id>
    <frameset id="f1">
        <role argnum="0" argrole="thing described"/>
        <frame>
            <mapping>
                <V/>
                <mapitem src="sbj" trg="arg0"/>
            </mapping>
            <example>
                <parse>
                    ( (NP (NP (NP-APP (NP-PN (NR 联合国)
                    (NN 特委会))
                    (NP (NN 主席)))
                    (NP-PN (NR 巴特勒)))
                    (CP (WHNP-2 (-NONE- *OP*))
                    (CP (IP (NP-SBJ (-NONE- *T*-2))
                    (VP (VV 别有用心)))
                    (DEC 的)))
                    (DNP (NP (QP (CD 一))
                    (NP (NN 纸)))
                    (DEG 之))
                    (NP (NN 辞))))
                </parse>
                <arg n="0"> (*T*-2)->(一纸之辞) </arg>
                <V/>
            </example>
        </frame>
    </frameset>
</verb>

