<!DOCTYPE verb SYSTEM "verb.dtd">
<verb>
    <id> 拨发 </id>
    <frameset id="f1">
        <role argnum="0" argrole="agent"/>
        <role argnum="1" argrole="theme"/>
        <role argnum="2" argrole="recipient"/>
        <frame>
            <mapping>
                <V/>
                 
                <mapitem src="sbj" trg="arg0"/>
                <mapitem src="npobj" trg="arg1"/>
            </mapping>
            <example>
                <parse>
                    
                </parse>
                <arg n="0">
                    
                </arg>
                <V/>
            </example>
        </frame>
    </frameset>
</verb>
