<!DOCTYPE verb SYSTEM "verb.dtd">
<verb>
    <id> 并列 </id>
    <frameset id="f1">
        <role argnum="0" argrole="entities described"/>
        <role argnum="1" argrole="place arg0 stands side by side"/>
        <frame>
            <mapping>
                <V/>
                <mapitem src="sbj" trg="arg0"/>
                <mapitem src="npobj" trg="arg1"/>
            </mapping>
            <example>
                <parse>
                    ( (IP (NP-SBJ (NP (DNP (NP-PN (NR 罗马尼亚))
                    (DEG 的))
                    (NP-PN (NR 丹·布林卡)))
                    (CC 和)
                    (NP (DNP (NP-PN (NR 德国))
                    (DEG 的))
                    (NP-PN (NR 瓦·贝林基))))
                    (VP (ADVP (AD 均))
                    (PP-MNR (P 以)
                    (QP (CD ９·７００)
                    (CLP (M 分))))
                    (VP (VV 并列)
                    (QP-OBJ (OD 第三)
                    (CLP (M 名))))))) 
                </parse>
                <arg n="0">
                    罗马尼亚 的 丹·布林卡 和 德国 的 瓦·贝林基 
                </arg>
                <arg n="M" f="ADV">
                    均 
                </arg>
                <arg n="M" f="MNR">
                    以 ９·７００ 分 
                </arg>
                <V/>
                <arg n="1">
                    第三 名 
                </arg>
            </example>
        </frame>
        <frame>
            <mapping>
                <V/>
                <mapitem src="sbj" trg="arg1"/>
                <mapitem src="npobj" trg="arg0"/>
            </mapping>
            <example>
                <parse>
                    (IP (DP-SBJ (DT 另)
                    (QP (CD 一)
                    (CLP (M 头))))
                    (VP (ADVP (AD 则))
                    (VP (VV 并列)
                    (AS 著)
                    (NP-OBJ (CP (WHNP-1 (-NONE- *OP*))
                    (CP (IP (NP-TPC (-NONE- *T*-1))
                    (NP-SBJ (NN 枝条) )
                    (VP (VV 匀长)))
                    (DEC 的)))
                    (NP (ADJP (JJ 金))
                    (NP (NN 钱)))
                    (NP (NN 树)))))) 
                </parse>
                <arg n="0">
                    *OP* *T*-1 枝条 匀长 的 金 钱 树 
                </arg>
                <arg n="1">
                    另 一 头 
                </arg>
                <arg n="M" f="ADV">
                    则 
                </arg>
                <V/>
            </example>
        </frame>
    </frameset>
</verb>
