<!DOCTYPE verb SYSTEM "verb.dtd">
<verb>
    <id> 拨 </id>
    <frameset id="f1">
        <role argnum="0" argrole="appropriater"/>
        <role argnum="1" argrole="fund"/>
        <role argnum="2" argrole="predicate"/>
        <frame>
            <mapping>
                <V/>
                <mapitem src="sbj" trg="arg0"/>
                <mapitem src="npobj" trg="arg1"/>
                <mapitem src="controlip" trg="arg2"/>
            </mapping>
            <example>
                <parse>
                    (IP (PP-PRP (P 为)
                    (NP (PN 此)))
                    (PU ，)
                    (NP-SBJ (NP-PN (NR 中国))
                    (NP (NN 中央)
                    (NN 财政)))
                    (VP (PP-TMP (P 于)
                    (NP (NT 一九八八年)))
                    (VP (VV 拨)
                    (NP-OBJ (QP (CD 一亿)
                    (CLP (M 美元)))
                    (NP (NN 专款)))
                    (IP (NP-SBJ (-NONE- *PRO*))
                    (VP (VP (VV 作为)
                    (NP-OBJ (NN 风险)
                    (NN 准备金)))
                    (PU ，)
                    (VP (VV 用于)
                    (IP-OBJ (NP-PN-SBJ (NR 中保)
                    (NN 集团)
                    (NN 公司))
                    (VP (VV 开办)
                    (NP-OBJ (NN 出口)
                    (NN 信用)
                    (NN 保险)
                    (NN 业务)))))))))
                    (PU 。))
                </parse>
                <arg n="0"> 中国 中央 财政 </arg>
                <arg n="M" f="TMP"> 于 一九八八年 </arg>
                <V/>
                <arg n="1"> 一亿 美元 专款 </arg>
                <arg n="2"> *PRO* 作为 风险 准备金 ， 用于 中保 集团 公司 开办 出口 信用 保险 业务 </arg>
            </example>
        </frame>
    </frameset>
 <frameset id="f2">
        <role argnum="0" argrole="agent"/>
        <role argnum="1" argrole="string etc."/>
        <frame>
            <mapping>
                <V/>
                <mapitem src="sbj" trg="arg0"/>
                <mapitem src="npobj" trg="arg1"/>
            </mapping>
            <example>
                <parse>
他拨了一下琴弦.
</parse>
                <arg n="0"> 他  </arg>
                <arg n="m" f="ADV"> 一下  </arg>
                <arg n="1">琴弦 </arg>
                <V/>
            </example>
        </frame>
    </frameset>
<frameset id="f3" edef="MWE usage">
        <role argnum="0" argrole="agent"/>
        <role argnum="1" argrole="entity,such as phone,abacus"/>
        <frame>
            <mapping>
                <V/>
                <mapitem src="sbj" trg="arg0"/>
                <mapitem src="npobj" trg="arg1"/>
            </mapping>
            <example>
                <parse>
他拨了一通电话.
</parse>
                <arg n="0"> 他  </arg>
                <arg n="1" f="MWE">一通电话  </arg>
                <V/>
            </example>
<example>
                <parse>
他在心里拨自己的小算盘.
</parse>
                <arg n="0"> 他 </arg>
                <arg n="1" f="MWE">自己的小算盘  </arg>
                <V/>
            </example>
        </frame>
    </frameset>

</verb>

