<!DOCTYPE verb SYSTEM "verb.dtd">
<verb>
    <id> 博得 </id>
    <frameset id="f1">
        <role argnum="0" argrole="obtainer"/>
        <role argnum="1" argrole="thing obtained"/>
        <frame>
            <mapping>
                <V/>
                <mapitem src="sbj" trg="arg0"/>
                <mapitem src="npobj" trg="arg1"/>
            </mapping>
            <example>
                <parse>
                    ( (IP (NP-SBJ (PN 她))
                    (VP (VP (IP-ADV (NP-SBJ (-NONE- *PRO*))
                    (VP (P 面对)
                    (NP-OBJ (NN 厄运))))
                    (PP-MNR (P 以)
                    (NP (NN 微笑)))
                    (VP (VV 面对)
                    (NP-OBJ (NN 人生))))
                    (PU ，)
                    (VP (VV 博得)
                    (NP-OBJ (DNP (NP (NN 世界)
                    (NN 各界)
                    (NN 人士))
                    (DEG 的))
                    (NP (NN 赞叹)))))))
                </parse>
                <arg n="0"> 她 </arg>
                <V/>
                <arg n="1"> 世界 各界 人士 的 赞叹 </arg>
            </example>
        </frame>
    </frameset>
</verb>

