<!DOCTYPE verb SYSTEM "verb.dtd">
<verb>
    <id> 波澜壮阔 </id>
    <frameset id="f1">
        <role argnum="0" argrole="theme"/>
        <frame>
            <mapping>
                <V/>
                <mapitem src="sbj" trg="arg0"/>
            </mapping>
            <example>
                <parse>
                    ( (QP-PRD (CP (WHNP-1 (-NONE- *OP*))
                    (CP (IP (QP-SBJ (-NONE- *T*-1))
                    (VP (VP (VA 波澜壮阔))
                    (PU 、)
                    (VP (VV 充满)
                    (NP-OBJ (NN 希望)))))
                    (DEC 的)))
                    (QP (CD １０)
                    (CLP (M 年)))))
                </parse>
                <arg n="0"> (*T*-1)->(１０年) </arg>
                <V/>
            </example>
        </frame>
    </frameset>
</verb>

