<!DOCTYPE verb SYSTEM "verb.dtd">
<verb>
    <id> 勃发 </id>
    <frameset id="f1">
        <role argnum="0" argrole="thing described"/>
        <frame>
            <mapping>
                <V/>
                <mapitem src="sbj" trg="arg0"/>
            </mapping>
            <example>
                <parse>
                    ( (IP (NP-SBJ (NN 生机))
                    (VP (VV 勃发))))
                </parse>
                <arg n="0"> 生机 </arg>
                <V/>
            </example>
        </frame>
    </frameset>
</verb>

