<!DOCTYPE verb SYSTEM "verb.dtd">
<verb>
    <id> 波动 </id>
    <frameset id="f1">
        <role argnum="0" argrole="theme"/>
        <frame>
            <mapping>
                <V/>
                <mapitem src="sbj" trg="arg0"/>
            </mapping>
            <example>
                <parse>
                    ( (IP (NP-SBJ (CP (WHNP-1 (-NONE- *OP*))
                    (CP (IP (NP-SBJ (NN 进口)
                    (NN 产品))
                    (VP (VV 占)
                    (NP-OBJ (NP (NP-PN (NR 中国))
                    (PP (P 自)
                    (NP-PN (NR 日本)))
                    (NP (NN 进口)))
                    (NP (NN 总额)))
                    (NP-EXT (-NONE- *T*-1))))
                    (DEC 的)))
                    (NP (NN 比重)))
                    (VP (ADVP (AD 则))
                    (ADVP (AD 不规则))
                    (VP (VV 波动)))))
                </parse>
                <arg n="0"> *OP* 进口 产品 占 中国 自 日本 进口 总额 (*T*-1)->(比重) 的 比重 </arg>
                <arg n="M" f="ADV"> 则 </arg>
                <arg n="M" f="ADV"> 不规则 </arg>
                <V/>
            </example>
        </frame>
    </frameset>
</verb>

