<!DOCTYPE verb SYSTEM "verb.dtd">
<verb>
    <id> 勃勃 </id>
    <frameset id="f1">
        <role argnum="0" argrole="thing described"/>
        <frame>
            <mapping>
                <V/>
                <mapitem src="sbj" trg="arg0"/>
            </mapping>
            <example>
                <parse>
                    ( (NP-SBJ (DP (DT 这)
                    (CLP (M 个)))
                    (CP (WHNP-1 (-NONE- *OP*))
                    (CP (IP (NP-TPC (-NONE- *T*-1))
                    (NP-SBJ (NN 雄心))
                    (VP (VA 勃勃)))
                    (DEC 的)))
                    (NP (NN 计划))))
                </parse>
                <arg n="0" f="PSR"> (*T*-1)->(计划) </arg>
                <arg n="0" f="PSE"> 雄心 </arg>
                <V/>
            </example>
        </frame>
    </frameset>
</verb>

