<!DOCTYPE verb SYSTEM "verb.dtd">
<verb>
    <id> 补给 </id>
    <frameset id="f1">
        <role argnum="0" argrole="agent"/>
        <frame>
            <mapping>
                <V/>
                <mapitem src="sbj" trg="arg0"/>
            </mapping>
            <example>
                <parse>
                    ( (PP-PRP (P 为了)
                    (IP (NP-SBJ (-NONE- *PRO*))
                    (VP (VV 适应)
                    (NP-OBJ (CP-APP (IP (NP (NP (NP-PN (NR 台湾))
                    (NP (NN 船舶)))
                    (CC 和)
                    (NP (NN 台胞)))
                    (VP (VP (VV 来)
                    (NP-PN-OBJ (NR 闽)))
                    (VP (VP (VP (VV 投资))
                    (VP (VV 贸易)))
                    (CC 及)
                    (VP (VP (VV 避风))
                    (VP (VV 修船))
                    (VP (VV 补给))))))
                    (DEC 的))
                    (NP (NN 需要)))))))
                </parse>
                <arg n="0"> 台湾 船舶 和 台胞 </arg>
                <V/>
            </example>
        </frame>
    </frameset>
</verb>

