<!DOCTYPE verb SYSTEM "verb.dtd">
<verb>
    <id> 不安 </id>
    <frameset id="f1">
        <role argnum="0" argrole="agent"/>
        <frame>
            <mapping>
                <V/>
                <mapitem src="sbj" trg="arg0"/>
            </mapping>
            <example>
                <parse>
                    ( (IP (NP-SBJ (DP (DT 这)
                    (CLP (M 位)))
                    (NP (NN 官员)))
                    (VP (PP-DIR (P 对)
                    (IP (NP-SBJ (-NONE- *PRO*))
                    (VP (VP (VV 发生)
                    (NP-OBJ (DP (DT 这)
                    (CLP (M 种)))
                    (CP (WHNP-1 (-NONE- *OP*))
                    (CP (IP (NP-SBJ (-NONE- *T*-1))
                    (VP (VV 令)
                    (NP-OBJ (NN 人))
                    (IP (NP-SBJ (-NONE- *PRO*))
                    (VP (ADVP (AD 极为))
                    (VP (VA 痛心))))))
                    (DEC 的)))
                    (NP (NN 事件))))
                    (CC 并)
                    (VP (VV 导致)
                    (NP-OBJ (CP (WHNP-2 (-NONE- *OP*))
                    (CP (IP (NP-SBJ (-NONE- *T*-2))
                    (VP (VA 无辜)))
                    (DEC 的)))
                    (NP (NN 外国)
                    (NN 游客)))
                    (IP (NP-SBJ-3 (-NONE- *PRO*))
                    (VP (SB 被)
                    (VP (VV 害)
                    (NP-OBJ (-NONE- *T*-3)))))))))
                    (VP (MSP 而)
                    (VP (VV 表示)
                    (VP (VA 不安)))))
                    (PU 。)))
                </parse>
                <arg n="0"> 这 位 官员 </arg>
                <V/>
            </example>
        </frame>
    </frameset>
</verb>

