<!DOCTYPE verb SYSTEM "verb.dtd">
<verb>
    <id> 不备 </id>
    <frameset id="f1">
        <role argnum="0" argrole="agent"/>
        <frame>
            <mapping>
                <V/>
                <mapitem src="sbj" trg="arg0"/>
            </mapping>
            <example>
                <parse>
                    ( (VP (VV 趁)
                    (NP-OBJ (PN 其))
                    (IP (NP-SBJ (-NONE- *PRO*))
                    (VP (VV 不备)))))
                </parse>
                <arg n="0"> *PRO* </arg>
                <V/>
            </example>
        </frame>
    </frameset>
</verb>

