<!DOCTYPE verb SYSTEM "verb.dtd">
<verb>
    <id> 不错 </id>
    <frameset id="f1">
        <role argnum="0" argrole="thing described"/>
        <frame>
            <mapping>
                <V/>
                <mapitem src="sbj" trg="arg0"/>
            </mapping>
            <example>
                <parse>
                    ( (IP (NP-SBJ (NN 条件))
                    (VP (ADVP (AD 相当))
                    (VP (VA 不错))))) 
                </parse>
                <arg n="0">
                    条件 
                </arg>
                <V/>
            </example>
        </frame>
    </frameset>
</verb>
