<!DOCTYPE verb SYSTEM "verb.dtd">
<verb>
    <id> 不当 </id>
    <frameset id="f1">
        <role argnum="0" argrole="thing described"/>
        <frame>
            <mapping>
                <V/>
                <mapitem src="sbj" trg="arg0"/>
            </mapping>
            <example>
                <parse>
                    ( (IP (NP-PN-SBJ (NR 黄星华))
                    (VP (VV 说)
                    (PU ：)
                    (IP-OBJ (PU 「)
                    (NP-SBJ (ADJP (JJ 有关))
                    (DNP (PP (P 对)
                    (NP-PN (NN 房屋科)
                    (PU ／)
                    (NN 局)))
                    (DEG 的))
                    (NP (NN 批评)))
                    (VP (VC 是)
                    (NP-PRD (CP (WHNP-1 (-NONE- *OP*))
                    (CP (IP (NP-SBJ (-NONE- *T*-1))
                    (VP (VA 不当)))
                    (DEC 的)))))))
                    (PU 。)
                    (PU 」)))
                </parse>
                <arg n="0"> (*T*-1)->(批评) </arg>
                <V/>
            </example>
        </frame>
    </frameset>
</verb>

