<!DOCTYPE verb SYSTEM "verb.dtd">
<verb>
    <id> 不负责任 </id>
    <frameset id="f1">
        <role argnum="0" argrole="thing described"/>
        <frame>
            <mapping>
                <V/>
                <mapitem src="sbj" trg="arg0"/>
            </mapping>
            <example>
                <parse>
                    ( (NP-OBJ (CP (WHNP-2 (-NONE- *OP*))
                    (CP (IP (NP-SBJ (-NONE- *T*-2))
                    (VP (VA 不负责任)))
                    (DEC 的)))
                    (NP (NN 言论))))
                </parse>
                <arg n="0"> (*T*-2)->(言论) </arg>
                <V/>
            </example>
        </frame>
    </frameset>
</verb>

