<!DOCTYPE verb SYSTEM "verb.dtd">
<verb>
    <id> 不敷成本 </id>
    <frameset id="f1">
        <role argnum="0" argrole="activity"/>
        <frame>
            <mapping>
                <V/>
                <mapitem src="sbj" trg="arg0"/>
            </mapping>
            <example>
                <parse>
                    ( (IP-Q (ADVP (AD 再说))
                    (IP-SBJ (NP-SBJ (-NONE- *PRO*))
                    (VP (PP-MNR (P 用)
                    (NP (CP (WHNP-1 (-NONE- *OP*))
                    (CP (IP (NP-SBJ (-NONE- *T*-1))
                    (VP (ADVP (AD 大幅))
                    (VP (VV 贬值))))
                    (DEC 的)))
                    (NP (NN 钱))))
                    (VP (VV 购买)
                    (NP-OBJ (CP (WHNP-2 (-NONE- *OP*))
                    (CP (IP (NP-SBJ (-NONE- *T*-2))
                    (VP (ADVP (AD 一律))
                    (PP-MNR (P 以)
                    (NP (NN 美金)))
                    (VP (VV 计价))))
                    (DEC 的)))
                    (NP (NN 原料))))))
                    (PU ，)
                    (VP (VNV (VV 会)
                    (AD 不)
                    (VV 会))
                    (VP (VP (VV 不敷成本))
                    (PU 、)
                    (VP (VP-FOC (ADVP (AD 越))
                    (VP (VV 做)))
                    (VP (ADVP (AD 越))
                    (VP (VV 亏))))
                    (PU ，)
                    (VP (ADVP (AD 乾脆))
                    (VP (VV 关厂大吉)))))
                    (PU ？)))
                </parse>
                <arg n="0"> *PRO* 用 *OP* (*T*-1)->(钱) 大幅 贬值 的 钱 购买 *OP* (*T*-2)->(原料) 一律 以 美金 计价 的 原料 </arg>
                <V/>
            </example>
        </frame>
    </frameset>
</verb>

