<!DOCTYPE verb SYSTEM "verb.dtd">
<verb>
    <id> 不变 </id>
    <frameset id="f1">
        <role argnum="0" argrole="theme"/>
        <frame>
            <mapping>
                <V/>
                <mapitem src="sbj" trg="arg0"/>
            </mapping>
            <example>
                <parse>
                    ( (VP (VV 坚持)
                    (NP-OBJ (NP (NN 家庭))
                    (NP (ADJP (JJ 联产))
                    (NP (NN 承包)))
                    (NP (NN 责任制)))
                    (IP (NP-SBJ (-NONE- *PRO*))
                    (VP (ADVP (AD 长期))
                    (VP (VV 不变))))))
                </parse>
                <arg n="0"> *PRO* </arg>
                <arg n="M" f="ADV"> 长期 </arg>
                <V/>
            </example>
        </frame>
    </frameset>
</verb>

