<!DOCTYPE verb SYSTEM "verb.dtd">
<verb>
    <id> 不得人心 </id>
    <frameset id="f1">
        <role argnum="0" argrole="thing described"/>
        <frame>
            <mapping>
                <V/>
                <mapitem src="sbj" trg="arg0"/>
            </mapping>
            <example>
                <parse>
                    ( (IP (IP-SBJ (NP-SBJ (-NONE- *PRO*))
                    (VP (VV 破坏)
                    (NP-OBJ (ADJP (JJ 平稳))
                    (NP (NN 过渡)))))
                    (VP (ADVP (AD 将))
                    (ADVP (AD 更加))
                    (VP (VA 不得人心)))))
                </parse>
                <arg n="0"> *PRO* 破坏 平稳 过渡 </arg>
                <arg n="M" f="ADV"> 将 </arg>
                <arg n="M" f="ADV"> 更加 </arg>
                <V/>
            </example>
        </frame>
    </frameset>
</verb>

