<!DOCTYPE verb SYSTEM "verb.dtd">
<verb>
    <id> 不断 </id>
    <frameset id="f1">
        <role argnum="0" argrole="activity"/>
        <frame>
            <mapping>
                <V/>
                <mapitem src="sbj" trg="arg0"/>
            </mapping>
            <example>
                <parse>
                    ( (IP (NP-SBJ (DP (DT 各)
                    (CLP (M 种)))
                    (ADJP (JJ 中小型))
                    (NP (NN 国际)
                    (NN 会议)
                    (CC 和)
                    (NN 展览)
                    (NN 推广)
                    (NN 活动)))
                    (VP (ADVP (AD 接连))
                    (VP (VA 不断)))
                    (PU 。)))
                </parse>
                <arg n="0"> 各 种 中小型 国际 会议 和 展览 推广 活动 </arg>
                <arg n="M" f="ADV"> 接连 </arg>
                <V/>
            </example>
        </frame>
    </frameset>
</verb>

