<!DOCTYPE verb SYSTEM "verb.dtd">
<verb>
    <id> 不菲 </id>
    <frameset id="f1">
        <role argnum="0" argrole=""/>
        <frame>
            <mapping>
                <V/>
                <mapitem src="sbj" trg="arg0"/>
            </mapping>
            <example>
                <parse>
                    ( (IP (LCP-LOC (NP (NN 国际)
                    (NN 市场))
                    (LC 上))
                    (NP-TPC (CP (WHNP-1 (-NONE- *OP*))
                    (CP (IP (NP-SBJ (-NONE- *pro*))
                    (VP (PP-MNR (NP (NP (NP-PN (NR 藏))
                    (NP (NN 羚羊)))
                    (NP (NN 绒))))
                    (VP (VV 织)
                    (NP-OBJ (-NONE- *T*-1)))))
                    (DEC 的)))
                    (NP (NN 披肩)
                    (PU 、)
                    (NN 围巾)))
                    (NP-SBJ (NN 价值))
                    (VP (VA 不菲))))
                </parse>
                <arg n="M" f="LOC"> 国际 市场 上 </arg>
                <arg n="0" f="PSR"> *OP* *pro* 藏 羚羊 绒 织 (*T*-1)->(披肩、围巾) 的 披肩 、 围巾 </arg>
                <arg n="0" f="PSE"> 价值 </arg>
                <V/>
            </example>
        </frame>
    </frameset>
</verb>

