<!DOCTYPE verb SYSTEM "verb.dtd">
<verb>
    <id> 不负众望 </id>
    <frameset id="f1">
        <role argnum="0" argrole="person described"/>
        <frame>
            <mapping>
                <V/>
                <mapitem src="sbj" trg="arg0"/>
            </mapping>
            <example>
                <parse>
                    ( (IP (NP-SBJ (-NONE- *pro*))
                    (VP (VV 希望)
                    (IP-OBJ (NP-SBJ (PN 你们))
                    (VP (VP (VV 本)
                    (AS 着)
                    (NP-OBJ (CP-APP (IP (NP-SBJ (-NONE- *pro*))
                    (VP (VP (VV 爱)
                    (NP-OBJ (NN 国)))
                    (VP (VV 爱)
                    (NP-PN-OBJ (NR 港)))))
                    (DEC 的))
                    (NP (NN 精神))))
                    (PU ，)
                    (VP (ADVP (AD 认真))
                    (VP (VSB (VV 贯彻)
                    (VV 执行))
                    (NP-OBJ (NN 基本法))))
                    (PU ，)
                    (VP (VV 恪尽职守))
                    (PU ，)
                    (VP (VV 不负众望)))))
                    (PU 。)))
                </parse>
                <arg n="0"> 你们 </arg>
                <V/>
            </example>
        </frame>
    </frameset>
</verb>

