<!DOCTYPE verb SYSTEM "verb.dtd">
<verb>
    <id> 不便 </id>
    <frameset id="f1">
        <role argnum="0" argrole="thing described"/>
        <frame>
            <mapping>
                <V/>
                <mapitem src="sbj" trg="arg0"/>
            </mapping>
            <example>
                <parse>
                    ( (IP (NP-SBJ (NN 交通))
                    (VP (VA 不便))))
                </parse>
                <arg n="0"> 交通 </arg>
                <V/>
            </example>
        </frame>
    </frameset>
</verb>

