<!DOCTYPE verb SYSTEM "verb.dtd">
<verb>
    <id> 不可告人 </id>
    <frameset id="f1">
        <role argnum="0" argrole="thing described"/>
        <frame>
            <mapping>
                <V/>
                <mapitem src="sbj" trg="arg0"/>
            </mapping>
            <example>
                <parse>
                    ( (NP-OBJ (ADJP (JJ 另外))
                    (CP (WHNP-2 (-NONE- *OP*))
                    (CP (IP (NP-SBJ (-NONE- *T*-2))
                    (VP (VV 不可告人)))
                    (DEC 的)))
                    (NP (NN 动机))))
                </parse>
                <arg n="0"> (*T*-2)->(动机) </arg>
                <V/>
            </example>
        </frame>
    </frameset>
</verb>

