<!DOCTYPE verb SYSTEM "verb.dtd">
<verb>
    <id> 不计血本 </id>
    <frameset id="f1">
        <role argnum="0" argrole="thing described"/>
        <frame>
            <mapping>
                <V/>
                <mapitem src="sbj" trg="arg0"/>
            </mapping>
            <example>
                <parse>
                    ( (NP-OBJ (CP (WHNP-4 (-NONE- *OP*))
                    (CP (IP (NP-SBJ (-NONE- *T*-4))
                    (VP (VV 不计血本)))
                    (DEC 的)))
                    (NP (NN 价格战))))
                </parse>
                <arg n="0"> (*T*-4)->(价格战) </arg>
                <V/>
            </example>
        </frame>
    </frameset>
</verb>

