<!DOCTYPE verb SYSTEM "verb.dtd">
<verb>
    <id> 不谋而合 </id>
    <frameset id="f1">
        <role argnum="0" argrole="ideas which happen to be same"/>
        <frame>
            <mapping>
                <V/>
                <mapitem src="sbj" trg="arg0"/>
            </mapping>
            <example>
                <parse>
                    ( (IP (NP-SBJ (PN 这))
                    (VP (PP (P 与)
                    (NP (DNP (NP-PN (NR 西门子))
                    (DEG 的))
                    (NP (NN 发展)
                    (NN 战略))))
                    (VP (VV 不谋而合))))) 
                </parse>
                <arg n="0">
                    这 
                </arg>
                <arg n="0" f="CRD">
                    与 西门子 的 发展 战略 
                </arg>
                <V/>
            </example>
        </frame>
    </frameset>
</verb>
