<!DOCTYPE verb SYSTEM "verb.dtd">
<verb>
    <id> 不利於 </id>
    <frameset id="f1">
        <role argnum="0" argrole="entity described"/>
        <role argnum="1" argrole="entity arg0 is unfavorable for"/>
        <frame>
            <mapping>
                <V/>
                <mapitem src="sbj" trg="arg0"/>
                <mapitem src="npobj" trg="arg1"/>
            </mapping>
            <example>
                <parse>
                    (IP (IP (NP-SBJ (NN 价格))
                    (VP (ADVP (AD 过於))
                    (VP (VA 昂贵))))
                    (PU 、)
                    (IP (NP-SBJ (-NONE- *pro*))
                    (VP (ADVP (AD 明显))
                    (VP (VV 不利於)
                    (NP-OBJ (NN 销售)))))
                    (PU ，)
                    (IP (NP-SBJ (ADVP (AD 像是))
                    (NP (CP (WHNP-1 (-NONE- *OP*))
                    (CP (IP (NP-TPC (-NONE- *T*-1))
                    (QP-SBJ (CD 一)
                    (CLP (M 张)))
                    (VP (QP-PRD (ADVP (AD 上))
                    (QP (CD 百万)
                    (CLP (M 元))))))
                    (DEC 的)))
                    (NP (NN 健康)
                    (NN 床组))))
                    (PU ，)
                    (VP (IP-CND (NP-SBJ (-NONE- *PRO*))
                    (VP (ADVP (CS 一旦))
                    (VP (VV 拆封))))
                    (ADVP (AD 就))
                    (ADVP (AD 不))
                    (VP (VV 能)
                    (VP (VV 退货)))))) 
                </parse>
                <arg n="0">
                    *pro* 
                </arg>
                <arg n="1">
                    销售 
                </arg>
                <arg n="m" f="adv">
                    明显 
                </arg>
                <V/>
            </example>
        </frame>
    </frameset>
</verb>
