<!DOCTYPE verb SYSTEM "verb.dtd">
<verb>
    <id> 不计其数 </id>
    <frameset id="f1">
        <role argnum="0" argrole="thing described"/>
        <frame>
            <mapping>
                <V/>
                <mapitem src="sbj" trg="arg0"/>
            </mapping>
            <example>
                <parse>
                    ( (IP (NP-SBJ (CP (WHNP-1 (-NONE- *OP*))
                    (CP (IP (NP-SBJ (-NONE- *T*-1))
                    (VP (VA 小)))
                    (DEC 的)))
                    (NP (NN 乡镇)
                    (NN 企业)))
                    (VP (ADVP (AD 则))
                    (VP (VV 不计其数)))))
                </parse>
                <arg n="0"> *OP* (*T*-1)->(乡镇企业) 小 的 乡镇 企业 </arg>
                <arg n="M" f="ADV"> 则 </arg>
                <V/>
            </example>
        </frame>
    </frameset>
</verb>

