<!DOCTYPE verb SYSTEM "verb.dtd">
<verb>
    <id> 不景气 </id>
    <frameset id="f1">
        <role argnum="0" argrole="thing described"/>
        <frame>
            <mapping>
                <V/>
                <mapitem src="sbj" trg="arg0"/>
            </mapping>
            <example>
                <parse>
                    ( (IP (NP-SBJ (NN 商业)
                    (NN 销售))
                    (VP (VA 不景气))))
                </parse>
                <arg n="0"> 商业 销售 </arg>
                <V/>
            </example>
        </frame>
    </frameset>
</verb>

