<!DOCTYPE verb SYSTEM "verb.dtd">
<verb>
    <id> 不同 </id>
    <frameset id="f1">
        <role argnum="0" argrole="things which are different"/>
        <frame>
            <mapping>
                <V/>
                <mapitem src="sbj" trg="arg0"/>
            </mapping>
            <example>
                <parse>
                    ( (IP (ADVP (AD 但))
                    (NP-SBJ (DNP (QP (NP (NT 最近))
                    (QP (CD 几)
                    (CLP (M 年))))
                    (DEG 的))
                    (NP (NN 情况)))
                    (VP (VA 不同)))) 
                </parse>
                <arg n="0">
                    最近 几 年 的 情况 
                </arg>
                <V/>
            </example>
        </frame>
        <frame>
            <mapping>
                <V/>
                <mapitem src="sbj" trg="arg0"/>
            </mapping>
            <example>
                <parse>
                    ( (IP-ADV (NP-SBJ (-NONE- *PRO*))
                    (VP (PP (P 与)
                    (NP (CP (WHNP-1 (-NONE- *OP*))
                    (CP (IP (NP-SBJ-2 (-NONE- *T*-1))
                    (VP (ADVP (AD 通常))
                    (ADVP (AD 只有))
                    (PP-LGS (NP (QP (CD 几)
                    (CLP (M 行)))
                    (NP (NN 代码))))
                    (VP (VV 组成)
                    (NP (-NONE- *-2)))))
                    (DEC 的)))
                    (ADJP (JJ 简单))
                    (NP (NN 电脑)
                    (NN 病毒))))
                    (VP (VA 不同))))) 
                </parse>
                <arg n="0">
                    *PRO* 
                </arg>
                <arg n="0" f="CRD">
                    与 *OP* (*T*-1)->(简单电脑病毒) 通常 只有 几 行 代码 组成 (*-2)->(简单电脑病毒) 的 简单 电脑 病毒 
                </arg>
                <V/>
            </example>
        </frame>
    </frameset>
</verb>
