<!DOCTYPE verb SYSTEM "verb.dtd">
<verb>
    <id> 不用 </id>
    <frameset id="f1" edef="auxiliary">
        <role argnum="0" argrole=""/>
        <frame>
            <mapping>
                <V/>
                <mapitem src="sbj" trg="arg0"/>
            </mapping>
            <example>
                <parse>
                    
                </parse>
                <arg n="0">
                    
                </arg>
                <V/>
            </example>
        </frame>
    </frameset>
<frameset id="f2" edef="does not use">
        <role argnum="0" argrole="agent/user"/>
         <role argnum="1" argrole="entity (not) being used"/>
        <frame>
            <mapping>
                <V/>
                <mapitem src="sbj" trg="arg0"/>
            </mapping>
            <example>
                <parse>
                   公司早就不用打字机了, 都用电脑. 
                </parse>
                <arg n="0">
                    公司
                </arg>
                <arg n="1">
                  打字机
                </arg>
                <arg n="m" f="ADV">
                    早
                </arg>
                <V/>
            </example>
        </frame>
    </frameset>
</verb>
