<!DOCTYPE verb SYSTEM "verb.dtd">
<verb>
    <id> 不切实际 </id>
    <frameset id="f1">
        <role argnum="0" argrole="thing described"/>
        <frame>
            <mapping>
                <V/>
                <mapitem src="sbj" trg="arg0"/>
            </mapping>
            <example>
                <parse>
                    ( (NP-OBJ (CP (WHNP-2 (-NONE- *OP*))
                    (CP (IP (NP-SBJ (QP (CD 一些))
                    (NP (NN 人)))
                    (VP (PP-LOC (P 在)
                    (LCP (NP (IP-APP (NP-PN-SBJ (NR 香港))
                    (VP (VV 过渡)))
                    (NP (NN 问题)))
                    (LC 上)))
                    (VP (VV 存在)
                    (NP-OBJ (-NONE- *T*-2)))))
                    (DEC 的)))
                    (CP (WHNP-3 (-NONE- *OP*))
                    (CP (IP (NP-SBJ (-NONE- *T*-3))
                    (VP (VA 不切实际)))
                    (DEC 的)))
                    (NP (NN 幻想))))
                </parse>
                <arg n="0"> (*T*-3)->(幻想) </arg>
                <V/>
            </example>
        </frame>
    </frameset>
</verb>

