<!DOCTYPE verb SYSTEM "verb.dtd">
<verb>
    <id> 不少 </id>
    <frameset id="f1">
        <role argnum="0" argrole="thing described"/>
        <frame>
            <mapping>
                <V/>
                <mapitem src="sbj" trg="arg0"/>
            </mapping>
            <example>
                <parse>
                    ( (IP (NP-TMP (NT 最近))
                    (PU ，)
                    (NP-SBJ (CP (WHNP-1 (-NONE- *OP*))
                    (CP (IP (NP-SBJ (-NONE- *T*-1))
                    (VP (VV 想)
                    (IP-OBJ (NP-SBJ (-NONE- *PRO*))
                    (VP (VP (VV 赴)
                    (NP-PN-OBJ (NR 韩国)
                    (CC 及)
                    (NR 东南亚)))
                    (VP-PRP (VV 购并)
                    (PU 、)
                    (VV 投资))))))
                    (DEC 的)))
                    (NP (NN 企业)))
                    (VP (VA 不少))))
                </parse>
                <arg n="M" f="TMP"> 最近 </arg>
                <arg n="0"> *OP* (*T*-1)->(企业) 想 *PRO* 赴 韩国 及 东南亚 购并 、 投资 的 企业 </arg>
                <V/>
            </example>
        </frame>
    </frameset>
</verb>

