<!DOCTYPE verb SYSTEM "verb.dtd">
<verb>
    <id> 不实 </id>
    <frameset id="f1">
        <role argnum="0" argrole="thing described"/>
        <frame>
            <mapping>
                <V/>
                <mapitem src="sbj" trg="arg0"/>
            </mapping>
            <example>
                <parse>
                    ( (NP-SBJ (NP (ADJP (JJ 正派))
                    (NP (NN 经营)))
                    (CC 和)
                    (NP (CP (WHNP-1 (-NONE- *OP*))
                    (CP (IP (NP-SBJ (-NONE- *T*-1))
                    (VP (VCD (VA 浮夸)
                    (VA 不实))))
                    (DEC 的)))
                    (ADJP (JJ 坑人))
                    (NP (NN 陷阱)))))
                </parse>
                <arg n="0"> (*T*-1)->(陷阱) </arg>
                <V/>
            </example>
        </frame>
    </frameset>
</verb>

