<!DOCTYPE verb SYSTEM "verb.dtd">
<verb>
    <id> 不同以往 </id>
    <frameset id="f1">
        <role argnum="0" argrole="thing described"/>
        <frame>
            <mapping>
                <V/>
                <mapitem src="sbj" trg="arg0"/>
            </mapping>
            <example>
                <parse>
                    ( (NP-OBJ (CP (WHNP-1 (-NONE- *OP*))
                    (CP (IP (NP-SBJ (-NONE- *T*-1))
                    (VP (VV 不同以往)))
                    (DEC 的)))
                    (NP (NN 原因))))
                </parse>
                <arg n="0"> (*T*-1)->(原因) </arg>
                <V/>
            </example>
        </frame>
    </frameset>
</verb>

