<!DOCTYPE verb SYSTEM "verb.dtd">
<verb>
    <id> 布 </id>
    <frameset id="f1">
        <role argnum="0" argrole="deployer"/>
        <role argnum="1" argrole="thing deployed"/>
        <frame>
            <mapping>
                <V/>
                <mapitem src="sbj" trg="arg0"/>
                <mapitem src="npobj" trg="arg1"/>
            </mapping>
            <example>
                <parse>
                    ( (IP-OBJ (NP-SBJ (NP-PN (NR 中国))
                    (NP (NN 钢铁)
                    (NN 工业)))
                    (VP (VP (NP-TMP (NP (PU “)
                    (NT 九五)
                    (PU ”))
                    (PRN (PU （)
                    (NP (NT 一九九六)
                    (CC 至)
                    (NT 二０００年))
                    (PU ）))
                    (NP (NN 期间)))
                    (PU ，)
                    (VP (VV 预计)
                    (IP-OBJ (NP-SBJ (ADJP (JJ 总))
                    (NP (NN 投资)))
                    (VP (PP-PRD (P 在)
                    (LCP (QP (CD 三千亿)
                    (CLP (M 元)))
                    (LC 左右)))))))
                    (PU ，)
                    (CC 但)
                    (VP (ADVP (AD 原则上))
                    (ADVP (AD 不再))
                    (VP (VV 布)
                    (NP-OBJ (NN 新点)))))))
                </parse>
                <arg n="0"> 中国 钢铁 工业 </arg>
                <arg n="M" f="ADV"> 原则上 </arg>
                <arg n="M" f="ADV"> 不再 </arg>
                <V/>
                <arg n="1"> 新点 </arg>
            </example>
        </frame>
    </frameset>
</verb>

