<!DOCTYPE verb SYSTEM "verb.dtd">
<verb>
    <id> 不振 </id>
    <frameset id="f1">
        <role argnum="0" argrole="thing described"/>
        <frame>
            <mapping>
                <V/>
                <mapitem src="sbj" trg="arg0"/>
            </mapping>
            <example>
                <parse>
                    ( (IP-SBJ (NP-TPC (QP (CD 一些))
                    (NP-PN (NR 欧洲))
                    (NP (NN 工业)
                    (NN 国家)))
                    (NP-TMP (NT 目前))
                    (NP-SBJ (NN 经济))
                    (VP (VV 不振))))
                </parse>
                <arg n="0" f="PSR"> 一些 欧洲 工业 国家 </arg>
                <arg n="M" f="TMP"> 目前 </arg>
                <arg n="0" f="PSE"> 经济 </arg>
                <V/>
            </example>
        </frame>
    </frameset>
</verb>

