<!DOCTYPE verb SYSTEM "verb.dtd">
<verb>
    <id> 不知不觉 </id>
    <frameset id="f1">
        <role argnum="0" argrole="thing described"/>
        <frame>
            <mapping>
                <V/>
                <mapitem src="sbj" trg="arg0"/>
            </mapping>
            <example>
                <parse>
                    ( (LCP-ADV (IP (NP-SBJ (-NONE- *PRO*))
                    (VP (VA 不知不觉)))
                    (LC 间)))
                </parse>
                <arg n="0"> *PRO* </arg>
                <V/>
            </example>
        </frame>
    </frameset>
</verb>

