<!DOCTYPE verb SYSTEM "verb.dtd">
<verb>
    <id> 步入 </id>
    <frameset id="f1">
        <role argnum="0" argrole="agent"/>
        <role argnum="1" argrole="age, domain"/>
        <frame>
            <mapping>
                <V/>
                <mapitem src="sbj" trg="arg0"/>
                <mapitem src="npobj" trg="arg1"/>
            </mapping>
            <example>
                <parse>
                    ( (IP-OBJ (NP-SBJ (NP-PN (NR 香港))
                    (NP (NN 体坛)))
                    (VP (VV 步入)
                    (NP-OBJ (ADJP (JJ 新))
                    (NP (NN 时代)))))) 
                    
                </parse>
                <arg n="0">
                    香港 体坛 
                </arg>
                <V/>
                <arg n="1">
                    新 时代 
                </arg>
            </example>
        </frame>
    </frameset>
</verb>
