<!DOCTYPE verb SYSTEM "verb.dtd">
<verb>
    <id> 采用 </id>
    <frameset id="f1">
        <role argnum="0" argrole="adopter"/>
        <role argnum="1" argrole="measure adopted"/>
        <frame>
            <mapping>
                <V/>
                <mapitem src="sbj" trg="arg0"/>
                <mapitem src="npobj" trg="arg1"/>
            </mapping>
            <example>
                <parse>
                    ( (IP (NP-SBJ (PN 他们))
                    (VP (VP (PP-DIR (P 从)
                    (NP (NP (NN 世界))
                    (DP (DT 各))
                    (NP (NN 国))))
                    (VP (VV 引进)
                    (NP-OBJ (NP (ADJP (JJ 新))
                    (NP (NN 技术)))
                    (CC 和)
                    (NP (ADJP (JJ 先进))
                    (NP (NN 设备))))))
                    (PU ，)
                    (VP (ADVP (AD 大量))
                    (VP (VV 采用)
                    (NP-OBJ (NP (DP (DT 本))
                    (NP (NN 国)))
                    (ADJP (JJ 最新))
                    (NP (NN 科研)
                    (NN 成果))))))))
                </parse>
                <arg n="0"> 他们 </arg>
                <arg n="M" f="ADV"> 大量 </arg>
                <V/>
                <arg n="1"> 本 国 最新 科研 成果 </arg>
            </example>
        </frame>
    </frameset>
</verb>

