<!DOCTYPE verb SYSTEM "verb.dtd">
<verb>
    <id> 参差不齐 </id>
    <frameset id="f1">
        <role argnum="0" argrole="thing described"/>
        <frame>
            <mapping>
                <V/>
                <mapitem src="sbj" trg="arg0"/>
                <mapitem src="npobj" trg="arg1"/>
            </mapping>
            <example>
                <parse>
                    ( (IP (NP-SBJ (NP (PN 其))
                    (NP (NN 产品)
                    (NN 质量)))
                    (VP (ADVP (AD 也))
                    (VP (VV 参差不齐)))))
                </parse>
                <arg n="0"> 其 产品 质量 </arg>
                <arg n="M" f="ADV"> 也 </arg>
                <V/>
            </example>
        </frame>
    </frameset>
</verb>

