<!DOCTYPE verb SYSTEM "verb.dtd">
<verb>
    <id> 参展 </id>
    <frameset id="f1">
        <role argnum="0" argrole="exhibitor"/>
        <frame>
            <mapping>
                <V/>
                <mapitem src="sbj" trg="arg0"/>
            </mapping>
            <example>
                <parse>
                    ( (IP (NP-SBJ (CP (WHNP-1 (-NONE- *OP*))
                    (CP (IP (NP-SBJ (-NONE- *T*-1))
                    (VP (VV 来自)
                    (NP-OBJ (QP (CD 三十八)
                    (CLP (M 个)))
                    (NP (NN 国家)
                    (CC 和)
                    (NN 地区)))))
                    (DEC 的)))
                    (QP (CD 一千五百多)
                    (CLP (M 家)))
                    (NP (NN 出版社)))
                    (VP (VV 参展))
                    (PU 。)))
                </parse>
                <arg n="0"> *OP* (*T*-1)->(一千五百多出版社) 来自 三十八 个 国家 和 地区 的 一千五百多 家 出版社 </arg>
                <V/>
            </example>
        </frame>
    </frameset>
</verb>

