<!DOCTYPE verb SYSTEM "verb.dtd">
<verb>
    <id> 参予 </id>
    <frameset id="f1">
        <role argnum="0" argrole="participant"/>
        <role argnum="1" argrole="activity"/>
        <frame>
            <mapping>
                <V/>
                <mapitem src="sbj" trg="arg0"/>
                <mapitem src="npobj" trg="arg1"/>
            </mapping>
            <example>
                <parse>
                    ( (IP (NP-TMP (NP (NT 今后))
                    (QP (CD 一)
                    (CLP (M 段)))
                    (NP (NN 时期)))
                    (PU ，)
                    (NP-PN-SBJ (NR 中国))
                    (VP (ADVP (AD 将))
                    (VP (VP (VV 鼓励)
                    (NP-OBJ (NN 外商))
                    (IP (NP-SBJ (-NONE- *PRO*))
                    (VP (VV 投资)
                    (NP-OBJ (NP (NP (NP (NN 农业))
                    (ADJP (JJ 新))
                    (NP (NN 技术)))
                    (CC 和)
                    (NP (NP (NN 土地)
                    (NN 资源))
                    (ADJP (JJ 综合))
                    (NP (NN 开发))))
                    (CC 以及)
                    (NP (NP-APP (NP (NN 水利))
                    (PU 、)
                    (NP (NN 能源))
                    (PU 、)
                    (NP (NN 交通))
                    (PU 、)
                    (NP (ADJP (JJ 重要))
                    (NP (NN 原材料)))
                    (PU 、)
                    (NP (NN 机械)
                    (NN 电子))
                    (PU 、)
                    (NP (NN 矿业))
                    (ETC 等))
                    (NP (NN 基础)
                    (NN 产业)
                    (CC 和)
                    (NN 支柱)
                    (NN 产业)))))))
                    (PU ，)
                    (VP (VV 鼓励)
                    (NP-OBJ (NN 外商))
                    (IP (NP-SBJ (-NONE- *PRO*))
                    (VP (VP (VV 采用)
                    (NP-OBJ (ADJP (JJ 高新))
                    (NP (NN 技术))))
                    (VP (VV 参予)
                    (NP-OBJ (DNP (NP (NP-PN (NR 中国))
                    (NP (NN 企业)))
                    (DEG 的))
                    (NP (NN 技术)
                    (NN 改造)))))))))
                    (PU 。)))
                </parse>
                <arg n="0"> *PRO* </arg>
                <V/>
                <arg n="1"> 中国 企业 的 技术 改造 </arg>
            </example>
        </frame>
    </frameset>
</verb>

