<!DOCTYPE verb SYSTEM "verb.dtd">
<verb>
    <id> 残暴 </id>
    <frameset id="f1">
        <role argnum="0" argrole="thing described"/>
        <frame>
            <mapping>
                <V/>
                <mapitem src="sbj" trg="arg0"/>
            </mapping>
            <example>
                <parse>
                    ( (NP-PRD (DNP (PP (P 对)
                    (NP (NP-PN (NR 朝鲜))
                    (NP (NN 主权))))
                    (DEG 的))
                    (CP (WHNP-1 (-NONE- *OP*))
                    (CP (IP (NP-SBJ (-NONE- *T*-1))
                    (VP (ADVP (AD 最))
                    (VP (VA 残暴))))
                    (DEC 的)))
                    (NP (NN 蹂躏))))
                </parse>
                <arg n="0"> (*T*-1)->(蹂躏) </arg>
                <arg n="M" f="ADV"> 最 </arg>
                <V/>
            </example>
        </frame>
    </frameset>
</verb>

