<!DOCTYPE verb SYSTEM "verb.dtd">
<verb>
    <id> 参赛 </id>
    <frameset id="f1">
        <role argnum="0" argrole="participant"/>
        <frame>
            <mapping>
                <V/>
                <mapitem src="sbj" trg="arg0"/>
            </mapping>
            <example>
                <parse>
                    ( (IP (NP-SBJ (PN 他们))
                    (VP (ADVP (AD 将))
                    (ADVP (AD 因此))
                    (VP (MSP 而)
                    (VP (ADVP (AD 无缘))
                    (VP (VV 参赛)))))))
                </parse>
                <arg n="0"> 他们 </arg>
                <arg n="M" f="ADV"> 将) </arg>
                <arg n="M" f="ADV"> 因此 </arg>
                <arg n="M" f="ADV"> 无缘 </arg>
                <V/>
            </example>
        </frame>
    </frameset>
</verb>

