<!DOCTYPE verb SYSTEM "verb.dtd">
<verb>
    <id> 藏 </id>
    <frameset id="f1">
        <role argnum="0" argrole="agent, hider"/>
        <role argnum="1" argrole="theme,thing hidden"/>
        <frame>
            <mapping>
                <V/>
                <mapitem src="sbj" trg="arg0"/>
                <mapitem src="npobj" trg="arg1"/>
            </mapping>
            <example>
                <parse>
                    ( (IP-OBJ (PU “)
                    (CP-CND (ADVP (CS 只要))
                    (IP (NP-SBJ (DNP (NP (PN 我))
                    (DEG 的))
                    (NP (NN 犬)))
                    (VP (ADVP (AD 一))
                    (VP (VV 露面)))))
                    (PU ，)
                    (NP-SBJ (DP (DT 其他))
                    (NP (NN 部队)))
                    (VP (ADVP (AD 就))
                    (DVP (VP (VPT (VA 忙)
                    (AD 不)
                    (VV 迭)))
                    (DEV 的))
                    (VP (BA 把)
                    (IP-OBJ (NP-SBJ (DNP (NP (PN 自己))
                    (DEG 的))
                    (NP (NN 警犬)))
                    (VP (VRD (VV 藏)
                    (VV 起来))))))))
                </parse>
                <arg n="M" f="CND"> 只要 我 的 犬 一 露面 </arg>
                <arg n="0"> 其他 部队 </arg>
                <arg n="M" f="ADV"> 就 </arg>
                <arg n="M" f="ADV"> 忙 不 迭 的 </arg>
                <arg n="1"> 自己 的 警犬 </arg>
                <V/>
            </example>
        </frame>
    </frameset>
</verb>

