<!DOCTYPE verb SYSTEM "verb.dtd">
<verb>
    <id> 惨烈 </id>
    <frameset id="f1">
        <role argnum="0" argrole="thing described"/>
        <frame>
            <mapping>
                <V/>
                <mapitem src="sbj" trg="arg0"/>
            </mapping>
            <example>
                <parse>
                    ( (IP (NP-SBJ (NP-PN (NR 韩国))
                    (NP (NN 境况)))
                    (VP (ADVP (AD 同样))
                    (VP (VA 惨烈)))))
                </parse>
                <arg n="0"> 韩国 境况 </arg>
                <arg n="M" f="ADV"> 同样 </arg>
                <V/>
            </example>
        </frame>
    </frameset>
</verb>

