<!DOCTYPE verb SYSTEM "verb.dtd">
<verb>
    <id> 查封 </id>
    <frameset id="f1">
        <role argnum="0" argrole="agent"/>
        <role argnum="1" argrole="theme"/>
        <frame>
            <mapping>
                <V/>
                <mapitem src="sbj" trg="arg0"/>
                <mapitem src="npobj" trg="arg1"/>
            </mapping>
            <example>
                <parse>
                    ( (NP-OBJ (CP-APP (IP (NP-SBJ (-NONE- *PRO*))
                    (VP (ADVP (AD 暂时))
                    (VP (VP (VV 扣押)
                    (NP-OBJ (-NONE- *RNR*-6)))
                    (PU 、)
                    (VP (VV 查封)
                    (NP-OBJ-6 (NP (PN 其))
                    (NP (NN 商品)
                    (CC 和)
                    (NN 财产)))))))
                    (DEC 的))
                    (NP (NN 措施))))
                </parse>
                <arg n="0"> *PRO* </arg>
                <arg n="M" f="ADV"> 暂时 </arg>
                <V/>
                <arg n="1"> 其 商品 和 财产 </arg>
            </example>
        </frame>
    </frameset>
</verb>

