<!DOCTYPE verb SYSTEM "verb.dtd">
<verb>
    <id> 草签 </id>
    <frameset id="f1">
        <role argnum="0" argrole="signer"/>
        <role argnum="1" argrole="agreement"/>
        <frame>
            <mapping>
                <V/>
                <mapitem src="sbj" trg="arg0"/>
                <mapitem src="npobj" trg="arg1"/>
            </mapping>
            <example>
                <parse>
                    ( (IP (LCP-TMP (QP (CD 几)
                    (CLP (M 天)))
                    (LC 前))
                    (PU ，)
                    (NP-SBJ (CP (WHNP-1 (-NONE- *OP*))
                    (CP (IP (NP-SBJ (-NONE- *T*-1))
                    (VP (ADVP (AD 曾))
                    (PP-LOC (P 在)
                    (LCP (NP (NP-PN (NR 黄河)
                    (NR 小浪底))
                    (NP (NN 工程)))
                    (LC 中)))
                    (VP (VSB (VV 投标)
                    (VA 成功)))))
                    (DEC 的)))
                    (NP-PN (NR 德国)
                    (NR 宋氏)
                    (NN 国际)
                    (NN 贸易)
                    (NN 公司)))
                    (VP (VP (ADVP (AD 刚刚))
                    (VP (VP (VV 结束)
                    (NP-OBJ (DNP (PP (P 对)
                    (NP (NP-PN (NR 三峡))
                    (NP (NN 库区))))
                    (DEG 的))
                    (NP (NN 考察))))
                    (VP (VV 回到)
                    (NP-PN-OBJ (NR 北京)))
                    (PU ，)
                    (VP (PP (P 与)
                    (NP-PN (NR 中国)))
                    (VP (VV 草签)
                    (AS 了)
                    (NP-OBJ (DNP (NP (QP (CD 五亿多)
                    (CLP (M 元)))
                    (NP (NN 人民币)))
                    (DEG 的))
                    (NP (NN 合作)
                    (NN 协议)))))))
                    (PU ，)
                    (VP (VV 准备)
                    (IP-OBJ (NP-SBJ (-NONE- *PRO*))
                    (VP (VV 投资)
                    (NP-OBJ (NP-APP (DNP (NP (NP-PN (NR 三峡))
                    (NP (NN 库区)))
                    (DEG 的))
                    (NP (NP (NN 建材))
                    (PU 、)
                    (NP (ADJP (JJ 小))
                    (NP (NN 水电业)))
                    (ETC 等)))
                    (NP (NN 项目)))))))
                    (PU 。))) 
                </parse>
                <arg n="M" f="TMP">
                    几 天 前 
                </arg>
                <arg n="0">
                    *OP* (*T*-1)->(德国宋氏国际贸易公司) 曾 在 黄河 小浪底 工程 中 投标 成功 的 德国 宋氏 国际 贸易 公司 
                </arg>
                <arg n="M" f="ADV">
                    刚刚 
                </arg>
                <arg n="0" f="CRD">
                    与 中国 
                </arg>
                <V/>
                <arg n="1">
                    五亿多 元 人民币 的 合作 协议 
                </arg>
            </example>
        </frame>
    </frameset>
</verb>
