<!DOCTYPE verb SYSTEM "verb.dtd">
<verb>
    <id> 查获 </id>
    <frameset id="f1">
        <role argnum="0" argrole="law enforcement"/>
        <role argnum="1" argrole="thing found"/>
        <frame>
            <mapping>
                <V/>
                <mapitem src="sbj" trg="arg0"/>
                <mapitem src="npobj" trg="arg1"/>
                <mapitem src="ext" trg="argM"/>
            </mapping>
            <example>
                <parse>
                    (IP-OBJ (NP-SBJ (NP (DP (DT 该))
                    (NP (NN 国)))
                    (NP (NN 缉毒警)))
                    (VP (NP-TMP (NT 今年))
                    (ADVP (AD 已))
                    (VP (VV 查获)
                    (NP-OBJ (NP-APP (NN 可卡因)
                    (PU 、)
                    (NN 大麻)
                    (PU 、)
                    (NN 海洛因)
                    (ETC 等))
                    (DP (DT 各)
                    (CLP (M 类)))
                    (NP (NN 毒品)))
                    (QP-EXT (ADVP (AD 共))
                    (QP (CD ４００多)
                    (CLP (M 吨))))))) 
                </parse>
                <arg n="0">
                    该 国 缉毒警 
                </arg>
                <arg n="M" f="TMP">
                    今年 
                </arg>
                <arg n="M" f="ADV">
                    已 
                </arg>
                <V/>
                <arg n="1">
                    可卡因 、 大麻 、 海洛因 等 各 类 毒品 
                </arg>
                <arg n="M" f="EXT">
                    共 ４００多 吨 
                </arg>
            </example>
        </frame>
    </frameset>
</verb>
