<!DOCTYPE verb SYSTEM "verb.dtd">
<verb>
    <id> 操纵 </id>
    <frameset id="f1">
        <role argnum="0" argrole="manipulator,operator"/>
        <role argnum="1" argrole="thing manipulated"/>
        <frame>
            <mapping>
                <V/>
                <mapitem src="sbj" trg="arg0"/>
                <mapitem src="npobj" trg="arg1"/>
            </mapping>
            <example>
                <parse>
                    ( (IP (NP-SBJ (-NONE- *pro*))
                    (VP (VV 禁止)
                    (NP-OBJ (IP-APP (NP-SBJ (-NONE- *PRO*))
                    (VP (VP (VV 欺诈))
                    (PU 、)
                    (VP (NP-ADV (NN 内幕))
                    (VP (VV 交易)))
                    (CC 和)
                    (VP (VV 操纵)
                    (NP-OBJ (NN 市场)))))
                    (NP (NN 行为))))))
                </parse>
                <arg n="0"> *PRO* </arg>
                <V/>
                <arg n="1"> 市场 </arg>
            </example>
        </frame>
    </frameset>
</verb>

