<!DOCTYPE verb SYSTEM "verb.dtd">
<verb>
    <id> 搀扶 </id>
    <frameset id="f1">
        <role argnum="0" argrole="agent"/>
        <role argnum="1" argrole="theme"/>
        <frame>
            <mapping>
                <V/>
                <mapitem src="sbj" trg="arg0"/>
                <mapitem src="npobj" trg="arg1"/>
            </mapping>
            <example>
                <parse>
                    ( (IP (NP-SBJ-1 (QP (CD 一)
                    (CLP (M 位)))
                    (DNP (NP (QP (CD 八十一)
                    (CLP (M 岁)))
                    (NP (NN 高龄)))
                    (DEG 的))
                    (NP (NN 老人)))
                    (VP (VP (PP-LGS (P 由)
                    (NP (NN 别人)))
                    (VP (VV 搀扶)
                    (NP-OBJ (-NONE- *-1))))
                    (VP (VV 来到)
                    (NP-PN-OBJ (NR 中山)
                    (NN 医科)
                    (NN 大学)
                    (NN 鉴定)
                    (NN 中心))))))
                </parse>
                <arg n="0"> 由 别人 </arg>
                <V/>
                <arg n="1"> (*-1)->(一位八十一岁高龄的老人) </arg>
            </example>
        </frame>
    </frameset>
</verb>

