<!DOCTYPE verb SYSTEM "verb.dtd">
<verb>
    <id> 差 </id>
    <frameset id="f1">
        <role argnum="0" argrole="entity compared"/>
        <role argnum="1" argrole="the difference"/>
        <role argnum="2" argrole="entity compared with"/>
        <frame>
            <mapping>
                <V/>
                <mapitem src="sbj" trg="arg0"/>
                <mapitem src="npobj" trg="arg1"/>
            </mapping>
            <example>
                <parse>
                    ( (IP (IP-SBJ (NP-SBJ (-NONE- *pro*))
                    (VP (VV 距)
                    (QP-OBJ (NP-APP (CP (WHNP-1 (-NONE- *OP*))
                    (CP (IP (NP-SBJ (-NONE- *pro*))
                    (VP (NP-TMP (NT １１月)
                    (NT ２３日))
                    (VP (MSP 所)
                    (VP (VV 创)
                    (NP-OBJ (-NONE- *T*-1))))))
                    (DEC 的)))
                    (NP (NN 历史)
                    (NN 最高点)))
                    (QP (CD ９３７４．２７)
                    (CLP (M 点))))))
                    (VP (ADVP (AD 只))
                    (VP (VV 差)
                    (QP-OBJ (CD １４７)
                    (CLP (M 点))))))) 
                    
                </parse>
                <arg n="0">
                    *pro* 
                    
                </arg>
                <arg n="2">
                    距１１月 ２３日 所 创 的 历史 最高点 ９３７４．２７ 点 
                </arg>
                <arg n="M" f="ADV">
                    只 
                </arg>
                <V/>
                <arg n="1">
                    １４７ 点 
                </arg>
            </example>
        </frame>
    </frameset>
    <frameset id="f2">
        <role argnum="0" argrole="thing described"/>
        <frame>
            <mapping>
                <V/>
                <mapitem src="sbj" trg="arg0"/>
            </mapping>
            <example>
                <parse>
                    ( (IP (NP-SBJ (DNP (NP (PN 他们))
                    (DEG 的))
                    (NP (NN 基础)
                    (NN 知识)))
                    (VP (VA 差)))) 
                    
                </parse>
                <arg n="0">
                    他们 的 基础 知识 
                </arg>
                <V/>
            </example>
        </frame>
    </frameset>
</verb>
