<!DOCTYPE verb SYSTEM "verb.dtd">
<verb>
    <id> 缠住 </id>
    <frameset id="f1">
        <role argnum="0" argrole="agent"/>
        <role argnum="1" argrole="theme"/>
        <frame>
            <mapping>
                <V/>
                <mapitem src="sbj" trg="arg0"/>
                <mapitem src="npobj" trg="arg1"/>
            </mapping>
            <example>
                <parse>
                    ( (IP (PU “)
                    (NP-SBJ (PN 我))
                    (VP (VV 得)
                    (VP (PP (P 象)
                    (NP-PN (NR 霍利菲尔德)))
                    (ADVP (AD 那样))
                    (VP (VP (VV 凑近)
                    (NP-OBJ (PN 他)))
                    (PU ，)
                    (VP (VV 缠住)
                    (NP-OBJ (-NONE- *RNR*-1)))
                    (CC 或)
                    (VP (VV 抱住)
                    (NP-OBJ-1 (PN 他))))))))
                </parse>
                <arg n="0"> 我 </arg>
                <arg n="M" f="ADV"> 象 霍利菲尔德 </arg>
                <arg n="M" f="ADV"> 那样 </arg>
                <V/>
                <arg n="1"> (*RNR*-1)->(他) </arg>
            </example>
        </frame>
    </frameset>
</verb>

