<!DOCTYPE verb SYSTEM "verb.dtd">
<verb>
    <id> 阐述 </id>
    <frameset id="f1">
        <role argnum="0" argrole="speaker"/>
        <role argnum="1" argrole="message"/>
        <role argnum="2" argrole="audience"/>
        <frame>
            <mapping>
                <V/>
                <mapitem src="sbj" trg="arg0"/>
                <mapitem src="npobj" trg="arg1"/>
                <mapitem src="dir" trg="arg2"/>
            </mapping>
            <example>
                <parse>
                    ( (IP (NP-SBJ (NP-APP (NP-PN (NR 中国)
                    (NN 人民)
                    (NN 银行))
                    (NP (NN 副行长)))
                    (NP-PN (NR 陈元)))
                    (VP (NP-TMP (NT 今天))
                    (PP-LOC (P 在)
                    (LCP (NP (CP (WHNP-1 (-NONE- *OP*))
                    (CP (IP (NP-PN-SBJ (NN 世界)
                    (NN 银行))
                    (VP (VV 举办)
                    (NP-OBJ (-NONE- *T*-1))))
                    (DEC 的)))
                    (NP (PU “)
                    (NP (NP (NT 廿一世纪))
                    (NP-PN (NR 中国))
                    (NP (NN 经济)))
                    (NP (NN 展望))
                    (PU ”))
                    (NP (NN 研讨会)))
                    (LC 上)))
                    (PU ，)
                    (PP-DIR (P 向)
                    (NP (NN 与会者)))
                    (VP (VV 阐述)
                    (AS 了)
                    (NP-OBJ (NP (PU “)
                    (NP (QP (CD 一))
                    (NP (NN 国)))
                    (NP (QP (CD 两))
                    (NP (NN 制)))
                    (PU ”))
                    (DNP (PP (P 在)
                    (NP (NN 金融)
                    (NN 领域)))
                    (DEG 的))
                    (NP (NN 涵义)))))
                    (PU 。)))
                </parse>
                <arg n="0"> 中国 人民 银行 副行长 陈元 </arg>
                <arg n="M" f="TMP"> 今天 </arg>
                <arg n="M" f="LOC"> 在 *OP* 世界 银行 举办 (*T*-1)->(“廿一世纪中国经济展望研讨会) 的 “ 廿一世纪 中国 经济 展望 ” 研讨会 上 </arg>
                <arg n="2"> 向 与会者 </arg>
                <V/>
                <arg n="1"> “ 一 国 两 制 ” 在 金融 领域 的 涵义 </arg>
            </example>
        </frame>
        <frame>
            <mapping>
                <V/>
                <mapitem src="sbj" trg="arg0"/>
                <mapitem src="npobj" trg="arg1"/>
            </mapping>
            <example>
                <parse>
                    ( (IP (NP-PN-SBJ (NR 江泽民)
                    (NN 主席))
                    (VP (PP-LOC (P 在)
                    (LCP (NP (DP (DT 这)
                    (CLP (M 次)))
                    (NP (NN 会晤)))
                    (LC 中)))
                    (ADVP (AD 郑重))
                    (VP (VV 阐述)
                    (AS 了)
                    (NP-OBJ (DNP (NP-PN (NR 中国))
                    (DEG 的))
                    (NP (NN 立场)))))
                    (PU 。)))
                </parse>
                <arg n="0"> 江泽民 主席 </arg>
                <arg n="M" f="LOC"> 在 这 次 会晤 中 </arg>
                <arg n="M" f="ADV"> 郑重 </arg>
                <V/>
                <arg n="1"> 中国 的 立场 </arg>
            </example>
        </frame>
    </frameset>
</verb>

