<!DOCTYPE verb SYSTEM "verb.dtd">
<verb>
    <id> 昌盛 </id>
    <frameset id="f1">
        <role argnum="0" argrole="thing described"/>
        <frame>
            <mapping>
                <V/>
                <mapitem src="sbj" trg="arg0"/>
            </mapping>
            <example>
                <parse>
                    ( (IP-OBJ (NP-PN-SBJ (NR 香港))
                    (VP (NP-TMP (NT 未来))
                    (VP (VCD (VA 繁荣)
                    (VA 昌盛))))))
                </parse>
                <arg n="0"> 香港 </arg>
                <arg n="M" f="TMP"> 未来 </arg>
                <V/>
            </example>
        </frame>
    </frameset>
</verb>

