<!DOCTYPE verb SYSTEM "verb.dtd">
<verb>
    <id> 常见 </id>
    <frameset id="f1">
        <role argnum="0" argrole="thing described"/>
        <frame>
            <mapping>
                <V/>
                <mapitem src="sbj" trg="arg0"/>
            </mapping>
            <example>
                <parse>
                    ( (NP-SBJ (QP (CD 一)
                    (CLP (M 个)))
                    (CP (WHNP-1 (-NONE- *OP*))
                    (CP (IP (NP-SBJ (-NONE- *T*-1))
                    (VP (ADVP (AD 较为))
                    (VP (VA 常见))))
                    (DEC 的)))
                    (CP-APP (IP (NP-SBJ (-NONE- *PRO*))
                    (VP (VV 悲欢离合)))
                    (DEC 的))
                    (NP (NN 题材))))
                </parse>
                <arg n="0"> (*T*-1)->(*PRO*悲欢离合的题材) </arg>
                <arg n="M" f="ADV"> 较为 </arg>
                <V/>
            </example>
        </frame>
    </frameset>
</verb>

