<!DOCTYPE verb SYSTEM "verb.dtd">
<verb>
    <id> 长寿 </id>
    <frameset id="f1">
        <role argnum="0" argrole="people"/>
        <frame>
            <mapping>
                <V/>
                <mapitem src="sbj" trg="arg0"/>
            </mapping>
            <example>
                <parse>
                    ( (IP (NP-TMP (NT 现时))
                    (NP-SBJ (NP-PN (NR 香港))
                    (NP (NN 人口)))
                    (VP (PP (P 比较)
                    (NP (NT 以往)))
                    (ADVP (AD 更加))
                    (VP (VA 长寿)))
                    (PU 。)))
                </parse>
                <arg n="M" f="TMP"> 现时 </arg>
                <arg n="0"> 香港 人口 </arg>
                <arg n="M" f="ADV"> 比较 以往 </arg>
                <arg n="M" f="ADV"> 更加 </arg>
                <V/>
            </example>
        </frame>
    </frameset>
</verb>

