<!DOCTYPE verb SYSTEM "verb.dtd">
<verb>
    <id> 长 </id>
    <frameset id="f1">
        <role argnum="0" argrole="entity that Arg1 grows on"/>
        <role argnum="1" argrole="thing that grow"/>
        <frame>
            <mapping>
                <V/>
                <mapitem src="sbj" trg="arg0"/>
                <mapitem src="npobj" trg="arg1"/>
            </mapping>
            <example>
                <parse>
                    ( (IP (NP-SBJ (DNP (ADJP (JJ 一般))
                    (DEG 的))
                    (NP (NN 白玉兰)))
                    (VP (ADVP (AD 都))
                    (VP (VC 是)
                    (IP-OBJ (IP (NP-SBJ (NT 春天))
                    (VP (VV 开)
                    (NP-OBJ (NN 花))))
                    (PU ，)
                    (IP (NP-SBJ (-NONE- *pro*))
                    (VP (LCP-TMP (IP (NP-SBJ (NN 花))
                    (VP (VV 谢)))
                    (LC 后))
                    (VP (VV 长)
                    (NP-OBJ (NN 叶)))))
                    (PU ，)
                    (IP (NP-SBJ (NN 花)
                    (NN 叶))
                    (VP (ADVP (AD 不))
                    (VP (VV 同期))))))))) 
                    
                </parse>
                <arg n="0">
                    *pro* 	  	  	  
                </arg>
                <arg n="M" f="TMP">
                    花 谢 后 	  	  	  
                </arg>
                <V/>
                <arg n="1">
                    叶 	  	  	  
                </arg>
            </example>
            <example>
                <parse>
            他在大肠里长了个瘤子.
                </parse>
                <arg n="0">
                    他  	  	  	  
                </arg>
                <arg n="m" f="LOC">
                    在大肠	  	  	  
                </arg>
                <arg n="1">
                    个瘤子  	  	  	  
                </arg>
                <V/>
            </example>
        </frame>
        <frame>
            <mapping>
                <V/>
                <mapitem src="sbj" trg="arg1"/>
            </mapping>
            <example>
                <parse>
                    ( (IP (IP (NP-SBJ (CD 一))
                    (VP (VV 消)))
                    (IP (NP-SBJ (CD 一))
                    (VP (VV 长)))))              
                </parse>
                <arg n="1">
                    一 	  	  	  
                </arg>
                <V/>
            </example>
        </frame>
    </frameset>
    <frameset id="f2">
        <role argnum="0" argrole="thing described"/>
        <role argnum="1" argrole="length"/>
        <role argnum="2" argrole="entity arg0 is longer than"/>
        <frame>
            <mapping>
                <V/>
                <mapitem src="sbj" trg="arg0"/>
                <mapitem src="ext" trg="arg1"/>
            </mapping>
            <example>
                <parse>
                    ( (IP (NP-SBJ (CP (WHNP-1 (-NONE- *OP*))
                    (CP (IP (NP-SBJ (-NONE- *pro*))
                    (VP (MSP 所)
                    (VP (VV 用)
                    (NP-OBJ (-NONE- *T*-1)))))
                    (DEC 的)))
                    (NP (NN 太阳能)
                    (NN 电池板)))
                    (VP (VV 长)
                    (QP-EXT (CD ３０)
                    (CLP (M 米)))))) 
                    
                </parse>
                <arg n="0">
                    *OP* *pro* 所 用 (*T*-1)->(太阳能电池板) 的 太阳能 电池板 	  	  	  
                </arg>
                <V/>
                <arg n="1">
                    ３０ 米 	  	  	  
                </arg>
            </example>
        </frame>
        <frame>
            <mapping>
                <V/>
                <mapitem src="sbj" trg="arg0"/>
            </mapping>
            <example>
                <parse>
                    ( (IP (NP-SBJ (NN 生产)
                    (NN 周期))
                    (VP (VA 长)))) 
                    
                </parse>
                <arg n="0">
                    生产 周期 	  	  	  
                </arg>
                <V/>
            </example>
        </frame>
    </frameset>
    <frameset id="f3">
        <role argnum="0" argrole="thing described"/>
        <role argnum="1" argrole="level that arg0 grows to"/>
        <frame>
            <mapping>
                <V/>
                <mapitem src="sbj" trg="arg0"/>
                <mapitem src="ext" trg="arg1"/>
            </mapping>
            <example>
                <parse>
                    (NP-SBJ (-NONE- *pro*))
                    (VP (PP-TMP (P 在)
                    (NP (NN 农历)))
                    (VP (VRD (VV 长)
                    (VV 到))
                    (NP-OBJ (NN 换毛))))) 
                    
                </parse>
                <arg n="0">
                    *pro*	  	  	  
                </arg>
                <V/>
                <arg n="m" f="tmp">
                    在 农历	  
                </arg>
                <arg n="1">
                    换毛 	  	  	  
                </arg>
            </example>
        </frame>
    </frameset>
</verb>
