<!DOCTYPE verb SYSTEM "verb.dtd">
<verb>
    <id> 长鸣 </id>
    <frameset id="f1">
        <role argnum="0" argrole="agent"/>
        <frame>
            <mapping>
                <V/>
                <mapitem src="sbj" trg="arg0"/>
            </mapping>
            <example>
                <parse>
                    ( (NP-OBJ (QP (CD 一)
                    (CLP (M 只)))
                    (CP (WHNP-1 (-NONE- *OP*))
                    (CP (IP (NP-SBJ (-NONE- *T*-1))
                    (VP (VP (VP (VV 挺)
                    (NP-OBJ (NN 胸)))
                    (VP (VV 鼓)
                    (NP-OBJ (NN 肚))))
                    (PU 、)
                    (VP (VSB (VV 引颈)
                    (VV 长鸣)))))
                    (DEC 的)))
                    (NP (NN 公鸡))))
                </parse>
                <arg n="0"> (*T*-1)->(公鸡) </arg>
                <V/>
            </example>
        </frame>
    </frameset>
</verb>

