<!DOCTYPE verb SYSTEM "verb.dtd">
<verb>
    <id> 敞开 </id>
    <frameset id="f1">
        <role argnum="0" argrole="agent"/>
        <role argnum="1" argrole="theme"/>
        <frame>
            <mapping>
                <V/>
                <mapitem src="sbj" trg="arg1"/>
            </mapping>
            <example>
                <parse>
                    (IP (NP-SBJ (DNP (NP-PN (NR 委内瑞拉))
                    (DEG 的))
                    (NP (NN 大门)))
                    (VP (ADVP (AD 永远))
                    (PP-DIR (P 向)
                    (NP (NP-PN (NR 中国))
                    (NP (NN 企业家))))
                    (VP (VV 敞开)
                    (AS 着)))
                    (PU 。))
                </parse>
                <arg n="0"> 委内瑞拉 的 大门 </arg>
                <V/>
            </example>
        </frame>
    </frameset>
</verb>

