<!DOCTYPE verb SYSTEM "verb.dtd">
<verb>
    <id> 畅 </id>
    <frameset id="f1">
        <role argnum="0" argrole="thing described"/>
        <frame>
            <mapping>
                <V/>
                <mapitem src="sbj" trg="arg0"/>
            </mapping>
            <example>
                <parse>
                    ( (IP-SBJ (NP-TPC (DP (DT 这些))
                    (NP (NN 单位)))
                    (NP-SBJ (NN 联系))
                    (VP (ADVP (AD 不))
                    (VP (VA 畅))))) 
                </parse>
                <arg n="0" f="PSR">
                    这些 单位 
                </arg>
                <arg n="0" f="PSE">
                    联系 
                </arg>
                <V/>
            </example>
        </frame>
    </frameset>
</verb>
