<!DOCTYPE verb SYSTEM "verb.dtd">
<verb>
    <id> 畅通无阻 </id>
    <frameset id="f1">
        <role argnum="0" argrole="things described"/>
        <frame>
            <mapping>
                <V/>
                <mapitem src="sbj" trg="arg0"/>
            </mapping>
            <example>
                <parse>
                    ( (IP-OBJ (NP-SBJ (DNP (NP-PN (NR 联合国))
                    (DEG 的))
                    (NP (NN 人道主义)
                    (NN 援助)))
                    (VP (VV 畅通无阻))))
                </parse>
                <arg n="0"> 联合国 的 人道主义 援助 </arg>
                <V/>
            </example>
        </frame>
    </frameset>
</verb>

