<!DOCTYPE verb SYSTEM "verb.dtd">
<verb>
    <id> 超前 </id>
    <frameset id="f1">
        <role argnum="0" argrole="thing described"/>
        <frame>
            <mapping>
                <V/>
                <mapitem src="sbj" trg="arg0"/>
            </mapping>
            <example>
                <parse>
                    ( (NP-OBJ (QP (CD 一)
                    (CLP (M 个)))
                    (CP (WHNP-1 (-NONE- *OP*))
                    (CP (IP (NP-SBJ (-NONE- *T*-1))
                    (VP (VP (PP (P 与)
                    (NP (NP (DP (DT 全))
                    (NP (NN 省)))
                    (NP (NN 经济)
                    (CC 和)
                    (NN 社会))
                    (NP (NN 发展))))
                    (ADVP (AD 相))
                    (VP (VV 适应)))
                    (CC 并)
                    (VP (ADVP (AD 适度))
                    (VP (VV 超前)))))
                    (DEC 的)))
                    (NP (NN 现代化)
                    (NN 交通)
                    (NN 网络))))
                </parse>
                <arg n="0"> (*T*-1)->(现代化交通网络) </arg>
                <arg n="m"> 适度 </arg>
                <V/>
            </example>
        </frame>
    </frameset>
</verb>

