<!DOCTYPE verb SYSTEM "verb.dtd">
<verb>
    <id> 畅谈 </id>
    <frameset id="f1">
        <role argnum="0" argrole="talker"/>
        <role argnum="1" argrole="things talked about"/>
        <frame>
            <mapping>
                <V/>
                <mapitem src="sbj" trg="arg0"/>
                <mapitem src="npobj" trg="arg1"/>
            </mapping>
            <example>
                <parse>
                    ( (IP (NP-SBJ (CP (WHNP-1 (-NONE- *OP*))
                    (CP (IP (NP-SBJ (-NONE- *T*-1))
                    (VP (VCD (VV 劳动)
                    (VV 归来))))
                    (DEC 的)))
                    (NP (NN 大学生们)))
                    (VP (PP-LOC (P 在)
                    (LCP (NP (DNP (NP (NT 昨天))
                    (DEG 的))
                    (NP (NN 座谈会)))
                    (LC 上)))
                    (VP (VV 畅谈)
                    (NP-OBJ (NN 体会))))))
                </parse>
                <arg n="0"> *OP* (*T*-1)->(大学生们) 劳动 归来 的 大学生们 </arg>
                <V/>
                <arg n="1"> 体会 </arg>
            </example>
        </frame>
    </frameset>
</verb>

