<!DOCTYPE verb SYSTEM "verb.dtd">
<verb>
    <id> 倡议 </id>
    <frameset id="f1">
        <role argnum="0" argrole="proponent"/>
        <role argnum="1" argrole="thing proposed"/>
        <frame>
            <mapping>
                <V/>
                <mapitem src="sbj" trg="arg0"/>
            </mapping>
            <example>
                <parse>
                    ( (PP-LOC (P 在)
                    (LCP (IP (NP-SBJ (NP-PN (NR 台湾))
                    (ADJP (JJ 著名))
                    (NP-APP (NN 企业家)
                    (PU 、)
                    (NN 书画家)
                    (PU 、)
                    (NN 艺术品)
                    (NN 收藏家))
                    (NP-PN (NR 李志仁)
                    (NN 先生)))
                    (VP (VV 倡议)
                    (CC 和)
                    (VV 出资)))
                    (LC 下))))
                </parse>
                <arg n="0"> 台湾 著名 企业家 、 书画家 、 艺术品 收藏家 李志仁 先生 </arg>
                <V/>
            </example>
        </frame>
    </frameset>
</verb>

