<!DOCTYPE verb SYSTEM "verb.dtd">
<verb>
    <id> 畅销 </id>
    <frameset id="f1">
        <role argnum="0" argrole="product"/>
        <role argnum="1" argrole="location"/>
        <frame>
            <mapping>
                <V/>
                <mapitem src="sbj" trg="arg0"/>
                <mapitem src="npobj" trg="arg1"/>
            </mapping>
            <example>
                <parse>
                    ( (IP (NP-SBJ (NP-PN (NR 辽宁省)
                    (NR 绥中县)
                    (NN 地毯厂))
                    (NP (NN 产品)))
                    (VP (VV 畅销)
                    (NP-OBJ (NP-PN-APP (NR 美国)
                    (PU 、)
                    (NR 日本)
                    (PU 、)
                    (NR 比利时)
                    (ETC 等))
                    (NP (NN 国家)
                    (CC 和)
                    (NN 地区))))))
                </parse>
                <arg n="0"> 辽宁省 绥中县 地毯厂 产品 </arg>
                <V/>
                <arg n="1"> 美国 、 日本 、 比利时 等 国家 和 地区 </arg>
            </example>
        </frame>
    </frameset>
</verb>

