<!DOCTYPE verb SYSTEM "verb.dtd">
<verb>
    <id> 超卓 </id>
    <frameset id="f1">
        <role argnum="0" argrole="thing described"/>
        <frame>
            <mapping>
                <V/>
                <mapitem src="sbj" trg="arg0"/>
            </mapping>
            <example>
                <parse>
                    ( (IP (NP-SBJ (PN 我))
                    (VP (VV 寄望)
                    (NP-PN-OBJ (NR 香港))
                    (IP (NP-TPC (-NONE- *PRO*))
                    (VP (PP-LOC (P 在)
                    (NP (NP (NN 资讯)
                    (NN 处理))
                    (NP (NN 方面))))
                    (PU ，)
                    (VP (VSB (VV 表现)
                    (VV 超卓))))))))
                </parse>
                <arg n="0"> *PRO* </arg>
                <arg n="M" f="LOC"> 在 资讯 处理 方面 </arg>
                <V/>
            </example>
        </frame>
    </frameset>
</verb>

