<!DOCTYPE verb SYSTEM "verb.dtd">
<verb>
    <id> 嘲笑 </id>
    <frameset id="f1">
        <role argnum="0" argrole="agent"/>
        <role argnum="1" argrole="theme"/>
        <frame>
            <mapping>
                <V/>
                <mapitem src="sbj" trg="arg0"/>
                <mapitem src="dir" trg="arg1"/>
            </mapping>
            <example>
                <parse>
                    ( (IP (NP-SBJ (-NONE- *PRO*))
                    (VP (VP (ADVP (AD 恰好))
                    (VP (VV 在)
                    (LCP-OBJ (NP (NN 顶峰))
                    (LC 处))))
                    (VP (ADVP (PP (P 像)
                    (NP (NN 棉花)))
                    (ADVP (AD 似的)))
                    (VP (VV 撕开)
                    (AS 了)
                    (NP-OBJ (QP (CD 一)
                    (CLP (M 个)))
                    (NP (NN 口子)))))
                    (PU ，)
                    (VP (ADVP (AD 仿佛))
                    (VP (VV 有意)
                    (IP-OBJ (NP-SBJ (-NONE- *PRO*))
                    (VP (VV 让)
                    (NP-OBJ (DNP (NP (PU “)
                    (NN 圣)
                    (PU ”)
                    (NN 者))
                    (DEG 的))
                    (NP (NN 额头)))
                    (IP (NP-SBJ (-NONE- *PRO*))
                    (VP (VRD (VV 探将)
                    (VV 出来))))))))
                    (PU ，)
                    (VP (ADVP (AD 像))
                    (VP (VC 是)
                    (VP (PP-BNF (P 为)
                    (NP (PN 我)))
                    (VP (VV 送别)))))
                    (PU ，)
                    (VP (ADVP (AD 又))
                    (ADVP (AD 像))
                    (VP (VC 是)
                    (VP (PP-DIR (P 对)
                    (NP (PN 我)))
                    (VP (VV 嘲笑))))))))
                </parse>
                <arg n="0"> *PRO* </arg>
                <arg n="M" f="ADV"> 又 </arg>
                <arg n="M" f="ADV"> 像 </arg>
                <arg n="1"> 对 我 </arg>
                <V/>
            </example>
        </frame>
    </frameset>
</verb>

