<!DOCTYPE verb SYSTEM "verb.dtd">
<verb>
    <id> 沉降 </id>
    <frameset id="f1">
        <role argnum="0" argrole="entity that falls"/>
        <frame>
            <mapping>
                <V/>
                <mapitem src="sbj" trg="arg0"/>
            </mapping>
            <example>
                <parse>
                    (IP (NP-SBJ (NN 填挖)
                    (NN 结合部)
                    (NN 路基))
                    (VP (DVP (VP (ADVP (AD 不))
                    (VP (VA 均匀))))
                    (VP (VV 沉降)))) 
                </parse>
                <arg n="0">
                    填挖 结合部 路基 
                </arg>
                <arg n="m" f="adv">
                    不 均匀 
                </arg>
                <V/>
            </example>
        </frame>
    </frameset>
</verb>
