<!DOCTYPE verb SYSTEM "verb.dtd">
<verb>
    <id> 沉默 </id>
    <frameset id="f1">
        <role argnum="0" argrole="person described"/>
        <frame>
            <mapping>
                <V/>
                <mapitem src="sbj" trg="arg0"/>
                <mapitem src="ext" trg="argM"/>
            </mapping>
            <example>
                <parse>
                    (LCP-TMP (IP (NP-SBJ (-NONE- *PRO*))
                    (VP (VV 沉默)
                    (NP-EXT (NN 片刻))))
                    (LC 后)) 
                </parse>
                <arg n="0">
                    *PRO* 
                </arg>
                <V/>
            </example>
        </frame>
    </frameset>
</verb>
