<!DOCTYPE verb SYSTEM "verb.dtd">
<verb>
    <id> 沉陷 </id>
    <frameset id="f1">
        <role argnum="0" argrole="thing that sinks"/>
        <frame>
            <mapping>
                <V/>
                <mapitem src="sbj" trg="arg0"/>
            </mapping>
            <example>
                <parse>
                    (IP (NP-TPC (QP (CD 一些))
                    (NP (NN 路段)))
                    (NP-SBJ (NP (ADJP (JJ 大))
                    (NP (NN 范围)))
                    (NP (NN 填方)
                    (NN 路基)))
                    (VP (VV 沉陷))) 
                </parse>
                <arg n="0" f="psr">
                    一些 路段 
                </arg>
                <arg n="0" f="pse">
                    大 范围 填方 路基 
                </arg>
                <V/>
            </example>
        </frame>
    </frameset>
</verb>
