<!DOCTYPE verb SYSTEM "verb.dtd">
<verb>
    <id> 趁机 </id>
    <frameset id="f1">
        <role argnum="0" argrole="people taking advantage"/>
        <frame>
            <mapping>
                <V/>
                <mapitem src="sbj" trg="arg0"/>
            </mapping>
            <example>
                <parse>
                    
                </parse>
                <arg n="0">
                    
                </arg>
                <V/>
            </example>
        </frame>
    </frameset>
</verb>
