<!DOCTYPE verb SYSTEM "verb.dtd">
<verb>
    <id> 称雄 </id>
    <frameset id="f1">
        <role argnum="0" argrole="winner"/>
        <role argnum="1" argrole="event"/>
        <frame>
            <mapping>
                <V/>
                <mapitem src="sbj" trg="arg0"/>
            </mapping>
            <example>
                <parse>
                    (IP (NP-SBJ (DNP (NP-PN (NR 圣保罗州))
                    (DEG 的))
                    (NP (NN 球队)))
                    (VP (PP-LOC (P 在)
                    (LCP (NP (DP (DT 本)
                    (CLP (M 届)))
                    (QP (CD 甲)
                    (CLP (M 级)))
                    (NP (NN 联赛)))
                    (LC 上)))
                    (VP (VV 称雄)))) 
                </parse>
                <arg n="0">
                    圣保罗州 的 球队 	  
                </arg>
                <arg n="m" f="loc">
                    在 本 届 甲 级 联赛 上 	  
                </arg>
                <V/>
            </example>
        </frame>
    </frameset>
</verb>
