<!DOCTYPE verb SYSTEM "verb.dtd">
<verb>
    <id> 趁 </id>
    <frameset id="f1">
        <role argnum="0" argrole="opportunity taker"/>
        <role argnum="1" argrole="opportunity"/>
        <frame>
            <mapping>
                <V/>
                <mapitem src="sbj" trg="arg0"/>
                <mapitem src="npobj" trg="arg1"/>
            </mapping>
            <example>
                <parse>
                    (IP (NP-SBJ (NN 业者))
                    (VP (VV 会)
                    (VP (VV 希望)
                    (IP-OBJ (NP-SBJ (-NONE- *PRO*))
                    (VP (VP (VV 趁)
                    (LCP-OBJ (IP (NP-SBJ (NN 韩圜))
                    (VP (ADVP (AD 大))
                    (VP (VV 贬))))
                    (LC 时)))
                    (VP (MSP 去)
                    (VP (VV 买)
                    (NP-OBJ (NN 技术))))))))) 
                </parse>
                <arg n="0">
                    *PRO* 
                </arg>
                <arg n="1">
                    韩圜 大 贬 时 
                </arg>
                <V/>
            </example>
        </frame>
    </frameset>
</verb>
