<!DOCTYPE verb SYSTEM "verb.dtd">
<verb>
    <id> 称奇 </id>
    <frameset id="f1">
        <role argnum="0" argrole="entity surprised"/>
        <frame>
            <mapping>
                <V/>
                <mapitem src="sbj" trg="arg0"/>
            </mapping>
            <example>
                <parse>
                    (IP (ADVP (AD 尤其是))
                    (NP-SBJ (DNP (NP-PN (PU “)
                    (NR 圣岳)
                    (PU ”))
                    (DEG 的))
                    (NP (NN 倒影)))
                    (VP (ADVP (AD 最))
                    (VP (VV 令)
                    (NP-OBJ (NN 人))
                    (IP (NP-SBJ (-NONE- *PRO*))
                    (VP (VV 称奇)))))) 
                </parse>
                <arg n="0">
                    *PRO* 
                </arg>
                <V/>
            </example>
        </frame>
    </frameset>
</verb>
