<!DOCTYPE verb SYSTEM "verb.dtd">
<verb>
    <id> 沉重 </id>
    <frameset id="f1">
        <role argnum="0" argrole="thing described"/>
        <frame>
            <mapping>
                <V/>
                <mapitem src="sbj" trg="arg0"/>
            </mapping>
            <example>
                <parse>
                    (IP (NP-SBJ (NN 历史)
                    (NN 包袱))
                    (VP (VA 沉重))) 
                </parse>
                <arg n="0">
                    
                </arg>
                <V/>
            </example>
        </frame>
    </frameset>
</verb>
