<!DOCTYPE verb SYSTEM "verb.dtd">
<verb>
    <id> 成 </id>
    <frameset id="f1">
        <role argnum="0" argrole="theme"/>
        <role argnum="1" argrole="end result"/>
        <role argnum="2" argrole="initial state"/>
        <frame>
            <mapping>
                <V/>
                <mapitem src="sbj" trg="arg0"/>
                <mapitem src="npobj" trg="arg1"/>
            </mapping>
            <example>
                <parse>
                    (IP (LCP-TMP (NP (NN 弹指一挥))
                    (LC 间))
                    (PU ，)
                    (NP-SBJ (QP (CD 许多))
                    (NP (NN 往事)))
                    (VP (ADVP (AD 已))
                    (VP (VV 成)
                    (NP-OBJ (NN 笑谈))))
                    (PU 。)) 
                    
                </parse>
                <arg n="0">
                    许多 往事 	  	  	  	  	  
                </arg>
                <arg n="1">
                    笑谈 	  	  	  	  	  
                </arg>
                <arg n="m" f="tmp">
                    弹指一挥 间 	  	  	  	  	  
                </arg>
                <arg n="m" f="adv">
                    已 	  	  	  	  	  
                </arg>
                <V/>
            </example>
        </frame>
        <frame>
            <mapping>
                <V/>
                <mapitem src="sbj" trg="arg1"/>
            </mapping>
            <example>
                <parse>
                    (IP (NP-SBJ (CP (WHNP-1 (-NONE- *OP*))
                    (CP (IP (NP-SBJ (-NONE- *T*-1))
                    (VP (PP-MNR (P 以)
                    (NP (ADJP (JJ 固定))
                    (PRN (PU （)
                    (NP (NT 一九九零年))
                    (PU ）))
                    (NP (NN 市价))))
                    (VP (VV 计算))))
                    (DEC 的)))
                    (NP (NN 工程)
                    (NN 总值)))
                    (PU ，)
                    (VP (VC 是)
                    (VP (VP (PP-MNR (P 透过)
                    (NP (CP (WHNP-2 (-NONE- *OP*))
                    (CP (IP (NP-SBJ (-NONE- *T*-2))
                    (VP (VA 适当)))
                    (DEC 的)))
                    (NP (NN 物价)
                    (NN 指数))))
                    (VP (MSP 去)
                    (VP (VV 平减)
                    (NP-OBJ (NN 工程)
                    (NN 名义)
                    (NN 价值))
                    (IP (NP-SBJ (-NONE- *PRO*))
                    (VP (VV 至)
                    (NP-OBJ (NP (NT 一九九零年))
                    (NP (NN 价格)
                    (NN 水平))))))))
                    (VP (VV 计算))
                    (VP (MSP 而)
                    (VP (VV 成)))))
                    (PU 。)) 
                    
                </parse>
                <arg n="1">
                    *OP* *T*-1 以 固定 （ 一九九零年 ） 市价 计算 的 工程 总值 	  
                </arg>
            </example>
        </frame>
    </frameset>
    <frameset id="f2">
        <role argnum="0" argrole="entity described"/>
        <role argnum="1" argrole="thing arg0 completes/succeeds in"/>
        <frame>
            <mapping>
                <V/>
                <mapitem src="sbj" trg="arg1"/>
            </mapping>
            <example>
                <parse>
                    (IP (IP-CND (NP-SBJ (-NONE- *pro*))
                    (VP (ADVP (CS 如果))
                    (ADVP (AD 不))
                    (VP (VV 成))))
                    (PU ，)
                    (NP-SBJ (IP (NP-SBJ (-NONE- *PRO*))
                    (VP (VV 退而求其次))))
                    (VP (ADVP (AD 就))
                    (VP (VC 是)
                    (NP-PN-PRD (NR 光启社))))) 
                    
                </parse>
                <arg n="1">
                    *pro* 	  	  	  
                </arg>
                <arg n="m" f="adv">
                    不 	  	  	  
                </arg>
                <arg n="m" f="adv">
                    如果 	  	  	  
                </arg>
            </example>
        </frame>
        <frame>
            <mapping>
                <V/>
                <mapitem src="sbj" trg="arg0"/>
            </mapping>
            <example>
                <parse>
                    (IP (NP-SBJ (CP (WHNP-3 (-NONE- *OP*))
                    (CP (IP (NP-SBJ (NN 後人))
                    (VP (VV 读)
                    (NP-OBJ (-NONE- *T*-3))))
                    (DEC 的)))
                    (ADJP (JJ 先秦))
                    (NP (NN 书籍)))
                    (PU ，)
                    (VP (ADVP (AD 更))
                    (VP (VC 是)
                    (NP-PRD (CP (WHNP-4 (-NONE- *OP*))
                    (IP (NP-SBJ (QP (CD 一)
                    (CLP (M 群群)))
                    (NP-PN (NR 汉代))
                    (NP (NN 学者)))
                    (VP (VP (QP-ADV (CD 一)
                    (CLP (M 段段)))
                    (VP (VP (VV 编定)
                    (NP-OBJ (-NONE- *RNR*-5)))
                    (PU 、)
                    (VP (VV 拼凑)
                    (NP-OBJ-5 (-NONE- *T*-4)))))
                    (VP (MSP 而)
                    (VP (VV 成)))))))))) 
                    
                </parse>
                <arg n="0">
                    一 群群 汉代 学者 	  	  	  
                </arg>
            </example>
        </frame>
    </frameset>
    <frameset id="f3">
        <role argnum="0" argrole="entity described"/>
        <role argnum="1" argrole="state arg0 is in"/>
        <frame>
            <mapping>
                <V/>
                <mapitem src="sbj" trg="arg0"/>
                <mapitem src="npobj" trg="arg1"/>
            </mapping>
            <example>
                <parse>
                    (IP (NP-SBJ (CP (WHNP-3 (-NONE- *OP*))
                    (CP (IP (NP-SBJ (NN 台商))
                    (VP (NP-MNR (-NONE- *T*-3))
                    (VP (VV 开车))))
                    (DEC 的)))
                    (NP (NN 猛劲)))
                    (PU ，)
                    (VP (PP (P 与)
                    (NP (CP-APP (IP (NP-SBJ (CP (WHNP-6 (-NONE- *OP*))
                    (IP (NP-SBJ (-NONE- *T*-6))
                    (VP (ADVP (AD 随处))
                    (VP (VV 可)
                    (VP (VV 见))))))
                    (CP (WHNP-4 (-NONE- *OP*))
                    (IP (NP-SBJ (-NONE- *T*-4))
                    (VP (VV 亮灯))))
                    (NP (NN 厂房)))
                    (VP (VV 加班)))
                    (DEC 的))
                    (NP (NN 热度))))
                    (ADVP (AD 恰))
                    (VP (VV 成)
                    (NP-OBJ (NN 正比))))) 
                    
                </parse>
                <arg n="0">
                    台商 开车 的 猛劲 与 随处 可 见 亮灯 厂房 加班 的 热度 	  	  	  	  
                </arg>
                <arg n="1">
                    正比	  	  	  	  	  
                </arg>
                <V/>
            </example>
        </frame>
    </frameset>
    <frameset id="f4">
        <role argnum="0" argrole="entity that can work"/>
        <frame>
            <mapping>
                <V/>
                <mapitem src="sbj" trg="arg0"/>
            </mapping>
            <example>
                <parse>
                    ( (IP (NP-SBJ (PN 我))
                    (VP (VV 说)
                    (IP-OBJ (IP (NP-SBJ (-NONE- *pro*))
                    (VP (VA 好)))
                    (IP (ADVP (AD 那))
                    (ADVP (AD 下次))
                    (CP-CND (ADVP (CS 如果))
                    (DFL (CS 要是))
                    (CP (CP (IP (NP-SBJ (-NONE- *pro*))
                    (VP (VV 见)
                    (AS 着)))
                    (SP 了))
                    (SP 的话)))
                    (PU ，)
                    (FLR (IJ 嗯))
                    (PU ，)
                    (NP-SBJ (PN 你))
                    (VP (PP-ADV (P 跟)
                    (NP (PN 我)))
                    (VP (VV 说)
                    (QP-EXT (CD 一)
                    (CLP (M 声))))))
                    (CP-Q (IP (NP-SBJ (-NONE- *pro*))
                    (VP (VV 成)))
                    (SP 吧))))
                    (PU ？))) 
                    
                </parse>
                <arg n="0">
                    *PRO*	    
                </arg>
                <V/>
            </example>
        </frame>
    </frameset>
</verb>
