<!DOCTYPE verb SYSTEM "verb.dtd">
<verb>
    <id> 成长 </id>
    <frameset id="f1">
        <role argnum="0" argrole="entity undergoing growth"/>
        <frame>
            <mapping>
                <V/>
                <mapitem src="sbj" trg="arg0"/>
            </mapping>
            <example>
                <parse>
                    (IP (NP-SBJ (NN 残疾人)
                    (NN 体育)
                    (NN 事业))
                    (VP (ADVP (AD 逐步))
                    (VP (VV 成长)))
                    (PU 。)) 
                </parse>
                <arg n="0">
                    残疾人 体育 事业 	  
                </arg>
                <arg n="m" f="adv">
                    逐步 	  
                </arg>
                <V/>
            </example>
        </frame>
    </frameset>
    <frameset id="f2">
        <role argnum="0" argrole="entity described"/>
        <role argnum="1" argrole="level arg0 grows to"/>
        <role argnum="2" argrole="original level of arg0"/>
        <frame>
            <mapping>
                <V/>
                <mapitem src="sbj" trg="arg0"/>
                <mapitem src="npobj" trg="arg1"/>
                <mapitem src="dir" trg="arg2"/>
            </mapping>
            <example>
                <parse>
                    (IP (NP-TMP (NT 今天))
                    (PU ，)
                    (NP-SBJ (DNP (NP-PN (NR 资迅人))
                    (DEG 的))
                    (NP (NN 员工)))
                    (VP (VP (ADVP (AD 已))
                    (PP-DIR (P 由)
                    (QP (DNP (ADJP (JJ 原先))
                    (DEG 的))
                    (QP (CD 四)
                    (CLP (M 名)))))
                    (VP (VRD (VV 成长)
                    (VV 到))
                    (QP-OBJ (CD 数百)
                    (CLP (M 名))))))) 
                </parse>
                <arg n="0">
                    资迅人 的 员工 
                </arg>
                <arg n="1">
                    数百 名 
                </arg>
                <arg n="2">
                    由 原先 的 四 名 
                </arg>
                <arg n="m" f="adv">
                    已 
                </arg>
                <arg n="m" f="tmp">
                    今天 
                </arg>
                <V/>
            </example>
        </frame>
    </frameset>
</verb>
