<!DOCTYPE verb SYSTEM "verb.dtd">
<verb>
    <id> 成立于 </id>
    <frameset id="f1">
        <role argnum="0" argrole="entity established"/>
        <role argnum="1" argrole="time "/>
        <frame>
            <mapping>
                <V/>
                <mapitem src="sbj" trg="arg0"/>
                <mapitem src="npobj" trg="arg1"/>
            </mapping>
            <example>
                <parse>
                    (IP (NP-PN-SBJ (NR 拉美)
                    (NN 一体化)
                    (NN 协会))
                    (VP (VP (VV 成立于)
                    (NP-OBJ (NT １９８１年)))
                    (PU ，)
                    (VP (ADVP (AD 共))
                    (VP (VE 有)
                    (NP-OBJ (QP (CD １１)
                    (CLP (M 个)))
                    (NP (NN 成员国))))))) 
                </parse>
                <arg n="0">
                    拉美 一体化 协会 
                </arg>
                <arg n="1">
                    １９８１年 
                </arg>
                <V/>
            </example>
        </frame>
    </frameset>
</verb>
