<!DOCTYPE verb SYSTEM "verb.dtd">
<verb>
    <id> 成立 </id>
    <frameset id="f1">
        <role argnum="0" argrole="agent"/>
        <role argnum="1" argrole="theme"/>
        <frame>
            <mapping>
                <V/>
                <mapitem src="sbj" trg="arg0"/>
                <mapitem src="npobj" trg="arg1"/>
            </mapping>
            <example>
                <parse>
                    (IP-HLN (NP-PN-SBJ (NR 通用)
                    (NN 电气))
                    (VP (PP-LOC (P 在)
                    (NP-PN (NR 华)))
                    (VP (VV 成立)
                    (NP-OBJ (QP (OD 第十四)
                    (CLP (M 家)))
                    (ADJP (JJ 合资))
                    (NP (NN 企业)))))) 
                </parse>
                <arg n="0">
                    通用 电气 	  	  
                </arg>
                <arg n="M" f="LOC">
                    在 华 	  	  
                </arg>
                <V/>
                <arg n="1">
                    第十四 家 合资 企业 	  	  
                </arg>
            </example>
        </frame>
        <frame>
            <mapping>
                <V/>
                <mapitem src="sbj" trg="arg1"/>
            </mapping>
            <example>
                <parse>
                    (IP-HLN (NP-SBJ (NP-PN (NR 上海)
                    (NN 海关))
                    (NP-PN (NR 崇明)
                    (NN 办事处)))
                    (VP (VV 成立))) 
                </parse>
                <arg n="1">
                    上海 海关 崇明 办事处 	  	  
                </arg>
                <V/>
            </example>
        </frame>
    </frameset>
</verb>
