<!DOCTYPE verb SYSTEM "verb.dtd">
<verb>
    <id> 惩治 </id>
    <frameset id="f1">
        <role argnum="0" argrole="punisher"/>
        <role argnum="1" argrole="entity, practice punished"/>
        <frame>
            <mapping>
                <V/>
                <mapitem src="sbj" trg="arg0"/>
                <mapitem src="npobj" trg="arg1"/>
            </mapping>
            <example>
                <parse>
                    (NP-SBJ (DNP (PP (P 关于)
                    (IP (NP-SBJ (-NONE- *PRO*))
                    (VP (VV 惩治)
                    (NP-OBJ (NN 外汇)
                    (NN 犯罪)))))
                    (DEG 的))
                    (NP (NN 决定))) 
                </parse>
                <arg n="0">
                    *PRO* 
                </arg>
                <arg n="1">
                    外汇 犯罪 
                </arg>
                <V/>
            </example>
        </frame>
    </frameset>
</verb>
