<!DOCTYPE verb SYSTEM "verb.dtd">
<verb>
    <id> 呈现 </id>
    <frameset id="f1">
        <role argnum="0" argrole="location,domain"/>
        <role argnum="1" argrole="theme"/>
        <frame>
            <mapping>
                <V/>
                <mapitem src="sbj" trg="arg0"/>
                <mapitem src="npobj" trg="arg1"/>
            </mapping>
            <example>
                <parse>
                    (IP-HLN (IP-SBJ (NP-SBJ (NP-PN (NR 中国))
                    (NP (NN 建筑业)))
                    (VP (PP (P 对)
                    (NP (NN 外)))
                    (VP (VV 开放))))
                    (VP (VV 呈现)
                    (NP-OBJ (ADJP (JJ 新))
                    (NP (NN 格局))))) 
                </parse>
                <arg n="0">
                    中国 建筑业 对 外 开放 	  	  
                </arg>
                <V/>
                <arg n="1">
                    新 格局 	  	  
                </arg>
            </example>
        </frame>
        <frame>
            <mapping>
                <V/>
                <mapitem src="sbj" trg="arg1"/>
            </mapping>
            <example>
                <parse>
                    (IP (NP-SBJ (DNP (NP (NN 活火山))
                    (DEG 的))
                    (NP (NN 奇观)))
                    (VP (ADVP (AD 首先))
                    (VP (VV 呈现)
                    (PP-LOC (P 在)
                    (NP (NN 眼前)))))) 
                </parse>
                <arg n="1">
                    活火山 的 奇观 	  	  
                </arg>
                <arg n="M" f="ADV">
                    首先 	  	  
                </arg>
                <V/>
                <arg n="M" f="LOC">
                    在 眼前 	  	  
                </arg>
            </example>
        </frame>
    </frameset>
    <frameset id="f2">
        <role argnum="0" argrole="agent/cause"/>
        <role argnum="1" argrole="thing arg0 shows/displays"/>
        <role argnum="2" argrole="thing arg1 is shown in/with"/>
        <frame>
            <mapping>
                <V/>
                <mapitem src="sbj" trg="arg2"/>
                <mapitem src="ipobj" trg="arg1"/>
                <mapitem src="other" trg="arg0"/>
            </mapping>
            <example>
                <parse>
                    (IP (ADVP (AD 如))
                    (IP-SBJ (CP (WHNP-1 (-NONE- *OP*))
                    (CP (IP (NP-TMP (NT 去年)
                    (NT 十一月))
                    (PU ，)
                    (NP-PN-SBJ (NR 顺益)
                    (NN 博物馆))
                    (VP (VV 展出)
                    (NP-OBJ (-NONE- *T*-1))))
                    (DEC 的)))
                    (IP-TTL (PU 「)
                    (NP-SBJ (-NONE- *PRO*))
                    (VP (PP-ADV (P 与)
                    (NP (NN 部落)))
                    (VP (VV 结合)))
                    (PRN (PU ：)
                    (NP (NN 排湾族)
                    (NN 特展)))
                    (PU 」)))
                    (PU ，)
                    (VP (PP-LGS (P 由)
                    (NP (NP-APP (NN 排湾族)
                    (NN 艺术家))
                    (NP-PN (NR 巴瓦瓦隆．撒古流))))
                    (PU ，)
                    (PP-MNR (P 以)
                    (NP (NN 排湾族)
                    (NN 眼光)))
                    (VP (VV 呈现)
                    (IP-OBJ (NP-PN-SBJ (NR 达瓦兰)
                    (NN 部落))
                    (VP (PP-TMP (P 在)
                    (LCP (IP (NP-SBJ (-NONE- *PRO*))
                    (VP (VV 面对)
                    (NP-OBJ (NP (NN 文化)
                    (NN 断层))
                    (NP (NN 危机)))))
                    (LC 时)))
                    (PU ，)
                    (VP (ADVP (AD 如何))
                    (PP-MNR (P 以)
                    (NP (DNP (NP (PU 「)
                    (NN 部落)
                    (NN 教室)
                    (PU 」))
                    (DEG 的))
                    (NP (NN 模式))))
                    (VP (VP (MSP 来)
                    (VP (PP-BNF (P 为)
                    (NP (NN 原住民)
                    (NN 文化)))
                    (VP (VV 扎根))))
                    (PU ，)
                    (CC 并)
                    (VP (VV 开创)
                    (NP-OBJ (DNP (NP (NN 原住民))
                    (DEG 的))
                    (NP (NN 未来))))))))))) 
                </parse>
                <arg n="0">
                    由 排湾族 艺术家 巴瓦瓦隆．撒古流 	  
                </arg>
                <arg n="1">
                    达瓦兰 部落 在 *PRO* 面对 文化 断层 危机 时 ， 如何 以 「 部落 教室 」 的 模式 来 为 原住民 文化 扎根 ， 并 开创 原住民 的 未来 	  
                </arg>
                <arg n="2">
                    *OP* 去年 十一月 ， 顺益 博物馆 展出 *T*-1 的 「 *PRO* 与 部落 结合 ： 排湾族 特展 」 	  
                </arg>
                <arg n="M" f="mnr">
                    以 排湾族 眼光 	  
                </arg>
                <arg n="M" f="ADV">
                    如 	  
                </arg>
                <V/>
            </example>
        </frame>
    </frameset>
</verb>
