<!DOCTYPE verb SYSTEM "verb.dtd">
<verb>
    <id> 乘 </id>
    <frameset id="f1">
        <role argnum="0" argrole="agent"/>
        <role argnum="1" argrole="means of transportation, opportunity"/>
        <frame>
            <mapping>
                <V/>
                <mapitem src="sbj" trg="arg0"/>
            </mapping>
            <example>
                <parse>
                    (IP (NP-SBJ (PN 他))
                    (VP (ADVP (AD 已))
                    (PP-TMP (P 于)
                    (NP (NT 当天)
                    (NT 傍晚)))
                    (VP (VP (VV 乘)
                    (NP-OBJ (NN 船)))
                    (VP (VV 离开)
                    (NP-PN-OBJ (NR 布拉柴维尔)))
                    (VP (VV 回国))))
                    (PU 。)) 
                </parse>
                <arg n="0">
                    他 
                </arg>
                <arg n="1">
                    船 
                </arg>
                <arg n="m" f="adv">
                    已 
                </arg>
                <arg n="m" f="tmp">
                    于 当天 傍晚 
                </arg>
                <V/>
            </example>
        </frame>
    </frameset>
</verb>
