<!DOCTYPE verb SYSTEM "verb.dtd">
<verb>
    <id> 成真 </id>
    <frameset id="f1">
        <role argnum="0" argrole="thing described"/>
        <frame>
            <mapping>
                <V/>
                <mapitem src="sbj" trg="arg0"/>
            </mapping>
            <example>
                <parse>
                    (IP (NP-SBJ (DNP (NP (PU 「)
                    (NN 北向)
                    (PU 」))
                    (DEG 之))
                    (NP (NN 说)))
                    (VP (ADVP (AD 也))
                    (VP (VV 似乎)
                    (VP (VV 成真))))) 
                </parse>
                <arg n="0">
                    「 北向 」 之 说 
                </arg>
                <arg n="m" f="adv">
                    也 
                </arg>
                <V/>
            </example>
        </frame>
    </frameset>
</verb>
