<!DOCTYPE verb SYSTEM "verb.dtd">
<verb>
    <id> 承接 </id>
    <frameset id="f1">
        <role argnum="0" argrole="contractor"/>
        <role argnum="1" argrole="project"/>
        <frame>
            <mapping>
                <V/>
                <mapitem src="sbj" trg="arg0"/>
                <mapitem src="npobj" trg="arg1"/>
            </mapping>
            <example>
                <parse>
                    (IP (NP-SBJ (DP (DT 这)
                    (CLP (M 家)))
                    (CP (WHNP-1 (-NONE- *OP*))
                    (CP (IP (NP-SBJ (-NONE- *T*-1))
                    (VP (VV 成立)
                    (QP-EXT (ADVP (AD 仅))
                    (QP (CD 三)
                    (CLP (M 年))))))
                    (DEC 的)))
                    (ADJP (JJ 政策性))
                    (NP (NN 银行)))
                    (VP (VP (PP-MNR (P 通过)
                    (NP-PN (NR 亚洲)
                    (NN 产业)
                    (NN 银行)
                    (NN 协会)
                    (NN 组织)))
                    (PP-BNF (P 为)
                    (NP-PN (NR 山东)
                    (NR 齐鲁)
                    (NN 乙烯)
                    (NN 改造)
                    (NN 扩建)
                    (NN 工程)))
                    (VP (VRD (VV 筹措)
                    (VV 到))
                    (NP-OBJ (QP (CD 一亿)
                    (CLP (M 美元)))
                    (NP (NN 银团)
                    (NN 贷款)))))
                    (PU ，)
                    (CC 并)
                    (VP (VV 承接)
                    (AS 了)
                    (NP-OBJ (DNP (NP (NP-APP (NP (NP-PN (NR 长江)
                    (NR 三峡)
                    (NN 水电站)
                    (NN 工程))
                    (QP (OD 首)
                    (CLP (M 批)))
                    (NP (NN 大坝)
                    (NN 左岸))
                    (QP (CD 十四)
                    (CLP (M 台)))
                    (NP (NN 水轮)
                    (NN 机组)))
                    (PU 、)
                    (NP-PN (NR 秦山)
                    (NN 核电站)
                    (NN 扩建)
                    (NN 工程))
                    (PU 、)
                    (NP-PN (NR 岭澳)
                    (NN 核电站))
                    (PU 、)
                    (NP-PN (NR 黄河)
                    (NR 小浪底)
                    (NN 水利)
                    (NN 枢纽))
                    (PU 、)
                    (NP-PN (NR 二滩)
                    (NN 水电站))
                    (ETC 等))
                    (NP (NN 项目)))
                    (DEG 的))
                    (PP (P 对)
                    (NP (NN 外)))
                    (NP (NN 融资)))))
                    (PU 。)) 
                </parse>
                <arg n="0">
                    这 家 *OP* *T*-1 成立 仅 三 年 的 政策性 银行 
                </arg>
                <arg n="1">
                    长江 三峡 水电站 工程 首 批 大坝 左岸 十四 台 水轮 机组 、 秦山 核电站 扩建 工程 、 岭澳 核电站 、 黄河 小浪底 水利 枢纽 、 二滩 水电站 等 项目 的 对 外 融资 
                </arg>
                <V/>
            </example>
        </frame>
    </frameset>
</verb>
