<!DOCTYPE verb SYSTEM "verb.dtd">
<verb>
    <id> 承建 </id>
    <frameset id="f1">
        <role argnum="0" argrole="builder, entity undertaking a project"/>
        <role argnum="1" argrole="project"/>
        <frame>
            <mapping>
                <V/>
                <mapitem src="sbj" trg="arg0"/>
                <mapitem src="npobj" trg="arg1"/>
            </mapping>
            <example>
                <parse>
                    (IP-HLN (NP-SBJ (NP-PN (NR 中国))
                    (NP (NN 公司)))
                    (VP (VP (VV 中标))
                    (VP (VV 承建)
                    (NP-OBJ (NP-PN (NR 叙利亚))
                    (NP (NN 棉纺厂)
                    (NN 工程)))))) 
                </parse>
                <arg n="0">
                    中国 公司 
                </arg>
                <arg n="1">
                    叙利亚 棉纺厂 工程 
                </arg>
                <V/>
            </example>
        </frame>
        <frame>
            <mapping>
                <V/>
                <mapitem src="sbj" trg="arg0"/>
                <mapitem src="npobj" trg="arg1"/>
                <mapitem src="dir" trg="argM"/>
            </mapping>
            <example>
                <parse>
                    (NP-PRD (CP (WHNP-1 (-NONE- *OP*))
                    (CP (IP (LCP-TMP (NP (NT 目前))
                    (LC 为止))
                    (NP-SBJ (NP-PN (NR 中国))
                    (NP (NN 纺织)
                    (NN 工业)))
                    (VP (PP-DIR (P 对)
                    (NP (NN 外)))
                    (VP (VV 承建)
                    (NP-OBJ (-NONE- *T*-1)))))
                    (DEC 的)))
                    (ADJP (JJ 最大))
                    (NP (NN 项目)))
                </parse>
                <arg n="0">
                    中国 纺织 工业 
                </arg>
                <arg n="1">
                    *T*-1 
                </arg>
                <arg n="m" f="tmp">
                    目前 为止 
                </arg>
                <arg n="m" f="dir">
                    对 外 
                </arg>
            </example>
        </frame>
    </frameset>
</verb>
