<!DOCTYPE verb SYSTEM "verb.dtd">
<verb>
    <id> 诚挚 </id>
    <frameset id="f1">
        <role argnum="0" argrole="things described"/>
        <frame>
            <mapping>
                <V/>
                <mapitem src="sbj" trg="arg0"/>
            </mapping>
            <example>
                <parse>
                    (NP-OBJ (CP (WHNP-1 (-NONE- *OP*))
                    (CP (IP (NP-SBJ (-NONE- *T*-1))
                    (VP (VA 诚挚)))
                    (DEC 的)))
                    (NP (NN 慰问))) 
                </parse>
                <arg n="0">
                    *T*-1 
                </arg>
                <V/>
            </example>
        </frame>
    </frameset>
</verb>
