<!DOCTYPE verb SYSTEM "verb.dtd">
<verb>
    <id> 诚实 </id>
    <frameset id="f1">
        <role argnum="0" argrole="thing described"/>
        <frame>
            <mapping>
                <V/>
                <mapitem src="sbj" trg="arg0"/>
            </mapping>
            <example>
                <parse>
                    (IP (NP-SBJ (-NONE- *PRO*))
                    (VP (PU “)
                    (VA 自愿)
                    (PU 、)
                    (VA 有偿)
                    (PU 、)
                    (VA 诚实)
                    (VA 信用)
                    (PU ”))) 
                </parse>
                <arg n="0">
                    *PRO* 
                </arg>
                <V/>
            </example>
        </frame>
    </frameset>
</verb>
