<!DOCTYPE verb SYSTEM "verb.dtd">
<verb>
    <id> 承做 </id>
    <frameset id="f1">
        <role argnum="0" argrole="contractor"/>
        <role argnum="1" argrole="project"/>
        <frame>
            <mapping>
                <V/>
                <mapitem src="sbj" trg="arg0"/>
                <mapitem src="npobj" trg="arg1"/>
            </mapping>
            <example>
                <parse>
                    (IP (NP-TMP (NT 一九九五年))
                    (PU ，)
                    (NP-PN-SBJ (NN 国家)
                    (NN 开发)
                    (NN 银行))
                    (VP (VP (DVP (VP (VA 成功))
                    (DEV 地))
                    (VP (VV 组织)
                    (AS 了)
                    (NP-OBJ (QP (OD 首)
                    (CLP (M 次)))
                    (QP (CD 五千万)
                    (CLP (M 美元)))
                    (NP (NN 外国)
                    (NN 银团)
                    (NN 贷款)))))
                    (PU ，)
                    (VP (ADVP (AD 同时))
                    (VP (VV 承做)
                    (AS 了)
                    (NP-OBJ (DNP (NP (DNP (NP (NP-APP (NP (NP-PN (NR 岭澳))
                    (NP (NN 核电)
                    (NN 工程)))
                    (PU 、)
                    (NP (NP-PN (NR 秦山))
                    (QP (CD 二)
                    (CLP (M 期)))
                    (NP (NN 核电)))
                    (ETC 等))
                    (NP (NN 项目)))
                    (DEG 的))
                    (NP (NN 国外)
                    (NN 出口)
                    (NN 信贷)))
                    (DEG 的))
                    (NP (NN 转贷))))))) 
                </parse>
                <arg n="0">
                    国家 开发 银行 
                </arg>
                <arg n="1">
                    首 次 五千万 美元 外国 银团 贷款 
                </arg>
                <arg n="m" f="tmp">
                    一九九五年 
                </arg>
                <arg n="m" f="adv">
                    同时 
                </arg>
                <V/>
            </example>
        </frame>
    </frameset>
</verb>
