<!DOCTYPE verb SYSTEM "verb.dtd">
<verb>
    <id> 吃惊 </id>
    <frameset id="f1">
        <role argnum="0" argrole="person surprised"/>
        <frame>
            <mapping>
                <V/>
                <mapitem src="sbj" trg="arg0"/>
            </mapping>
            <example>
                <parse>
                    (IP-OBJ (PU “)
                    (IP-TMP (NP-SBJ (-NONE- *PRO*))
                    (VP (VV 相隔)
                    (QP-OBJ (CD 四十余)
                    (CLP (M 年)))))
                    (PU ，)
                    (IP-SBJ (NP-SBJ (CP (WHNP-2 (-NONE- *OP*))
                    (CP (IP (NP-SBJ (QP (OD 第一)
                    (CLP (M 支)))
                    (NP (NN 大陆)
                    (NN 歌团)))
                    (VP (VP (VP (VV 带)
                    (AS 着)
                    (NP-OBJ (PU ‘)
                    (NP (ADJP (JJ 同))
                    (NP (NN 曲)))
                    (NP (ADJP (JJ 同))
                    (NP (NN 源)))
                    (PU ’)))
                    (VP (VV 抵)
                    (NP-PN-OBJ (NR 台))))
                    (PU ，)
                    (VP (VSB (VV 开口)
                    (VV 唱出))
                    (NP-OBJ (-NONE- *T*-2)))))))
                    (NP (NP (PU ‘)
                    (NN 七字调)
                    (PU ’))
                    (PU 、)
                    (NP (PU ‘)
                    (NN 都马调)
                    (PU ’))))
                    (VP (PP (P 与)
                    (NP (NP-PN (NR 台湾))
                    (NP (NN 歌仔戏))))
                    (VP (VA 一模一样))))
                    (PU ，)
                    (VP (VV 令)
                    (NP-OBJ (QP (CD 许多))
                    (NP (NN 人)))
                    (IP (NP-SBJ (-NONE- *PRO*))
                    (VP (VV 吃惊)
                    (ADVP (AD 不已)))))) 
                </parse>
                <arg n="0">
                    *PRO* 
                </arg>
                <V/>
            </example>
        </frame>
    </frameset>
</verb>
