<!DOCTYPE verb SYSTEM "verb.dtd">
<verb>
    <id> 持久 </id>
    <frameset id="f1">
        <role argnum="0" argrole="thing described"/>
        <frame>
            <mapping>
                <V/>
                <mapitem src="sbj" trg="arg0"/>
            </mapping>
            <example>
                <parse>
                    (NP (NP (NT 当今))
                    (CP (WHNP-3 (-NONE- *OP*))
                    (CP (IP (NP-TPC (-NONE- *T*-3))
                    (NP-SBJ (NN 争论))
                    (VP (VV 持久)))
                    (DEC 的)))
                    (DNP (NP (NN 鸟类)
                    (NN 起源))
                    (DEG 的))
                    (DP (DT 各)
                    (CLP (M 种)))
                    (NP (NN 假说))) 
                </parse>
                <arg n="0" f="psr">
                    *T*-3 
                </arg>
                <arg n="0" f="pse">
                    争论 
                </arg>
                <V/>
            </example>
        </frame>
    </frameset>
</verb>
