<!DOCTYPE verb SYSTEM "verb.dtd">
<verb>
    <id> 持稳 </id>
    <frameset id="f1">
        <role argnum="0" argrole="thing described"/>
        <frame>
            <mapping>
                <V/>
                <mapitem src="sbj" trg="arg0"/>
            </mapping>
            <example>
                <parse>
                    (IP (NP-SBJ (NN 政局))
                    (VP (VV 持稳))) 
                </parse>
                <arg n="0">
                    政局 
                </arg>
                <V/>
            </example>
        </frame>
    </frameset>
</verb>
