<!DOCTYPE verb SYSTEM "verb.dtd">
<verb>
    <id> 持续 </id>
    <frameset id="f1">
        <role argnum="0" argrole="thing described"/>
        <role argnum="1" argrole="duration"/>
        <frame>
            <mapping>
                <V/>
                <mapitem src="sbj" trg="arg0"/>
                <mapitem src="npobj" trg="arg1"/>
            </mapping>
            <example>
                <parse>
                    (IP (NP-SBJ (NP (QP (CD 二十一)
                    (CLP (M 颗)))
                    (NP (NN 彗核)))
                    (NP (NN 撞击)
                    (NN 时间)))
                    (VP (VV 持续)
                    (QP-OBJ (QP (CD 五)
                    (CLP (M 天)))
                    (QP (CD 半))))
                    (PU 。)) 
                </parse>
                <arg n="0">
                    二十一 颗 彗核 撞击 时间 	  
                </arg>
                <arg n="1">
                    五 天 半 	  
                </arg>
                <V/>
            </example>
        </frame>
        <frame>
            <mapping>
                <V/>
                <mapitem src="sbj" trg="arg0"/>
                <mapitem src="ipobj" trg="arg0"/>
            </mapping>
            <example>
                <parse>
                    (IP (NP-SBJ (NP (QP (CD 两))
                    (NP (NN 岸)))
                    (NP (NN 关系)))
                    (VP (VV 持续)
                    (IP-OBJ (NP-SBJ (-NONE- *PRO*))
                    (VP (VA 低迷))))) 
                </parse>
                <arg n="0">
                    两 岸 关系 
                </arg>
                <arg n="0" f="prd">
                    *PRO* 低迷 
                </arg>
                <V/>
            </example>
        </frame>
    </frameset>
    <frameset id="f2">
        <role argnum="0" argrole="thing described"/>
        <role argnum="1" argrole="end point"/>
        <frame>
            <mapping>
                <V/>
                <mapitem src="sbj" trg="arg0"/>
                <mapitem src="npobj" trg="arg1"/>
            </mapping>
            <example>
                <parse>
                    (IP-OBJ (NP-SBJ (DNP (NP (NP-PN (NR 中国))
                    (NP (NN 经济)
                    (NN 发展)))
                    (DEG 的))
                    (NP (NN 传奇)))
                    (VP (ADVP (AD 将))
                    (VP (VRD (VV 持续)
                    (VV 到))
                    (NP-OBJ (CP (WHNP-2 (-NONE- *OP*))
                    (CP (IP (NP-SBJ (-NONE- *T*-2))
                    (VP (VA 新)))
                    (DEC 的)))
                    (NP (NN 世纪)))))) 
                </parse>
                <arg n="0">
                    中国 经济 发展 的 传奇 	  
                </arg>
                <arg n="1">
                    *OP* *T*-2 新 的 世纪 	  
                </arg>
                <arg n="m" f="adv">
                    将 	  
                </arg>
            </example>
        </frame>
    </frameset>
</verb>
