<!DOCTYPE verb SYSTEM "verb.dtd">
<verb>
    <id> 迟疑 </id>
    <frameset id="f1">
        <role argnum="0" argrole="person described"/>
        <frame>
            <mapping>
                <V/>
                <mapitem src="sbj" trg="arg0"/>
            </mapping>
            <example>
                <parse>
                    (NP-SBJ (CP (WHNP-1 (-NONE- *OP*))
                    (CP (IP (NP-SBJ (-NONE- *T*-1))
                    (VP (ADVP (AD 一直))
                    (VP (VP (VV 迟疑))
                    (VP (ADVP (AD 不))
                    (VP (VV 决))))))
                    (DEC 的)))
                    (NP (NN 世界)
                    (NN 商业)
                    (NN 巨头们))) 
                </parse>
                <arg n="0">
                    *T*-1 
                </arg>
                <arg n="m" f="adv">
                    一直 
                </arg>
                <V/>
            </example>
        </frame>
    </frameset>
</verb>
