<!DOCTYPE verb SYSTEM "verb.dtd">
<verb>
    <id> 持有 </id>
    <frameset id="f1">
        <role argnum="0" argrole="holder"/>
        <role argnum="1" argrole="thing held"/>
        <frame>
            <mapping>
                <V/>
                <mapitem src="sbj" trg="arg0"/>
                <mapitem src="npobj" trg="arg1"/>
            </mapping>
            <example>
                <parse>
                    (IP (PP (P 除)
                    (LCP (NP (DP (DT 这))
                    (NP (NN 数额)))
                    (LC 外)))
                    (PU ，)
                    (NP-PN-SBJ (NR 香港)
                    (NN 金融)
                    (NN 管理局))
                    (VP (ADVP (AD 将))
                    (ADVP (AD 另外))
                    (VP (VV 持有)
                    (NP-OBJ (QP (CD 一亿)
                    (CLP (M 港元)))
                    (NP (NN 债券)))
                    (PP (P 作为)
                    (NP (NN 储备)))))) 
                </parse>
                <arg n="0">
                    香港 金融 管理局 
                </arg>
                <arg n="1">
                    一亿 港元 债券 
                </arg>
                <arg n="m" f="adv">
                    除 这 数额 外 
                </arg>
                <arg n="m" f="adv">
                    将 
                </arg>
                <arg n="m" f="adv">
                    另外 
                </arg>
                <V/>
            </example>
        </frame>
    </frameset>
</verb>
