<!DOCTYPE verb SYSTEM "verb.dtd">
<verb>
    <id> 充沛 </id>
    <frameset id="f1">
        <role argnum="0" argrole="thing described"/>
        <frame>
            <mapping>
                <V/>
                <mapitem src="sbj" trg="arg0"/>
            </mapping>
            <example>
                <parse>
                    (NP-SBJ (NP (PN 其))
                    (NP (NP (CP (WHNP-1 (-NONE- *OP*))
                    (CP (IP (NP-SBJ (-NONE- *T*-1))
                    (VP (VA 充沛)))
                    (DEC 的)))
                    (NP (NN 精力)))
                    (CC 和)
                    (NP (CP (WHNP-2 (-NONE- *OP*))
                    (CP (IP (NP-SBJ (-NONE- *T*-2))
                    (VP (VA 敏捷)))
                    (DEC 的)))
                    (NP (NN 思维))))) 
                </parse>
                <arg n="0">
                    *T*-1 
                </arg>
                <V/>
            </example>
        </frame>
    </frameset>
</verb>
