<!DOCTYPE verb SYSTEM "verb.dtd">
<verb>
    <id> 充分 </id>
    <frameset id="f1">
        <role argnum="0" argrole="thing described"/>
        <frame>
            <mapping>
                <V/>
                <mapitem src="sbj" trg="arg0"/>
            </mapping>
            <example>
                <parse>
                    (IP (IP (NP-SBJ (NN 事实))
                    (VP (VA 清楚)))
                    (PU ，)
                    (IP (NP-SBJ (NN 证据))
                    (VP (VA 充分)))) 
                </parse>
                <arg n="0">
                    证据 
                </arg>
                <V/>
            </example>
        </frame>
    </frameset>
</verb>
