<!DOCTYPE verb SYSTEM "verb.dtd">
<verb>
    <id> 充当 </id>
    <frameset id="f1">
        <role argnum="0" argrole="agent,cause"/>
        <role argnum="1" argrole="theme"/>
        <role argnum="2" argrole="thing pretended as"/>
        <frame>
            <mapping>
                <V/>
                <mapitem src="sbj" trg="arg0"/>
                <mapitem src="npobj" trg="arg2"/>
            </mapping>
            <example>
                <parse>
                    (NP-SBJ (CP (WHNP-1 (-NONE- *OP*))
                    (CP (IP (NP-SBJ (-NONE- *T*-1))
                    (VP (VP (PP-MNR (P 以)
                    (NP (NN 烂泥)))
                    (VP (VP (VV 充当)
                    (NP-OBJ (NN 混凝土)))
                    (VP (VV 填入)
                    (NP-OBJ (NN 沉井)))))
                    (VP (VV 造成)
                    (NP-OBJ (ADJP (JJ 重大))
                    (NP (NN 责任)
                    (NN 事故))))))
                    (DEC 的)))
                    (QP (CD 九)
                    (CLP (M 名)))
                    (NP (NN 责任人))) 
                </parse>
                <arg n="0">
                    *T*-1 
                </arg>
                <arg n="1">
                    以 烂泥 
                </arg>
                <arg n="2">
                    混凝土 
                </arg>
                <V/>
            </example>
        </frame>
        <frame>
            <mapping>
                <V/>
                <mapitem src="sbj" trg="arg1"/>
                <mapitem src="npobj" trg="arg2"/>
            </mapping>
            <example>
                <parse>
                    (IP-OBJ (NP-SBJ (-NONE- *PRO*))
                    (VP (VP (VV 清算)
                    (NP-OBJ (DNP (LCP (NP (NN 成员国))
                    (LC 之间))
                    (DEG 的))
                    (NP (NN 国际)
                    (NN 收支))))
                    (VP (MSP 以)
                    (VP (VV 充当)
                    (NP-OBJ (NN 外汇)
                    (NN 储备))))))
                </parse>
                <arg n="1">
                    *PRO* 
                </arg>
                <arg n="2">
                    外汇 储备 
                </arg>
            </example>
        </frame>
    </frameset>
</verb>
