<!DOCTYPE verb SYSTEM "verb.dtd">
<verb>
    <id> 崇高 </id>
    <frameset id="f1">
        <role argnum="0" argrole="thing described"/>
        <frame>
            <mapping>
                <V/>
                <mapitem src="sbj" trg="arg0"/>
            </mapping>
            <example>
                <parse>
                    (NP-PRD (QP (CD 一)
                    (CLP (M 项)))
                    (CP (WHNP-1 (-NONE- *OP*))
                    (CP (IP (NP-SBJ (-NONE- *T*-1))
                    (VP (VA 崇高)))
                    (DEC 的)))
                    (NP (NN 社会)
                    (NN 事业))) 
                </parse>
                <arg n="0">
                    *T*-1 
                </arg>
                <V/>
            </example>
        </frame>
    </frameset>
</verb>
