<!DOCTYPE verb SYSTEM "verb.dtd">
<verb>
    <id> 冲击 </id>
    <frameset id="f1">
        <role argnum="0" argrole="challenger"/>
        <role argnum="1" argrole="thing challenged"/>
        <frame>
            <mapping>
                <V/>
                <mapitem src="sbj" trg="arg0"/>
                <mapitem src="npobj" trg="arg1"/>
            </mapping>
            <example>
                <parse>
                    (IP (PP-LOC (P 在)
                    (LCP (NP (ADJP (JJ 非))
                    (NP (NN 大奖赛)
                    (NN 项目)))
                    (LC 中)))
                    (PU ，)
                    (NP-SBJ (NP-APP (NP-PN (NR 乌克兰))
                    (NP (NN 名将)))
                    (NP-PN (NR 布勃卡)))
                    (VP (VP (QP-ADV (CD 三)
                    (CLP (M 次)))
                    (VP (VV 冲击)
                    (NP-OBJ (DNP (QP (QP (CD ６)
                    (CLP (M 米)))
                    (QP (CD １５)))
                    (DEG 的))
                    (NP (NP (NN 男子))
                    (ADJP (JJ 撑杆))
                    (NP (NN 跳高)))
                    (NP (NN 世界)
                    (NN 纪录)))))
                    (VP (VV 未果)))) 
                </parse>
                <arg n="0">
                    乌克兰 名将 布勃卡 
                </arg>
                <arg n="1">
                    ６ 米 １５ 的 男子 撑杆 跳高 世界 纪录 
                </arg>
                <arg n="m" f="loc">
                    在 非 大奖赛 项目 中 
                </arg>
                <arg n="m" f="adv">
                    三 次 
                </arg>
                <V/>
            </example>
        </frame>
        <frame>
            <mapping>
                <V/>
                <mapitem src="sbj" trg="arg0"/>
            </mapping>
            <example>
                <parse>
                    (NP (CP-APP (IP (NP-SBJ (NP-PN (NR 亚洲))
                    (NP (NN 金融)
                    (NN 危机)))
                    (VP (VV 冲击)))
                    (DEC 的))
                    (NP (NN 困难)
                    (NN 环境)))
                </parse>
                <arg n="0">
                    亚洲 金融 危机 
                </arg>
            </example>
        </frame>
    </frameset>
</verb>
