<!DOCTYPE verb SYSTEM "verb.dtd">
<verb>
    <id> 抽签 </id>
    <frameset id="f1">
        <role argnum="0" argrole="agent"/>
        <frame>
            <mapping>
                <V/>
                <mapitem src="sbj" trg="arg0"/>
            </mapping>
            <example>
                <parse>
                    (IP (NP-SBJ (PN 他们))
                    (VP (VP (VV 抽签))
                    (VP (VV 决)
                    (NP-OBJ (NN 胜负))))) 
                </parse>
                <arg n="0">
                    他们 	  
                </arg>
                <V/>
            </example>
        </frame>
    </frameset>
</verb>
