<!DOCTYPE verb SYSTEM "verb.dtd">
<verb>
    <id> 冲刺 </id>
    <frameset id="f1">
        <role argnum="0" argrole="agent"/>
        <frame>
            <mapping>
                <V/>
                <mapitem src="sbj" trg="arg0"/>
            </mapping>
            <example>
                <parse>
                    (IP (ADVP (AD 换句话说))
                    (PU ，)
                    (PP-TMP (P 在)
                    (NP (IP-APP (NP-SBJ (PN 他们))
                    (VP (VCD (VV 疗伤)
                    (VV 止痛))))
                    (NP (NN 期间))))
                    (PU ，)
                    (NP-SBJ (NP-PN (NR 台湾))
                    (NP (NN 产业)))
                    (VP (VV 可以)
                    (VP (VSB (VV 趁机)
                    (VV 冲刺))))
                    (PU ：)) 
                </parse>
                <arg n="0">
                    台湾 产业 
                </arg>
                <arg n="m" f="adv">
                    换句话说 
                </arg>
                <arg n="m" f="tmp">
                    在 他们 疗伤 止痛 期间 
                </arg>
                <V/>
            </example>
        </frame>
    </frameset>
</verb>
