<!DOCTYPE verb SYSTEM "verb.dtd">
<verb>
    <id> 冲向 </id>
    <frameset id="f1">
        <role argnum="0" argrole="agent"/>
        <role argnum="1" argrole="goal"/>
        <frame>
            <mapping>
                <V/>
                <mapitem src="sbj" trg="arg0"/>
                <mapitem src="npobj" trg="arg1"/>
            </mapping>
            <example>
                <parse>
                    (IP (NP-SBJ (NN 抛射物))
                    (VP (ADVP (AD 将))
                    (VP (VV 冲向)
                    (NP-OBJ (QP (CD 数千)
                    (CLP (M 公里)))
                    (NP (NN 高空)))))) 
                </parse>
                <arg n="0">
                    抛射物 
                </arg>
                <arg n="1">
                    数千 公里 高空 
                </arg>
                <arg n="m" f="adv">
                    将 
                </arg>
                <V/>
            </example>
        </frame>
    </frameset>
</verb>
