<!DOCTYPE verb SYSTEM "verb.dtd">
<verb>
    <id> 初具规模 </id>
    <frameset id="f1">
        <role argnum="0" argrole="thing described"/>
        <frame>
            <mapping>
                <V/>
                <mapitem src="sbj" trg="arg0"/>
            </mapping>
            <example>
                <parse>
                    (IP (NP-SBJ (NN 网站)
                    (NN 建设))
                    (VP (ADVP (AD 已经))
                    (VP (VV 初具规模)))) 
                </parse>
                <arg n="0">
                    网站 建设 
                </arg>
                <arg n="m" f="adv">
                    已经 
                </arg>
                <V/>
            </example>
        </frame>
    </frameset>
</verb>
