<!DOCTYPE verb SYSTEM "verb.dtd">
<verb>
    <id> 出 </id>
    <frameset id="f1">
        <role argnum="0" argrole="entity going out"/>
        <role argnum="1" argrole="going out of"/>
        <frame>
            <mapping>
                <V/>
                <mapitem src="sbj" trg="arg0"/>
                <mapitem src="npobj" trg="arg1"/>
            </mapping>
            <example>
                <parse>
                    (IP (PP (P 随着)
                    (NP (DNP (NP-PN (NR 崇明)
                    (NN 海关)
                    (NN 办事处))
                    (DEG 的))
                    (NP (NN 设立))))
                    (PU ，)
                    (NP-SBJ (DNP (LCP (NP-PN (NR 崇明县))
                    (LC 内))
                    (DEG 的))
                    (NP (NN 单位)))
                    (VP (IP-ADV (NP-SBJ (NN 足))
                    (VP (ADVP (AD 不))
                    (VP (VV 出)
                    (NP-OBJ (NN 岛)))))
                    (ADVP (AD 就))
                    (VP (VV 可以)
                    (VP (VV 办理)
                    (NP-OBJ (DP (DT 一切))
                    (NP (NN 海关)
                    (NN 手续))))))) 
                    
                </parse>
                <arg n="0">
                    足 	  	  	  
                </arg>
                <arg n="1">
                    岛 	  	  	  
                </arg>
                <arg n="m" f="adv">
                    不 	  	  	  
                </arg>
            </example>
        </frame>
        <frame>
            <mapping>
                <V/>
                <mapitem src="sbj" trg="arg0"/>
            </mapping>
            <example>
                <parse>
                    (NP-OBJ (CP (WHNP-4 (-NONE- *OP*))
                    (CP (IP (NP-SBJ (-NONE- *T*-4))
                    (VP (VP (ADVP (AD 大))
                    (VP (VV 进)))
                    (VP (ADVP (AD 大))
                    (VP (VV 出)))))
                    (DEC 的)))
                    (NP (NN 加工业))) 
                    
                </parse>
                <arg n="0">
                    *T*-4 	  	  	  
                </arg>
                <arg n="m" f="adv">
                    大 	  	  	  
                </arg>
                <V/>
            </example>
        </frame>
        <frame>
            <mapping>
                <V/>
                <mapitem src="sbj" trg="arg0"/>
                <mapitem src="npobj" trg="arg1"/>
            </mapping>
            <example>
                <parse>
                    (IP (NP-SBJ (-NONE- *pro*))
                    (VP (ADVP (AD 真是))
                    (VP (VP (VV 出)
                    (NP-OBJ (PN 我))
                    (IP (NP-SBJ (-NONE- *PRO*))
                    (VP (ADVP (AD 不))
                    (VP (VV 意)))))
                    (PU ，)
                    (VP (VV 攻)
                    (NP-OBJ (PN 我))
                    (IP (NP-SBJ (-NONE- *PRO*))
                    (VP (ADVP (AD 不))
                    (VP (VV 备)))))))) 
                    
                </parse>
                <arg n="0">
                    *pro* 	  
                </arg>
                <arg n="1">
                    我 	  
                </arg>
                <arg n="1" f="prd">
                    *PRO* 不 意 	  
                </arg>
                <arg n="m" f="adv">
                    真是 	  
                </arg>
                <V/>
            </example>
        </frame>
        <frame>
            <mapping>
                <V/>
                <mapitem src="sbj" trg="arg0"/>
                <mapitem src="npobj" trg="arg0"/>
            </mapping>
            <example>
                <parse>
                    (IP (NP-SBJ (DNP (NP-PN (NR 美浓))
                    (DEG 的))
                    (IP-APP (NP-SBJ (-NONE- *PRO*))
                    (VP (VV 反)
                    (NP-OBJ (NN 水库))))
                    (NP (NN 运动)))
                    (PU ，)
                    (VP (ADVP (AD 不仅))
                    (VP (VV 让)
                    (NP-OBJ (NP-PN (NR 客家))
                    (NP (NN 妇女)))
                    (IP (NP-SBJ (-NONE- *PRO*))
                    (VP (VV 出)
                    (AS 了)
                    (NP-OBJ (NN 头))))))) 
                    
                </parse>
                <arg n="0" f="psr">
                    *PRO* 	  
                </arg>
                <arg n="0" f="pse">
                    头 	  
                </arg>
                <V/>
            </example>
        </frame>
        <frame>
            <mapping>
                <V/>
                <mapitem src="sbj" trg="arg0"/>
                <mapitem src="npobj" trg="arg0"/>
            </mapping>
            <example>
                <parse>
                    (IP (NP-SBJ (NP-APP (CP (WHNP-1 (-NONE- *OP*))
                    (CP (IP (NP-PN-SBJ (NR 日本)
                    (NR 新力))
                    (VP (VV 出产)
                    (NP-OBJ (-NONE- *T*-1))))
                    (DEC 的)))
                    (NP (NN 机器)
                    (NN 狗)))
                    (NP-PN (PU 「)
                    (NR 爱宝)
                    (PU 」)))
                    (PU ，)
                    (VP (PP-LOC (P 在)
                    (LCP (NP-PN (NR 台北)
                    (NN 国际)
                    (NN 资讯展))
                    (LC 中)))
                    (ADVP (AD 大))
                    (VP (VV 出)
                    (NP-OBJ (NN 锋头))))) 
                    
                </parse>
                <arg n="0" f="psr">
                    *OP* 日本 新力 出产 *T*-1 的 机器 狗 「 爱宝 」 	  
                </arg>
                <arg n="0" f="pse">
                    锋头 	  
                </arg>
                <arg n="m" f="adv">
                    大 	  
                </arg>
                <arg n="m" f="loc">
                    在 台北 国际 资讯展 中 	  
                </arg>
                <V/>
            </example>
        </frame>
    </frameset>
    <frameset id="f2">
        <role argnum="0" argrole="agent/cause"/>
        <role argnum="1" argrole="thing given/released"/>
        <role argnum="2" argrole="beneficiary"/>
        <frame>
            <mapping>
                <V/>
                <mapitem src="sbj" trg="arg0"/>
                <mapitem src="npobj" trg="arg1"/>
            </mapping>
            <example>
                <parse>
                    (IP (NP-SBJ (CP (WHNP-1 (-NONE- *OP*))
                    (CP (IP (NP-SBJ (-NONE- *T*-1))
                    (VP (QP-ADV (OD 第二)
                    (CLP (M 个)))
                    (VP (VV 出生))))
                    (DEC 的)))
                    (NP (NN 女婴)))
                    (VP (ADVP (AD 不断))
                    (PP-BNF (P 给)
                    (NP (NN 医生们)))
                    (VP (VV 出)
                    (NP-OBJ (NN 难题))))) 
                    
                </parse>
                <arg n="0">
                    *OP* *T*-1 第二 个 出生 的 女婴 	  	  	  
                </arg>
                <arg n="1">
                    难题 	  	  	  
                </arg>
                <arg n="2">
                    给 医生们 	  	  	  
                </arg>
                <arg n="m" f="adv">
                    不断 	  	  	  
                </arg>
            </example>
        </frame>
        <frame>
            <mapping>
                <V/>
                <mapitem src="sbj" trg="arg0"/>
                <mapitem src="npobj" trg="arg1"/>
                <mapitem src="other" trg="arg2"/>
            </mapping>
            <example>
                <parse>
                    (IP (IP-SBJ (IP (NP-TMP (NT 一九九三年))
                    (NP-PN-SBJ (NR 李安))
                    (VP (PP-MNR (P 以)
                    (NP-PN (PU 《)
                    (NN 喜宴)
                    (PU 》)))
                    (VP (VV 赢得)
                    (NP-OBJ (NP-PN (NR 柏林)
                    (NN 影展))
                    (NP (ADJP (JJ 金))
                    (NP (NN 熊)))
                    (NP (NN 奖))))))
                    (PU ，)
                    (IP (NP-TMP (NT 一九九四年)
                    (CC 与)
                    (NT 一九九七年))
                    (NP-PN-SBJ (NR 蔡明亮))
                    (VP (PP-MNR (P 以)
                    (UCP (IP-TTL (PU 《)
                    (NP-SBJ (NN 爱情))
                    (VP (QP-PRD (CD 万)
                    (CLP (M 岁))))
                    (PU 》))
                    (CC 与)
                    (NP-TTL (PU 《)
                    (NN 河流)
                    (PU 》))))
                    (ADVP (AD 分别))
                    (VP (VV 获得)
                    (NP-OBJ (NP (DNP (NP-PN (NR 威尼斯))
                    (DEG 的))
                    (NP (ADJP (JJ 金))
                    (NP (NN 狮)))
                    (NP (NN 奖)))
                    (CC 及)
                    (NP (DNP (NP-PN (NR 柏林))
                    (DEG 的))
                    (NP (ADJP (JJ 银))
                    (NP (NN 熊)))
                    (NP (NN 奖))))))))
                    (PU ，)
                    (VP (VP (PP-BNF (P 为)
                    (NP (CP (WHNP-1 (-NONE- *OP*))
                    (CP (IP (NP-SBJ (-NONE- *T*-1))
                    (VP (VA 低迷)))
                    (DEC 的)))
                    (NP (NN 本土)
                    (NP (NN 电影)
                    (NN 工业)))))
                    (VP (VV 出)
                    (AS 了)
                    (NP-OBJ (QP (CD 一)
                    (CLP (M 口)))
                    (NP (NN 气))))))) 
                    
                </parse>
                <arg n="0">
                    一九九三年 李安 以 《 喜宴 》 赢得 柏林 影展 金 熊 奖 ， 一九九四年 与 一九九七年 蔡明亮 以 《 爱情 万 岁 》 与 《 河流 》 分别 获得 威尼斯 的 金 狮 奖 及 柏林 的 银 熊 奖 	  
                </arg>
                <arg n="1">
                    一 口 气 	  
                </arg>
                <arg n="2">
                    为 *OP* *T*-1 低迷 的 本土 电影 工业 	  
                </arg>
            </example>
        </frame>
    </frameset>
    <frameset id="f3">
        <role argnum="0" argrole="publisher, writer"/>
        <role argnum="1" argrole="work, policy"/>
        <frame>
            <mapping>
                <V/>
                <mapitem src="sbj" trg="arg0"/>
            </mapping>
            <example>
                <parse>
                    (IP-OBJ (PU “)
                    (DP-TMP (DT 这)
                    (QP (CD 几)
                    (CLP (M 年))))
                    (NP-SBJ (DNP (PP (P 有关)
                    (NP (NN 证券)))
                    (DEG 的))
                    (NP (NN 法规)
                    (PU 、)
                    (NN 政策)))
                    (VP (VV 出)
                    (AS 了)
                    (QP-OBJ (CD 不少)))) 
                    
                </parse>
                <arg n="1">
                    有关 证券 的 法规 、 政策 	  	  	  
                </arg>
                <arg n="m" f="tmp">
                    这 几 年 	  	  	  
                </arg>
                <arg n="m" f="ext">
                    不少 	  	  	  
                </arg>
            </example>
        </frame>
    </frameset>
    <frameset id="f4">
        <role argnum="0" argrole="location"/>
        <role argnum="1" argrole="theme"/>
        <frame>
            <mapping>
                <V/>
                <mapitem src="sbj" trg="arg0"/>
                <mapitem src="npobj" trg="arg1"/>
            </mapping>
            <example>
                <parse>
                    (IP-OBJ (LCP-SBJ (NP (NN 农村)
                    (NN 政策)
                    (CC 和)
                    (NN 工作)
                    (NN 指导))
                    (LC 上))
                    (VP (VV 出)
                    (AS 了)
                    (NP-OBJ (NN 问题)))) 
                    
                </parse>
                <arg n="0">
                    农村 政策 和 工作 指导 上 	  	  	  
                </arg>
                <arg n="1">
                    问题 	  	  	  
                </arg>
            </example>
        </frame>
    </frameset>
    <frameset id="f5">
        <role argnum="0" argrole="theme"/>
        <role argnum="1" argrole="bound exceeded by arg0"/>
        <frame>
            <mapping>
                <V/>
                <mapitem src="sbj" trg="arg0"/>
                <mapitem src="npobj" trg="arg1"/>
            </mapping>
            <example>
                <parse>
                    (NP-SBJ-1 (ADVP (AD 仅))
                    (NP (PP (PP (P 由)
                    (NP-PN (NR 邢台)))
                    (PP (P 到)
                    (NP-PN (NR 内丘))))
                    (DNP (QP (CD 六十)
                    (CLP (M 里)))
                    (DEG 的))
                    (NP (NN 铁路))))
                    (PU ，)
                    (VP (IP-ADV (NP-SBJ (-NONE- *pro*))
                    (VP (ADVP (AD 不))
                    (VP (VV 出)
                    (QP-OBJ (CD 几)
                    (CLP (M 天))))))
                    (ADVP (AD 就))
                    (VP (SB 被)
                    (VP (VV 剥光)
                    (NP-OBJ (-NONE- *-1)))))) 
                    
                </parse>
                <arg n="0">
                    *pro* 	  	  
                </arg>
                <arg n="m" f="adv">
                    不	  
                </arg>
                <arg n="1">
                    几 天	  
                </arg>
            </example>
        </frame>
    </frameset>
    <frameset id="f6">
        <role argnum="0" argrole="agent"/>
        <role argnum="1" argrole="task"/>
        <frame>
            <mapping>
                <V/>
                <mapitem src="sbj" trg="arg0"/>
                <mapitem src="npobj" trg="arg1"/>
            </mapping>
            <example>
                <parse>
                    (NP-SBJ (PN 我))
                    (VP (PP-BNF (P 给)
                    (NP (PN 你)))
                    (ADVP (AD 免费))
                    (VP (VV 出)
                    (AS 了)
                    (NP-OBJ (QP (CD 一)
                    (CLP (M 趟)))
                    (NP (NN 诊))))) 
                    
                </parse>
                <arg n="0">
                    我 	  
                </arg>
                <arg n="m" f="bnf">
                    给 你	  
                </arg>
                <arg n="m" f="adv">
                    免费	  
                </arg>
                <arg n="1">
                    一 趟诊	  
                </arg>
            </example>
        </frame>
    </frameset>
</verb>
