<!DOCTYPE verb SYSTEM "verb.dtd">
<verb>
    <id> 出版 </id>
    <frameset id="f1">
        <role argnum="0" argrole="agent"/>
        <role argnum="1" argrole="publication"/>
        <frame>
            <mapping>
                <V/>
                <mapitem src="sbj" trg="arg0"/>
                <mapitem src="npobj" trg="arg1"/>
                <mapitem src="ext" trg="arg1"/>
            </mapping>
            <example>
                <parse>
                    (IP (NP-PN-SBJ (NR 中国))
                    (VP (PP-TMP (P 在)
                    (LCP (NP (DNP (QP (ADVP (AD 不到))
                    (QP (CD 二十)
                    (CLP (M 年))))
                    (DEG 的))
                    (NP (NN 时间)))
                    (LC 里)))
                    (ADVP (AD 就))
                    (VP (VV 出版)
                    (AS 了)
                    (NP-OBJ (CP (WHNP-1 (-NONE- *OP*))
                    (IP (NP-SBJ (-NONE- *pro*))
                    (VP (ADVP (AD 新))
                    (VP (VV 修)
                    (NP-OBJ (-NONE- *T*-1))))))
                    (NP (NN 志书)))
                    (QP-EXT (CD 三千多)
                    (CLP (M 种)))))) 
                </parse>
                <arg n="0">
                    中国 	  	  	  
                </arg>
                <arg n="M" f="TMP">
                    在 不到 二十 年 的 时间 里 	  	  	  
                </arg>
                <arg n="M" f="ADV">
                    就 	  	  	  
                </arg>
                <V/>
                <arg n="1">
                    *OP* *pro* 新 修 *T*-1 志书 	  	  
                </arg>
                <arg n="1" f="qty">
                    三千多 种 	  	  	  
                </arg>
            </example>
        </frame>
        <frame>
            <mapping>
                <V/>
                <mapitem src="sbj" trg="arg0"/>
                <mapitem src="npobj" trg="arg1"/>
            </mapping>
            <example>
                <parse>
                    (IP (NP-SBJ (NP-TTL (PU 《)
                    (ADJP (JJ 新))
                    (NP-PN (NR 中东))
                    (PU 》))
                    (NP (QP (CD 一))
                    (NP (NN 书)))
                    (NP (NN 中文版)))
                    (VP (NP-TMP (NT 近日))
                    (ADVP (AD 已))
                    (PP-LGS (P 由)
                    (NP-PN (NN 新华)
                    (NN 出版社)))
                    (VP (VCD (VV 出版)
                    (VV 发行))))
                    (PU 。)) 
                </parse>
                <arg n="0">
                    由 新华 出版社 	  	  
                </arg>
                <arg n="1">
                    《 新 中东 》 一 书 中文版 	  	  	  
                </arg>
                <arg n="M" f="TMP">
                    近日 	  	  	  
                </arg>
                <arg n="M" f="ADV">
                    已 	  	  	  
                </arg>
                <V/>
            </example>
        </frame>
        <frame>
            <mapping>
                <V/>
                <mapitem src="sbj" trg="arg1"/>
            </mapping>
            <example>
                <parse>
                    (IP-HLN (NP-PN-SBJ (NP (NT 一九九四年)
                    (NN 版))
                    (NP-TTL (PU 《)
                    (NP (NN 经济)
                    (NN 白皮书))
                    (PU ：)
                    (NP (NP (NP-PN (NR 中国))
                    (NP (NN 经济)
                    (NN 形势)))
                    (CC 与)
                    (NP (NN 展望)))
                    (PU 》)))
                    (VP (ADVP (AD 即将))
                    (VP (VV 出版)))) 
                </parse>
                <arg n="1">
                    一九九四年 版 《 经济 白皮书 ： 中国 经济 形势 与 展望 》 	  	  	  
                </arg>
                <arg n="M" f="ADV">
                    即将 	  	  	  
                </arg>
                <V/>
            </example>
        </frame>
    </frameset>
</verb>
