<!DOCTYPE verb SYSTEM "verb.dtd">
<verb>
    <id> 出场 </id>
    <frameset id="f1">
        <role argnum="0" argrole="agent"/>
        <frame>
            <mapping>
                <V/>
                <mapitem src="sbj" trg="arg0"/>
            </mapping>
            <example>
                <parse>
                    (IP (NP-TMP (NT 今天))
                    (NP-SBJ (PN 她))
                    (VP (QP-ADV (OD 第五)
                    (CLP (M 个)))
                    (VP (VV 出场)))) 
                </parse>
                <arg n="0">
                    她 
                </arg>
                <arg n="m" f="tmp">
                    今天 
                </arg>
                <arg n="m" f="adv">
                    第五 个 
                </arg>
                <V/>
            </example>
        </frame>
    </frameset>
</verb>
