<!DOCTYPE verb SYSTEM "verb.dtd">
<verb>
    <id> 出关 </id>
    <frameset id="f1">
        <role argnum="0" argrole="agent"/>
        <frame>
            <mapping>
                <V/>
                <mapitem src="sbj" trg="arg0"/>
            </mapping>
            <example>
                <parse>
                    (VP (PP-DIR (P 从)
                    (IP (NP-SBJ (-NONE- *PRO*))
                    (VP (VV 出关))))
                    (PP-DIR (P 到)
                    (IP (NP-SBJ (-NONE- *PRO*))
                    (VP (VV 进驻)
                    (NP-OBJ (NN 运动员村)))))
                    (ADVP (AD 均))
                    (ADVP (AD 十分))
                    (VP (VA 顺利))) 
                </parse>
                <arg n="0">
                    *PRO* 
                </arg>
                <V/>
            </example>
        </frame>
    </frameset>
</verb>
