<!DOCTYPE verb SYSTEM "verb.dtd">
<verb>
    <id> 出丑 </id>
    <frameset id="f1">
        <role argnum="0" argrole="theme"/>
        <frame>
            <mapping>
                <V/>
                <mapitem src="sbj" trg="arg0"/>
            </mapping>
            <example>
                <parse>
                    (IP-HLN (NP-SBJ (NP-PN (NR 利物浦)
                    (NN 足球队))
                    (ADJP (JJ 假面))
                    (NP (NN 舞会)))
                    (VP (VV 出丑))) 
                </parse>
                <arg n="0">
                    利物浦 足球队 假面 舞会 
                </arg>
                <V/>
            </example>
        </frame>
    </frameset>
</verb>
