<!DOCTYPE verb SYSTEM "verb.dtd">
<verb>
    <id> 出发 </id>
    <frameset id="f1">
        <role argnum="0" argrole="agent"/>
        <role argnum="1" argrole="starting from"/>
        <frame>
            <mapping>
                <V/>
                <mapitem src="sbj" trg="arg0"/>
                <mapitem src="dir" trg="arg1"/>
            </mapping>
            <example>
                <parse>
                    (IP-OBJ (IP-SBJ (NP-PN-SBJ (NR 张学良))
                    (VP (VV 建设)
                    (NP-OBJ (NN 东北))))
                    (VP (VP (VC 是)
                    (VP (PP-DIR (P 从)
                    (NP (CP (WHNP-1 (-NONE- *OP*))
                    (CP (IP (NP-SBJ (-NONE- *T*-1))
                    (VP (VA 强烈)))
                    (DEC 的)))
                    (NP (NN 爱国心))))
                    (VP (VV 出发))))
                    (PU ，)
                    (VP (VV 怀有)
                    (NP-OBJ (CP-APP (IP (NP-SBJ (-NONE- *PRO*))
                    (VP (VP (VV 捍卫)
                    (NP-OBJ (NN 国家)
                    (NN 权益)))
                    (PU ，)
                    (VP (VV 抵御)
                    (NP-OBJ (NN 外侮)))))
                    (DEC 的))
                    (NP (NN 目的)))))) 
                </parse>
                <arg n="0">
                    张学良 建设 东北 
                </arg>
                <arg n="1">
                    从 *OP* *T*-1 强烈 的 爱国心 
                </arg>
                <V/>
            </example>
        </frame>
        <frame>
            <mapping>
                <V/>
                <mapitem src="sbj" trg="arg0"/>
            </mapping>
            <example>
                <parse>
                    (PP-TMP (ADVP (AD 直))
                    (PP (P 到)
                    (LCP (IP (NP-SBJ (NN 代表团))
                    (VP (VV 出发)))
                    (LC 前))))
                </parse>
                <arg n="0">
                    代表团 
                </arg>
            </example>
        </frame>
    </frameset>
</verb>
