<!DOCTYPE verb SYSTEM "verb.dtd">
<verb>
    <id> 出厂 </id>
    <frameset id="f1">
        <role argnum="0" argrole="theme"/>
        <frame>
            <mapping>
                <V/>
                <mapitem src="sbj" trg="arg0"/>
            </mapping>
            <example>
                <parse>
                    (NP (DP (DT 所有))
                    (CP (WHNP-1 (-NONE- *OP*))
                    (CP (IP (NP-SBJ (-NONE- *T*-1))
                    (VP (ADVP (AD 新近))
                    (VP (VV 出厂))))
                    (DEC 的)))
                    (NP (NN 电脑)
                    (NN 键盘))) 
                </parse>
                <arg n="0">
                    *T*-1 
                </arg>
                <arg n="m" f="adv">
                    新近 
                </arg>
                <V/>
            </example>
        </frame>
    </frameset>
</verb>
