<!DOCTYPE verb SYSTEM "verb.dtd">
<verb>
    <id> 出兵 </id>
    <frameset id="f1">
        <role argnum="0" argrole="agent"/>
        <frame>
            <mapping>
                <V/>
                <mapitem src="sbj" trg="arg0"/>
            </mapping>
            <example>
                <parse>
                    (IP (PP-TMP (P 在)
                    (LCP (NP (DP (DT 此))
                    (NP (NN 危难)))
                    (LC 之际)))
                    (PU ，)
                    (NP-SBJ (NP-PN-APP (NR 安哥拉)
                    (PU 、)
                    (NR 津巴布韦)
                    (PU 、)
                    (NR 纳米比亚)
                    (ETC 等))
                    (NP (NN 国)))
                    (VP (NP-TMP (NT ８月)
                    (NN 下旬))
                    (ADVP (AD 先后))
                    (VP (VP (VV 出兵))
                    (VP (VV 支持)
                    (NP-OBJ (NP-PN (NR 卡比拉))
                    (NP (NN 政权))))))
                    (PU 。)) 
                </parse>
                <arg n="0">
                    安哥拉 、 津巴布韦 、 纳米比亚 等 国 
                </arg>
                <arg n="m" f="tmp">
                    在 此 危难 之际 
                </arg>
                <arg n="m" f="tmp">
                    ８月 下旬 
                </arg>
                <arg n="m" f="adv">
                    先后 
                </arg>
                <V/>
            </example>
        </frame>
    </frameset>
</verb>
